/*
 Navicat Premium Data Transfer

 Source Server         : localhost
 Source Server Type    : MySQL
 Source Server Version : 80034 (8.0.34)
 Source Host           : localhost:3306
 Source Schema         : xccj_office

 Target Server Type    : MySQL
 Target Server Version : 80034 (8.0.34)
 File Encoding         : 65001

 Date: 17/10/2024 16:40:15
*/

SET NAMES utf8mb4;
SET FOREIGN_KEY_CHECKS = 0;

-- ----------------------------
-- Table structure for bus_about_us
-- ----------------------------
DROP TABLE IF EXISTS `bus_about_us`;
CREATE TABLE `bus_about_us`  (
  `id` int NOT NULL AUTO_INCREMENT COMMENT '主键',
  `phone` varchar(32) CHARACTER SET utf8mb4 COLLATE utf8mb4_general_ci NOT NULL DEFAULT '' COMMENT '联系电话',
  `content` text CHARACTER SET utf8mb4 COLLATE utf8mb4_general_ci NOT NULL COMMENT '关于我们',
  PRIMARY KEY (`id`) USING BTREE
) ENGINE = InnoDB AUTO_INCREMENT = 2 CHARACTER SET = utf8mb4 COLLATE = utf8mb4_general_ci COMMENT = '关于我们表' ROW_FORMAT = DYNAMIC;

-- ----------------------------
-- Records of bus_about_us
-- ----------------------------
INSERT INTO `bus_about_us` VALUES (1, '15200000000', '<p><strong>智慧社区</strong></p>');

-- ----------------------------
-- Table structure for bus_assess
-- ----------------------------
DROP TABLE IF EXISTS `bus_assess`;
CREATE TABLE `bus_assess`  (
  `assess_id` bigint NOT NULL AUTO_INCREMENT COMMENT '主键id',
  `assess_name` varchar(64) CHARACTER SET utf8mb4 COLLATE utf8mb4_general_ci NOT NULL DEFAULT '' COMMENT '考核名称',
  `method_id` bigint NOT NULL DEFAULT 0 COMMENT '方法id，表xccj_office.bus_assess_method',
  `start_time` datetime NOT NULL DEFAULT CURRENT_TIMESTAMP COMMENT '开始时间',
  `end_time` datetime NOT NULL DEFAULT CURRENT_TIMESTAMP COMMENT '结束时间',
  `assess_enable` char(1) CHARACTER SET utf8mb4 COLLATE utf8mb4_general_ci NOT NULL DEFAULT '0' COMMENT '状态：0=启用，1=停用',
  `public_status` char(1) CHARACTER SET utf8mb4 COLLATE utf8mb4_general_ci NOT NULL DEFAULT '0' COMMENT '是否公示：0=否，1=是',
  `remark` varchar(1000) CHARACTER SET utf8mb4 COLLATE utf8mb4_general_ci NOT NULL DEFAULT '' COMMENT '考核说明',
  `create_by` varchar(64) CHARACTER SET utf8mb4 COLLATE utf8mb4_general_ci NOT NULL DEFAULT '' COMMENT '创建人',
  `create_time` datetime NOT NULL DEFAULT CURRENT_TIMESTAMP COMMENT '创建时间',
  `update_by` varchar(64) CHARACTER SET utf8mb4 COLLATE utf8mb4_general_ci NOT NULL DEFAULT '' COMMENT '更新人',
  `update_time` datetime NOT NULL DEFAULT CURRENT_TIMESTAMP COMMENT '更新时间 ',
  `del_flag` char(1) CHARACTER SET utf8mb4 COLLATE utf8mb4_general_ci NOT NULL DEFAULT '0' COMMENT '删除标记0：未删除1已删除',
  PRIMARY KEY (`assess_id`) USING BTREE
) ENGINE = InnoDB AUTO_INCREMENT = 10 CHARACTER SET = utf8mb4 COLLATE = utf8mb4_general_ci COMMENT = '考核管理' ROW_FORMAT = DYNAMIC;

-- ----------------------------
-- Records of bus_assess
-- ----------------------------
INSERT INTO `bus_assess` VALUES (1, '五月社区考核', 1, '2023-05-17 00:00:00', '2023-05-31 00:00:00', '0', '1', '全项目考核', 'system', '2023-05-17 16:03:09', '', '2023-05-17 16:03:09', '0');
INSERT INTO `bus_assess` VALUES (2, '五月社区考核02', 1, '2023-05-17 00:00:00', '2023-05-31 00:00:00', '0', '1', '五月社区考核02', 'system', '2023-05-17 16:03:45', '', '2023-05-17 16:03:45', '0');
INSERT INTO `bus_assess` VALUES (3, '五月社区考核03', 1, '2023-05-17 00:00:00', '2023-05-31 00:00:00', '0', '1', '测试考核投票功能', 'system', '2023-05-17 16:14:45', '', '2023-05-17 16:14:45', '0');
INSERT INTO `bus_assess` VALUES (4, '单日短期考核', 1, '2023-05-24 00:00:00', '2023-05-24 10:01:00', '0', '1', '单日短期考核单日短期考核', 'system', '2023-05-24 09:59:11', '', '2023-05-24 09:59:11', '0');
INSERT INTO `bus_assess` VALUES (5, '5.24单日全项目考核', 1, '2023-05-24 00:00:00', '2023-05-24 10:16:00', '0', '1', '5.24单日全项目考核', 'system', '2023-05-24 10:12:32', '', '2023-05-24 10:12:32', '0');
INSERT INTO `bus_assess` VALUES (6, '5.24一小时考核', 2, '2023-05-24 00:00:00', '2023-05-24 12:00:00', '0', '1', '中午12点截止', 'system', '2023-05-24 10:14:07', '', '2023-05-24 10:14:07', '0');
INSERT INTO `bus_assess` VALUES (7, '5.24-5.25', 1, '2023-05-24 00:00:00', '2023-05-25 00:00:00', '0', '0', '5.24-5.25', 'system', '2023-05-24 10:17:45', '', '2023-05-24 10:17:45', '0');
INSERT INTO `bus_assess` VALUES (8, '当天晚上结束的考核', 1, '2023-05-24 00:00:00', '2023-05-24 23:00:00', '0', '0', '当天晚上结束的考核', 'system', '2023-05-24 14:19:09', '', '2023-05-24 14:19:09', '0');
INSERT INTO `bus_assess` VALUES (9, '六月长期考核', 1, '2023-06-12 00:00:00', '2024-07-01 00:00:00', '0', '0', '考核说明', 'system', '2023-06-12 14:24:59', '', '2023-06-12 14:24:59', '0');

-- ----------------------------
-- Table structure for bus_assess_estate
-- ----------------------------
DROP TABLE IF EXISTS `bus_assess_estate`;
CREATE TABLE `bus_assess_estate`  (
  `assess_id` bigint NOT NULL DEFAULT 0 COMMENT '考核id，表xccj_office.bus_assess',
  `estate_id` bigint NOT NULL DEFAULT 0 COMMENT '物业id，表xccj_community.bus_estate',
  `estate_name` varchar(64) CHARACTER SET utf8mb4 COLLATE utf8mb4_general_ci NOT NULL DEFAULT '' COMMENT '物业名称',
  `assess_score` decimal(10, 2) NULL DEFAULT NULL COMMENT '线下考核得分',
  `create_by` varchar(64) CHARACTER SET utf8mb4 COLLATE utf8mb4_general_ci NOT NULL DEFAULT '' COMMENT '评分人',
  `create_time` datetime NULL DEFAULT NULL COMMENT '评分时间'
) ENGINE = InnoDB CHARACTER SET = utf8mb4 COLLATE = utf8mb4_general_ci COMMENT = '考核管理-物业关联表' ROW_FORMAT = DYNAMIC;

-- ----------------------------
-- Records of bus_assess_estate
-- ----------------------------
INSERT INTO `bus_assess_estate` VALUES (1, 2, '测试物业_01', NULL, '', NULL);
INSERT INTO `bus_assess_estate` VALUES (2, 2, '测试物业_01', NULL, '', NULL);
INSERT INTO `bus_assess_estate` VALUES (3, 2, '测试物业_01', NULL, '', NULL);
INSERT INTO `bus_assess_estate` VALUES (4, 2, '测试物业_01', NULL, '', NULL);
INSERT INTO `bus_assess_estate` VALUES (5, 2, '测试物业_01', NULL, '', NULL);
INSERT INTO `bus_assess_estate` VALUES (6, 2, '测试物业_01', 100.00, 'system', '2023-05-24 10:15:45');
INSERT INTO `bus_assess_estate` VALUES (7, 2, '测试物业_01', NULL, '', NULL);
INSERT INTO `bus_assess_estate` VALUES (8, 2, '测试物业_01', NULL, '', NULL);
INSERT INTO `bus_assess_estate` VALUES (9, 1, '宣城城建智能科技', NULL, '', NULL);
INSERT INTO `bus_assess_estate` VALUES (9, 2, '测试物业_01', 100.00, 'system', '2023-06-12 14:32:29');
INSERT INTO `bus_assess_estate` VALUES (9, 3, '测试集团总部', NULL, '', NULL);
INSERT INTO `bus_assess_estate` VALUES (9, 4, '测试物业公司', NULL, '', NULL);
INSERT INTO `bus_assess_estate` VALUES (9, 5, '安徽科建物业服务有限公司', NULL, '', NULL);
INSERT INTO `bus_assess_estate` VALUES (9, 6, '宣城市城建物业服务有限公司', NULL, '', NULL);

-- ----------------------------
-- Table structure for bus_assess_item
-- ----------------------------
DROP TABLE IF EXISTS `bus_assess_item`;
CREATE TABLE `bus_assess_item`  (
  `method_id` bigint NOT NULL DEFAULT 0 COMMENT '方法id，表xccj_office.bus_assess_method',
  `standard_id` bigint NOT NULL DEFAULT 0 COMMENT '项目id，表xccj_office.bus_standard',
  `score_rate` decimal(10, 2) NOT NULL COMMENT '得分占比'
) ENGINE = InnoDB CHARACTER SET = utf8mb4 COLLATE = utf8mb4_general_ci COMMENT = '考核通用方法-考核项目关联表' ROW_FORMAT = DYNAMIC;

-- ----------------------------
-- Records of bus_assess_item
-- ----------------------------
INSERT INTO `bus_assess_item` VALUES (2, 1, 10.00);
INSERT INTO `bus_assess_item` VALUES (2, 7, 100.00);
INSERT INTO `bus_assess_item` VALUES (1, 1, 10.00);
INSERT INTO `bus_assess_item` VALUES (1, 2, 10.00);
INSERT INTO `bus_assess_item` VALUES (1, 3, 10.00);
INSERT INTO `bus_assess_item` VALUES (1, 4, 10.00);
INSERT INTO `bus_assess_item` VALUES (1, 5, 10.00);
INSERT INTO `bus_assess_item` VALUES (1, 6, 10.00);
INSERT INTO `bus_assess_item` VALUES (1, 9, 10.00);
INSERT INTO `bus_assess_item` VALUES (1, 8, 10.00);
INSERT INTO `bus_assess_item` VALUES (1, 7, 10.00);
INSERT INTO `bus_assess_item` VALUES (1, 10, 10.00);

-- ----------------------------
-- Table structure for bus_assess_method
-- ----------------------------
DROP TABLE IF EXISTS `bus_assess_method`;
CREATE TABLE `bus_assess_method`  (
  `method_id` bigint NOT NULL AUTO_INCREMENT COMMENT '主键id',
  `method_name` varchar(64) CHARACTER SET utf8mb4 COLLATE utf8mb4_general_ci NOT NULL DEFAULT '' COMMENT '考核方法名称',
  `remark` varchar(1000) CHARACTER SET utf8mb4 COLLATE utf8mb4_general_ci NOT NULL DEFAULT '' COMMENT '考核说明',
  `create_by` varchar(64) CHARACTER SET utf8mb4 COLLATE utf8mb4_general_ci NOT NULL DEFAULT '' COMMENT '创建人',
  `create_time` datetime NOT NULL DEFAULT CURRENT_TIMESTAMP COMMENT '创建时间',
  `update_by` varchar(64) CHARACTER SET utf8mb4 COLLATE utf8mb4_general_ci NOT NULL DEFAULT '' COMMENT '更新人',
  `update_time` datetime NOT NULL DEFAULT CURRENT_TIMESTAMP COMMENT '更新时间 ',
  `del_flag` char(1) CHARACTER SET utf8mb4 COLLATE utf8mb4_general_ci NOT NULL DEFAULT '0' COMMENT '删除标记0：未删除1已删除',
  PRIMARY KEY (`method_id`) USING BTREE
) ENGINE = InnoDB AUTO_INCREMENT = 3 CHARACTER SET = utf8mb4 COLLATE = utf8mb4_general_ci COMMENT = '考核通用方法' ROW_FORMAT = DYNAMIC;

-- ----------------------------
-- Records of bus_assess_method
-- ----------------------------
INSERT INTO `bus_assess_method` VALUES (1, '5月份全项目考核', '5月份全项目考核，各占10%。', 'system', '2023-05-12 15:59:48', 'system', '2023-10-29 21:09:31', '0');
INSERT INTO `bus_assess_method` VALUES (2, '333', '11', 'system', '2023-10-27 16:23:03', '', '2023-10-27 16:23:03', '0');

-- ----------------------------
-- Table structure for bus_banner
-- ----------------------------
DROP TABLE IF EXISTS `bus_banner`;
CREATE TABLE `bus_banner`  (
  `id` bigint NOT NULL AUTO_INCREMENT COMMENT '主键',
  `banner_title` varchar(128) CHARACTER SET utf8mb4 COLLATE utf8mb4_general_ci NOT NULL DEFAULT '' COMMENT '轮播图名称',
  `target_type` char(1) CHARACTER SET utf8mb4 COLLATE utf8mb4_general_ci NOT NULL DEFAULT '' COMMENT '跳转类型,0=外部链接,1=文章详情',
  `target_url` varchar(255) CHARACTER SET utf8mb4 COLLATE utf8mb4_general_ci NULL DEFAULT '' COMMENT '跳转链接',
  `content` text CHARACTER SET utf8mb4 COLLATE utf8mb4_general_ci NULL COMMENT '详情',
  `show` char(1) CHARACTER SET utf8mb4 COLLATE utf8mb4_general_ci NOT NULL DEFAULT '0' COMMENT '显示/隐藏, 0=隐藏,1=显示,默认为0',
  `banner_url` varchar(255) CHARACTER SET utf8mb4 COLLATE utf8mb4_general_ci NOT NULL DEFAULT '' COMMENT '轮播图地址',
  `create_time` datetime NOT NULL COMMENT '创建时间',
  `create_by` varchar(32) CHARACTER SET utf8mb4 COLLATE utf8mb4_general_ci NOT NULL DEFAULT '' COMMENT '创建人',
  `update_time` datetime NOT NULL COMMENT '修改时间',
  `update_by` varchar(32) CHARACTER SET utf8mb4 COLLATE utf8mb4_general_ci NOT NULL DEFAULT '' COMMENT '修改人',
  `del_flag` char(1) CHARACTER SET utf8mb4 COLLATE utf8mb4_general_ci NOT NULL DEFAULT '0' COMMENT '删除标记,0=未删除,1=已删除',
  PRIMARY KEY (`id`) USING BTREE
) ENGINE = InnoDB AUTO_INCREMENT = 2 CHARACTER SET = utf8mb4 COLLATE = utf8mb4_general_ci COMMENT = '轮播图表' ROW_FORMAT = DYNAMIC;

-- ----------------------------
-- Records of bus_banner
-- ----------------------------
INSERT INTO `bus_banner` VALUES (1, '轮播01', '0', 'www.baidu.com', NULL, '1', 'http://gov.szcjzhxq.com:8084/profile/image/2023/05/15/426_20230515094046A003.jpg', '2023-05-15 09:40:37', 'system', '2023-05-15 09:40:53', 'system', '0');

-- ----------------------------
-- Table structure for bus_bulletin
-- ----------------------------
DROP TABLE IF EXISTS `bus_bulletin`;
CREATE TABLE `bus_bulletin`  (
  `bulletin_id` bigint NOT NULL AUTO_INCREMENT COMMENT '主键id',
  `bulletin_title` varchar(64) CHARACTER SET utf8mb4 COLLATE utf8mb4_general_ci NOT NULL DEFAULT '' COMMENT '标题',
  `content` longtext CHARACTER SET utf8mb4 COLLATE utf8mb4_general_ci NULL COMMENT '公示内容',
  `status` char(1) CHARACTER SET utf8mb4 COLLATE utf8mb4_general_ci NOT NULL DEFAULT '0' COMMENT '发布状态：0=未发布，1=已发布，2=已撤回',
  `release_time` datetime NOT NULL DEFAULT CURRENT_TIMESTAMP COMMENT '发布时间',
  `remark` varchar(1000) CHARACTER SET utf8mb4 COLLATE utf8mb4_general_ci NOT NULL DEFAULT '' COMMENT '备注',
  `create_by` varchar(20) CHARACTER SET utf8mb4 COLLATE utf8mb4_general_ci NOT NULL DEFAULT '' COMMENT '创建人',
  `create_time` datetime NOT NULL DEFAULT CURRENT_TIMESTAMP COMMENT '创建时间',
  `update_by` varchar(20) CHARACTER SET utf8mb4 COLLATE utf8mb4_general_ci NOT NULL DEFAULT '' COMMENT '更新人',
  `update_time` datetime NOT NULL DEFAULT CURRENT_TIMESTAMP COMMENT '更新时间 ',
  `del_flag` char(1) CHARACTER SET utf8mb4 COLLATE utf8mb4_general_ci NOT NULL DEFAULT '0' COMMENT '删除标记0：未删除1已删除',
  PRIMARY KEY (`bulletin_id`) USING BTREE
) ENGINE = InnoDB AUTO_INCREMENT = 4 CHARACTER SET = utf8mb4 COLLATE = utf8mb4_general_ci COMMENT = '物业通报公告' ROW_FORMAT = DYNAMIC;

-- ----------------------------
-- Records of bus_bulletin
-- ----------------------------
INSERT INTO `bus_bulletin` VALUES (1, '智慧社区服务费降低10%', '<p>智慧社区服务费降低10%</p>', '1', '2023-05-12 16:02:26', '', 'system', '2023-05-12 16:02:21', '', '2023-05-12 16:02:21', '0');
INSERT INTO `bus_bulletin` VALUES (2, '测试物业通报公告的字数限制', '<p>发布于测试物业及宣城市城建物业服务公司。发布于测试物业及宣城市城建物业服务公司。发布于测试物业及宣城市城建物业服务公司。发布于测试物业及宣城市城建物业服务公司。发布于测试物业及宣城市城建物业服务公司。发布于测试物业及宣城市城建物业服务公司。发布于测试物业及宣城市城建物业服务公司。发布于测试物业及宣城市城建物业服务公司。发布于测试物业及宣城市城建物业服务公司。发布于测试物业及宣城市城建物业服务公司。发布于测试物业及宣城市城建物业服务公司。发布于测试物业及宣城市城建物业服务公司。发布于测试物业及宣城市城建物业服务公司。发布于测试物业及宣城市城建物业服务公司。发布于测试物业及宣城市城建物业服务公司。发布于测试物业及宣城市城建物业服务公司。发布于测试物业及宣城市城建物业服务公司。发布于测试物业及宣城市城建物业服务公司。发布于测试物业及宣城市城建物业服务公司。发布于测试物业及宣城市城建物业服务公司。发布于测试物业及宣城市城建物业服务公司。发布于测试物业及宣城市城建物业服务公司。发布于测试物业及宣城市城建物业服务公司。发布于测试物业及宣城市城建物业服务公司。发布于测试物业及宣城市城建物业服务公司。发布于测试物业及宣城市城建物业服务公司。发布于测试物业及宣城市城建物业服务公司。发布于测试物业及宣城市城建物业服务公司。发布于测试物业及宣城市城建物业服务公司。发布于测试物业及宣城市城建物业服务公司。发布于测试物业及宣城市城建物业服务公司。发布于测试物业及宣城市城建物业服务公司。发布于测试物业及宣城市城建物业服务公司。发布于测试物业及宣城市城建物业服务公司。发布于测试物业及宣城市城建物业服务公司。发布于测试物业及宣城市城建物业服务公司。发布于测试物业及宣城市城建物业服务公司。发布于测试物业及宣城市城建物业服务公司。发布于测试物业及宣城市城建物业服务公司。发布于测试物业及宣城市城建物业服务公司。发布于测试物业及宣城市城建物业服务公司。发布于测试物业及宣城市城建物业服务公司。发布于测试物业及宣城市城建物业服务公司。发布于测试物业及宣城市城建物业服务公司。发布于测试物业及宣城市城建物业服务公司。发布于测试物业及宣城市城建物业服务公司。发布于测试物业及宣城市城建物业服务公司。发布于测试物业及宣城市城建物业服务公司。发布于测试物业及宣城市城建物业服务公司。发布于测试物业及宣城市城建物业服务公司。发布于测试物业及宣城市城建物业服务公司。发布于测试物业及宣城市城建物业服务公司。发布于测试物业及宣城市城建物业服务公司。发布于测试物业及宣城市城建物业服务公司。发布于测试物业及宣城市城建物业服务公司。发布于测试物业及宣城市城建物业服务公司。发布于测试物业及宣城市城建物业服务公司。发布于测试物业及宣城市城建物业服务公司。发布于测试物业及宣城市城建物业服务公司。发布于测试物业及宣城市城建物业服务公司。发布于测试物业及宣城市城建物业服务公司。发布于测试物业及宣城市城建物业服务公司。发布于测试物业及宣城市城建物业服务公司。发布于测试物业及宣城市城建物业服务公司。发布于测试物业及宣城市城建物业服务公司。发布于测试物业及宣城市城建物业服务公司。发布于测试物业及宣城市城建物业服务公司。发布于测试物业及宣城市城建物业服务公司。发布于测试物业及宣城市城建物业服务公司。发布于测试物业及宣城市城建物业服务公司。发布于测试物业及宣城市城建物业服务公司。发布于测试物业及宣城市城建物业服务公司。发布于测试物业及宣城市城建物业服务公司。发布于测试物业及宣城市城建物业服务公司。发布于测试物业及宣城市城建物业服务公司。发布于测试物业及宣城市城建物业服务公司。发布于测试物业及宣城市城建物业服务公司。发布于测试物业及宣城市城建物业服务公司。发布于测试物业及宣城市城建物业服务公司。发布于测试物业及宣城市城建物业服务公司。发布于测试物业及宣城市城建物业服务公司。发布于测试物业及宣城市城建物业服务公司。发布于测试物业及宣城市城建物业服务公司。发布于测试物业及宣城市城建物业服务公司。发布于测试物业及宣城市城建物业服务公司。发布于测试物业及宣城市城建物业服务公司。发布于测试物业及宣城市城建物业服务公司。发布于测试物业及宣城市城建物业服务公司。发布于测试物业及宣城市城建物业服务公司。发布于测试物业及宣城市城建物业服务公司。发布于测试物业及宣城市城建物业服务公司。发布于测试物业及宣城市城建物业服务公司。发布于测试物业及宣城市城建物业服务公司。发布于测试物业及宣城市城建物业服务公司。发布于测试物业及宣城市城建物业服务公司。发布于测试物业及宣城市城建物业服务公司。发布于测试物业及宣城市城建物业服务公司。发布于测试物业及宣城市城建物业服务公司。发布于测试物业及宣城市城建物业服务公司。发布于测试物业及宣城市城建物业服务公司。发布于测试物业及宣城市城建物业服务公司。发布于测试物业及宣城市城建物业服务公司。发布于测试物业及宣城市城建物业服务公司。发布于测试物业及宣城市城建物业服务公司。发布于测试物业及宣城市城建物业服务公司。发布于测试物业及宣城市城建物业服务公司。发布于测试物业及宣城市城建物业服务公司。发布于测试物业及宣城市城建物业服务公司。发布于测试物业及宣城市城建物业服务公司。发布于测试物业及宣城市城建物业服务公司。发布于测试物业及宣城市城建物业服务公司。发布于测试物业及宣城市城建物业服务公司。发布于测试物业及宣城市城建物业服务公司。发布于测试物业及宣城市城建物业服务公司。发布于测试物业及宣城市城建物业服务公司。发布于测试物业及宣城市城建物业服务公司。发布于测试物业及宣城市城建物业服务公司。发布于测试物业及宣城市城建物业服务公司。发布于测试物业及宣城市城建物业服务公司。发布于测试物业及宣城市城建物业服务公司。发布于测试物业及宣城市城建物业服务公司。发布于测试物业及宣城市城建物业服务公司。发布于测试物业及宣城市城建物业服务公司。发布于测试物业及宣城市城建物业服务公司。发布于测试物业及宣城市城建物业服务公司。发布于测试物业及宣城市城建物业服务公司。发布于测试物业及宣城市城建物业服务公司。发布于测试物业及宣城市城建物业服务公司。发布于测试物业及宣城市城建物业服务公司。发布于测试物业及宣城市城建物业服务公司。发布于测试物业及宣城市城建物业服务公司。发布于测试物业及宣城市城建物业服务公司。发布于测试物业及宣城市城建物业服务公司。发布于测试物业及宣城市城建物业服务公司。发布于测试物业及宣城市城建物业服务公司。发布于测试物业及宣城市城建物业服务公司。发布于测试物业及宣城市城建物业服务公司。发布于测试物业及宣城市城建物业服务公司。发布于测试物业及宣城市城建物业服务公司。发布于测试物业及宣城市城建物业服务公司。发布于测试物业及宣城市城建物业服务公司。发布于测试物业及宣城市城建物业服务公司。发布于测试物业及宣城市城建物业服务公司。发布于测试物业及宣城市城建物业服务公司。发布于测试物业及宣城市城建物业服务公司。发布于测试物业及宣城市城建物业服务公司。发布于测试物业及宣城市城建物业服务公司。发布于测试物业及宣城市城建物业服务公司。发布于测试物业及宣城市城建物业服务公司。发布于测试物业及宣城市城建物业服务公司。发布于测试物业及宣城市城建物业服务公司。发布于测试物业及宣城市城建物业服务公司。发布于测试物业及宣城市城建物业服务公司。发布于测试物业及宣城市城建物业服务公司。发布于测试物业及宣城市城建物业服务公司。发布于测试物业及宣城市城建物业服务公司。发布于测试物业及宣城市城建物业服务公司。发布于测试物业及宣城市城建物业服务公司。发布于测试物业及宣城市城建物业服务公司。发布于测试物业及宣城市城建物业服务公司。发布于测试物业及宣城市城建物业服务公司。发布于测试物业及宣城市城建物业服务公司。发布于测试物业及宣城市城建物业服务公司。发布于测试物业及宣城市城建物业服务公司。发布于测试物业及宣城市城建物业服务公司。发布于测试物业及宣城市城建物业服务公司。发布于测试物业及宣城市城建物业服务公司。发布于测试物业及宣城市城建物业服务公司。发布于测试物业及宣城市城建物业服务公司。发布于测试物业及宣城市城建物业服务公司。发布于测试物业及宣城市城建物业服务公司。发布于测试物业及宣城市城建物业服务公司。发布于测试物业及宣城市城建物业服务公司。发布于测试物业及宣城市城建物业服务公司。发布于测试物业及宣城市城建物业服务公司。发布于测试物业及宣城市城建物业服务公司。发布于测试物业及宣城市城建物业服务公司。发布于测试物业及宣城市城建物业服务公司。发布于测试物业及宣城市城建物业服务公司。发布于测试物业及宣城市城建物业服务公司。发布于测试物业及宣城市城建物业服务公司。发布于测试物业及宣城市城建物业服务公司。发布于测试物业及宣城市城建物业服务公司。发布于测试物业及宣城市城建物业服务公司。发布于测试物业及宣城市城建物业服务公司。发布于测试物业及宣城市城建物业服务公司。发布于测试物业及宣城市城建物业服务公司。发布于测试物业及宣城市城建物业服务公司。发布于测试物业及宣城市城建物业服务公司。发布于测试物业及宣城市城建物业服务公司。发布于测试物业及宣城市城建物业服务公司。发布于测试物业及宣城市城建物业服务公司。发布于测试物业及宣城市城建物业服务公司。发布于测试物业及宣城市城建物业服务公司。发布于测试物业及宣城市城建物业服务公司。发布于测试物业及宣城市城建物业服务公司。发布于测试物业及宣城市城建物业服务公司。发布于测试物业及宣城市城建物业服务公司。发布于测试物业及宣城市城建物业服务公司。发布于测试物业及宣城市城建物业服务公司。发布于测试物业及宣城市城建物业服务公司。发布于测试物业及宣城市城建物业服务公司。发布于测试物业及宣城市城建物业服务公司。发布于测试物业及宣城市城建物业服务公司。发布于测试物业及宣城市城建物业服务公司。发布于测试物业及宣城市城建物业服务公司。发布于测试物业及宣城市城建物业服务公司。发布于测试物业及宣城市城建物业服务公司。发布于测试物业及宣城市城建物业服务公司。发布于测试物业及宣城市城建物业服务公司。发布于测试物业及宣城市城建物业服务公司。发布于测试物业及宣城市城建物业服务公司。发布于测试物业及宣城市城建物业服务公司。发布于测试物业及宣城市城建物业服务公司。发布于测试物业及宣城市城建物业服务公司。发布于测试物业及宣城市城建物业服务公司。发布于测试物业及宣城市城建物业服务公司。发布于测试物业及宣城市城建物业服务公司。发布于测试物业及宣城市城建物业服务公司。发布于测试物业及宣城市城建物业服务公司。发布于测试物业及宣城市城建物业服务公司。发布于测试物业及宣城市城建物业服务公司。发布于测试物业及宣城市城建物业服务公司。发布于测试物业及宣城市城建物业服务公司。发布于测试物业及宣城市城建物业服务公司。发布于测试物业及宣城市城建物业服务公司。发布于测试物业及宣城市城建物业服务公司。发布于测试物业及宣城市城建物业服务公司。发布于测试物业及宣城市城建物业服务公司。发布于测试物业及宣城市城建物业服务公司。发布于测试物业及宣城市城建物业服务公司。发布于测试物业及宣城市城建物业服务公司。发布于测试物业及宣城市城建物业服务公司。发布于测试物业及宣城市城建物业服务公司。发布于测试物业及宣城市城建物业服务公司。发布于测试物业及宣城市城建物业服务公司。发布于测试物业及宣城市城建物业服务公司。发布于测试物业及宣城市城建物业服务公司。发布于测试物业及宣城市城建物业服务公司。发布于测试物业及宣城市城建物业服务公司。发布于测试物业及宣城市城建物业服务公司。发布于测试物业及宣城市城建物业服务公司。发布于测试物业及宣城市城建物业服务公司。发布于测试物业及宣城市城建物业服务公司。发布于测试物业及宣城市城建物业服务公司。发布于测试物业及宣城市城建物业服务公司。发布于测试物业及宣城市城建物业服务公司。发布于测试物业及宣城市城建物业服务公司。发布于测试物业及宣城市城建物业服务公司。发布于测试物业及宣城市城建物业服务公司。发布于测试物业及宣城市城建物业服务公司。发布于测试物业及宣城市城建物业服务公司。发布于测试物业及宣城市城建物业服务公司。发布于测试物业及宣城市城建物业服务公司。发布于测试物业及宣城市城建物业服务公司。发布于测试物业及宣城市城建物业服务公司。发布于测试物业及宣城市城建物业服务公司。发布于测试物业及宣城市城建物业服务公司。发布于测试物业及宣城市城建物业服务公司。发布于测试物业及宣城市城建物业服务公司。发布于测试物业及宣城市城建物业服务公司。发布于测试物业及宣城市城建物业服务公司。发布于测试物业及宣城市城建物业服务公司。发布于测试物业及宣城市城建物业服务公司。发布于测试物业及宣城市城建物业服务公司。发布于测试物业及宣城市城建物业服务公司。发布于测试物业及宣城市城建物业服务公司。发布于测试物业及宣城市城建物业服务公司。发布于测试物业及宣城市城建物业服务公司。发布于测试物业及宣城市城建物业服务公司。发布于测试物业及宣城市城建物业服务公司。发布于测试物业及宣城市城建物业服务公司。发布于测试物业及宣城市城建物业服务公司。发布于测试物业及宣城市城建物业服务公司。发布于测试物业及宣城市城建物业服务公司。发布于测试物业及宣城市城建物业服务公司。发布于测试物业及宣城市城建物业服务公司。发布于测试物业及宣城市城建物业服务公司。发布于测试物业及宣城市城建物业服务公司。发布于测试物业及宣城市城建物业服务公司。发布于测试物业及宣城市城建物业服务公司。发布于测试物业及宣城市城建物业服务公司。发布于测试物业及宣城市城建物业服务公司。发布于测试物业及宣城市城建物业服务公司。发布于测试物业及宣城市城建物业服务公司。发布于测试物业及宣城市城建物业服务公司。发布于测试物业及宣城市城建物业服务公司。发布于测试物业及宣城市城建物业服务公司。发布于测试物业及宣城市城建物业服务公司。发布于测试物业及宣城市城建物业服务公司。发布于测试物业及宣城市城建物业服务公司。发布于测试物业及宣城市城建物业服务公司。发布于测试物业及宣城市城建物业服务公司。发布于测试物业及宣城市城建物业服务公司。发布于测试物业及宣城市城建物业服务公司。发布于测试物业及宣城市城建物业服务公司。发布于测试物业及宣城市城建物业服务公司。发布于测试物业及宣城市城建物业服务公司。发布于测试物业及宣城市城建物业服务公司。发布于测试物业及宣城市城建物业服务公司。发布于测试物业及宣城市城建物业服务公司。发布于测试物业及宣城市城建物业服务公司。发布于测试物业及宣城市城建物业服务公司。发布于测试物业及宣城市城建物业服务公司。发布于测试物业及宣城市城建物业服务公司。发布于测试物业及宣城市城建物业服务公司。发布于测试物业及宣城市城建物业服务公司。发布于测试物业及宣城市城建物业服务公司。发布于测试物业及宣城市城建物业服务公司。发布于测试物业及宣城市城建物业服务公司。发布于测试物业及宣城市城建物业服务公司。发布于测试物业及宣城市城建物业服务公司。发布于测试物业及宣城市城建物业服务公司。发布于测试物业及宣城市城建物业服务公司。发布于测试物业及宣城市城建物业服务公司。发布于测试物业及宣城市城建物业服务公司。发布于测试物业及宣城市城建物业服务公司。发布于测试物业及宣城市城建物业服务公司。发布于测试物业及宣城市城建物业服务公司。发布于测试物业及宣城市城建物业服务公司。发布于测试物业及宣城市城建物业服务公司。发布于测试物业及宣城市城建物业服务公司。发布于测试物业及宣城市城建物业服务公司。发布于测试物业及宣城市城建物业服务公司。发布于测试物业及宣城市城建物业服务公司。发布于测试物业及宣城市城建物业服务公司。发布于测试物业及宣城市城建物业服务公司。发布于测试物业及宣城市城建物业服务公司。发布于测试物业及宣城市城建物业服务公司。发布于测试物业及宣城市城建物业服务公司。发布于测试物业及宣城市城建物业服务公司。发布于测试物业及宣城市城建物业服务公司。发布于测试物业及宣城市城建物业服务公司。发布于测试物业及宣城市城建物业服务公司。发布于测试物业及宣城市城建物业服务公司。发布于测试物业及宣城市城建物业服务公司。发布于测试物业及宣城市城建物业服务公司。发布于测试物业及宣城市城建物业服务公司。发布于测试物业及宣城市城建物业服务公司。发布于测试物业及宣城市城建物业服务公司。发布于测试物业及宣城市城建物业服务公司。发布于测试物业及宣城市城建物业服务公司。发布于测试物业及宣城市城建物业服务公司。发布于测试物业及宣城市城建物业服务公司。发布于测试物业及宣城市城建物业服务公司。发布于测试物业及宣城市城建物业服务公司。发布于测试物业及宣城市城建物业服务公司。发布于测试物业及宣城市城建物业服务公司。发布于测试物业及宣城市城建物业服务公司。发布于测试物业及宣城市城建物业服务公司。发布于测试物业及宣城市城建物业服务公司。发布于测试物业及宣城市城建物业服务公司。发布于测试物业及宣城市城建物业服务公司。发布于测试物业及宣城市城建物业服务公司。发布于测试物业及宣城市城建物业服务公司。发布于测试物业及宣城市城建物业服务公司。发布于测试物业及宣城市城建物业服务公司。发布于测试物业及宣城市城建物业服务公司。发布于测试物业及宣城市城建物业服务公司。发布于测试物业及宣城市城建物业服务公司。发布于测试物业及宣城市城建物业服务公司。发布于测试物业及宣城市城建物业服务公司。发布于测试物业及宣城市城建物业服务公司。发布于测试物业及宣城市城建物业服务公司。发布于测试物业及宣城市城建物业服务公司。发布于测试物业及宣城市城建物业服务公司。发布于测试物业及宣城市城建物业服务公司。发布于测试物业及宣城市城建物业服务公司。发布于测试物业及宣城市城建物业服务公司。发布于测试物业及宣城市城建物业服务公司。发布于测试物业及宣城市城建物业服务公司。发布于测试物业及宣城市城建物业服务公司。发布于测试物业及宣城市城建物业服务公司。发布于测试物业及宣城市城建物业服务公司。发布于测试物业及宣城市城建物业服务公司。发布于测试物业及宣城市城建物业服务公司。发布于测试物业及宣城市城建物业服务公司。发布于测试物业及宣城市城建物业服务公司。发布于测试物业及宣城市城建物业服务公司。发布于测试物业及宣城市城建物业服务公司。发布于测试物业及宣城市城建物业服务公司。发布于测试物业及宣城市城建物业服务公司。发布于测试物业及宣城市城建物业服务公司。发布于测试物业及宣城市城建物业服务公司。发布于测试物业及宣城市城建物业服务公司。发布于测试物业及宣城市城建物业服务公司。发布于测试物业及宣城市城建物业服务公司。发布于测试物业及宣城市城建物业服务公司。发布于测试物业及宣城市城建物业服务公司。发布于测试物业及宣城市城建物业服务公司。发布于测试物业及宣城市城建物业服务公司。发布于测试物业及宣城市城建物业服务公司。发布于测试物业及宣城市城建物业服务公司。发布于测试物业及宣城市城建物业服务公司。发布于测试物业及宣城市城建物业服务公司。发布于测试物业及宣城市城建物业服务公司。发布于测试物业及宣城市城建物业服务公司。发布于测试物业及宣城市城建物业服务公司。发布于测试物业及宣城市城建物业服务公司。发布于测试物业及宣城市城建物业服务公司。发布于测试物业及宣城市城建物业服务公司。发布于测试物业及宣城市城建物业服务公司。发布于测试物业及宣城市城建物业服务公司。发布于测试物业及宣城市城建物业服务公司。发布于测试物业及宣城市城建物业服务公司。发布于测试物业及宣城市城建物业服务公司。发布于测试物业及宣城市城建物业服务公司。发布于测试物业及宣城市城建物业服务公司。发布于测试物业及宣城市城建物业服务公司。发布于测试物业及宣城市城建物业服务公司。发布于测试物业及宣城市城建物业服务公司。发布于测试物业及宣城市城建物业服务公司。发布于测试物业及宣城市城建物业服务公司。发布于测试物业及宣城市城建物业服务公司。发布于测试物业及宣城市城建物业服务公司。发布于测试物业及宣城市城建物业服务公司。发布于测试物业及宣城市城建物业服务公司。发布于测试物业及宣城市城建物业服务公司。发布于测试物业及宣城市城建物业服务公司。发布于测试物业及宣城市城建物业服务公司。发布于测试物业及宣城市城建物业服务公司。发布于测试物业及宣城市城建物业服务公司。发布于测试物业及宣城市城建物业服务公司。发布于测试物业及宣城市城建物业服务公司。发布于测试物业及宣城市城建物业服务公司。发布于测试物业及宣城市城建物业服务公司。发布于测试物业及宣城市城建物业服务公司。发布于测试物业及宣城市城建物业服务公司。发布于测试物业及宣城市城建物业服务公司。发布于测试物业及宣城市城建物业服务公司。发布于测试物业及宣城市城建物业服务公司。发布于测试物业及宣城市城建物业服务公司。发布于测试物业及宣城市城建物业服务公司。发布于测试物业及宣城市城建物业服务公司。发布于测试物业及宣城市城建物业服务公司。发布于测试物业及宣城市城建物业服务公司。发布于测试物业及宣城市城建物业服务公司。发布于测试物业及宣城市城建物业服务公司。发布于测试物业及宣城市城建物业服务公司。发布于测试物业及宣城市城建物业服务公司。发布于测试物业及宣城市城建物业服务公司。发布于测试物业及宣城市城建物业服务公司。发布于测试物业及宣城市城建物业服务公司。发布于测试物业及宣城市城建物业服务公司。发布于测试物业及宣城市城建物业服务公司。发布于测试物业及宣城市城建物业服务公司。发布于测试物业及宣城市城建物业服务公司。发布于测试物业及宣城市城建物业服务公司。发布于测试物业及宣城市城建物业服务公司。发布于测试物业及宣城市城建物业服务公司。发布于测试物业及宣城市城建物业服务公司。发布于测试物业及宣城市城建物业服务公司。发布于测试物业及宣城市城建物业服务公司。发布于测试物业及宣城市城建物业服务公司。发布于测试物业及宣城市城建物业服务公司。发布于测试物业及宣城市城建物业服务公司。发布于测试物业及宣城市城建物业服务公司。发布于测试物业及宣城市城建物业服务公司。发布于测试物业及宣城市城建物业服务公司。发布于测试物业及宣城市城建物业服务公司。发布于测试物业及宣城市城建物业服务公司。发布于测试物业及宣城市城建物业服务公司。发布于测试物业及宣城市城建物业服务公司。发布于测试物业及宣城市城建物业服务公司。发布于测试物业及宣城市城建物业服务公司。发布于测试物业及宣城市城建物业服务公司。发布于测试物业及宣城市城建物业服务公司。发布于测试物业及宣城市城建物业服务公司。发布于测试物业及宣城市城建物业服务公司。发布于测试物业及宣城市城建物业服务公司。发布于测试物业及宣城市城建物业服务公司。发布于测试物业及宣城市城建物业服务公司。发布于测试物业及宣城市城建物业服务公司。发布于测试物业及宣城市城建物业服务公司。发布于测试物业及宣城市城建物业服务公司。发布于测试物业及宣城市城建物业服务公司。发布于测试物业及宣城市城建物业服务公司。发布于测试物业及宣城市城建物业服务公司。发布于测试物业及宣城市城建物业服务公司。发布于测试物业及宣城市城建物业服务公司。发布于测试物业及宣城市城建物业服务公司。发布于测试物业及宣城市城建物业服务公司。发布于测试物业及宣城市城建物业服务公司。发布于测试物业及宣城市城建物业服务公司。发布于测试物业及宣城市城建物业服务公司。发布于测试物业及宣城市城建物业服务公司。发布于测试物业及宣城市城建物业服务公司。发布于测试物业及宣城市城建物业服务公司。发布于测试物业及宣城市城建物业服务公司。发布于测试物业及宣城市城建物业服务公司。发布于测试物业及宣城市城建物业服务公司。发布于测试物业及宣城市城建物业服务公司。发布于测试物业及宣城市城建物业服务公司。发布于测试物业及宣城市城建物业服务公司。发布于测试物业及宣城市城建物业服务公司。发布于测试物业及宣城市城建物业服务公司。发布于测试物业及宣城市城建物业服务公司。发布于测试物业及宣城市城建物业服务公司。发布于测试物业及宣城市城建物业服务公司。发布于测试物业及宣城市城建物业服务公司。发布于测试物业及宣城市城建物业服务公司。发布于测试物业及宣城市城建物业服务公司。发布于测试物业及宣城市城建物业服务公司。发布于测试物业及宣城市城建物业服务公司。发布于测试物业及宣城市城建物业服务公司。发布于测试物业及宣城市城建物业服务公司。发布于测试物业及宣城市城建物业服务公司。发布于测试物业及宣城市城建物业服务公司。发布于测试物业及宣城市城建物业服务公司。发布于测试物业及宣城市城建物业服务公司。发布于测试物业及宣城市城建物业服务公司。发布于测试物业及宣城市城建物业服务公司。发布于测试物业及宣城市城建物业服务公司。发布于测试物业及宣城市城建物业服务公司。发布于测试物业及宣城市城建物业服务公司。发布于测试物业及宣城市城建物业服务公司。发布于测试物业及宣城市城建物业服务公司。发布于测试物业及宣城市城建物业服务公司。发布于测试物业及宣城市城建物业服务公司。发布于测试物业及宣城市城建物业服务公司。发布于测试物业及宣城市城建物业服务公司。发布于测试物业及宣城市城建物业服务公司。发布于测试物业及宣城市城建物业服务公司。发布于测试物业及宣城市城建物业服务公司。发布于测试物业及宣城市城建物业服务公司。发布于测试物业及宣城市城建物业服务公司。发布于测试物业及宣城市城建物业服务公司。发布于测试物业及宣城市城建物业服务公司。发布于测试物业及宣城市城建物业服务公司。发布于测试物业及宣城市城建物业服务公司。发布于测试物业及宣城市城建物业服务公司。发布于测试物业及宣城市城建物业服务公司。发布于测试物业及宣城市城建物业服务公司。发布于测试物业及宣城市城建物业服务公司。发布于测试物业及宣城市城建物业服务公司。发布于测试物业及宣城市城建物业服务公司。发布于测试物业及宣城市城建物业服务公司。发布于测试物业及宣城市城建物业服务公司。发布于测试物业及宣城市城建物业服务公司。发布于测试物业及宣城市城建物业服务公司。发布于测试物业及宣城市城建物业服务公司。发布于测试物业及宣城市城建物业服务公司。发布于测试物业及宣城市城建物业服务公司。发布于测试物业及宣城市城建物业服务公司。发布于测试物业及宣城市城建物业服务公司。发布于测试物业及宣城市城建物业服务公司。发布于测试物业及宣城市城建物业服务公司。发布于测试物业及宣城市城建物业服务公司。发布于测试物业及宣城市城建物业服务公司。发布于测试物业及宣城市城建物业服务公司。发布于测试物业及宣城市城建物业服务公司。发布于测试物业及宣城市城建物业服务公司。发布于测试物业及宣城市城建物业服务公司。发布于测试物业及宣城市城建物业服务公司。发布于测试物业及宣城市城建物业服务公司。发布于测试物业及宣城市城建物业服务公司。发布于测试物业及宣城市城建物业服务公司。发布于测试物业及宣城市城建物业服务公司。发布于测试物业及宣城市城建物业服务公司。发布于测试物业及宣城市城建物业服务公司。发布于测试物业及宣城市城建物业服务公司。发布于测试物业及宣城市城建物业服务公司。发布于测试物业及宣城市城建物业服务公司。发布于测试物业及宣城市城建物业服务公司。发布于测试物业及宣城市城建物业服务公司。发布于测试物业及宣城市城建物业服务公司。发布于测试物业及宣城市城建物业服务公司。发布于测试物业及宣城市城建物业服务公司。发布于测试物业及宣城市城建物业服务公司。发布于测试物业及宣城市城建物业服务公司。发布于测试物业及宣城市城建物业服务公司。发布于测试物业及宣城市城建物业服务公司。发布于测试物业及宣城市城建物业服务公司。发布于测试物业及宣城市城建物业服务公司。发布于测试物业及宣城市城建物业服务公司。发布于测试物业及宣城市城建物业服务公司。发布于测试物业及宣城市城建物业服务公司。发布于测试物业及宣城市城建物业服务公司。发布于测试物业及宣城市城建物业服务公司。发布于测试物业及宣城市城建物业服务公司。发布于测试物业及宣城市城建物业服务公司。发布于测试物业及宣城市城建物业服务公司。发布于测试物业及宣城市城建物业服务公司。发布于测试物业及宣城市城建物业服务公司。发布于测试物业及宣城市城建物业服务公司。发布于测试物业及宣城市城建物业服务公司。发布于测试物业及宣城市城建物业服务公司。发布于测试物业及宣城市城建物业服务公司。发布于测试物业及宣城市城建物业服务公司。发布于测试物业及宣城市城建物业服务公司。发布于测试物业及宣城市城建物业服务公司。发布于测试物业及宣城市城建物业服务公司。发布于测试物业及宣城市城建物业服务公司。发布于测试物业及宣城市城建物业服务公司。发布于测试物业及宣城市城建物业服务公司。发布于测试物业及宣城市城建物业服务公司。发布于测试物业及宣城市城建物业服务公司。发布于测试物业及宣城市城建物业服务公司。发布于测试物业及宣城市城建物业服务公司。发布于测试物业及宣城市城建物业服务公司。发布于测试物业及宣城市城建物业服务公司。发布于测试物业及宣城市城建物业服务公司。发布于测试物业及宣城市城建物业服务公司。发布于测试物业及宣城市城建物业服务公司。发布于测试物业及宣城市城建物业服务公司。发布于测试物业及宣城市城建物业服务公司。发布于测试物业及宣城市城建物业服务公司。发布于测试物业及宣城市城建物业服务公司。发布于测试物业及宣城市城建物业服务公司。发布于测试物业及宣城市城建物业服务公司。发布于测试物业及宣城市城建物业服务公司。发布于测试物业及宣城市城建物业服务公司。发布于测试物业及宣城市城建物业服务公司。发布于测试物业及宣城市城建物业服务公司。发布于测试物业及宣城市城建物业服务公司。发布于测试物业及宣城市城建物业服务公司。发布于测试物业及宣城市城建物业服务公司。发布于测试物业及宣城市城建物业服务公司。发布于测试物业及宣城市城建物业服务公司。发布于测试物业及宣城市城建物业服务公司。发布于测试物业及宣城市城建物业服务公司。发布于测试物业及宣城市城建物业服务公司。发布于测试物业及宣城市城建物业服务公司。发布于测试物业及宣城市城建物业服务公司。发布于测试物业及宣城市城建物业服务公司。发布于测试物业及宣城市城建物业服务公司。发布于测试物业及宣城市城建物业服务公司。发布于测试物业及宣城市城建物业服务公司。发布于测试物业及宣城市城建物业服务公司。发布于测试物业及宣城市城建物业服务公司。发布于测试物业及宣城市城建物业服务公司。发布于测试物业及宣城市城建物业服务公司。发布于测试物业及宣城市城建物业服务公司。发布于测试物业及宣城市城建物业服务公司。发布于测试物业及宣城市城建物业服务公司。发布于测试物业及宣城市城建物业服务公司。发布于测试物业及宣城市城建物业服务公司。发布于测试物业及宣城市城建物业服务公司。发布于测试物业及宣城市城建物业服务公司。发布于测试物业及宣城市城建物业服务公司。发布于测试物业及宣城市城建物业服务公司。发布于测试物业及宣城市城建物业服务公司。发布于测试物业及宣城市城建物业服务公司。发布于测试物业及宣城市城建物业服务公司。发布于测试物业及宣城市城建物业服务公司。发布于测试物业及宣城市城建物业服务公司。发布于测试物业及宣城市城建物业服务公司。发布于测试物业及宣城市城建物业服务公司。发布于测试物业及宣城市城建物业服务公司。发布于测试物业及宣城市城建物业服务公司。发布于测试物业及宣城市城建物业服务公司。发布于测试物业及宣城市城建物业服务公司。发布于测试物业及宣城市城建物业服务公司。发布于测试物业及宣城市城建物业服务公司。发布于测试物业及宣城市城建物业服务公司。发布于测试物业及宣城市城建物业服务公司。发布于测试物业及宣城市城建物业服务公司。发布于测试物业及宣城市城建物业服务公司。发布于测试物业及宣城市城建物业服务公司。发布于测试物业及宣城市城建物业服务公司。发布于测试物业及宣城市城建物业服务公司。发布于测试物业及宣城市城建物业服务公司。发布于测试物业及宣城市城建物业服务公司。发布于测试物业及宣城市城建物业服务公司。发布于测试物业及宣城市城建物业服务公司。发布于测试物业及宣城市城建物业服务公司。发布于测试物业及宣城市城建物业服务公司。发布于测试物业及宣城市城建物业服务公司。发布于测试物业及宣城市城建物业服务公司。发布于测试物业及宣城市城建物业服务公司。发布于测试物业及宣城市城建物业服务公司。发布于测试物业及宣城市城建物业服务公司。发布于测试物业及宣城市城建物业服务公司。发布于测试物业及宣城市城建物业服务公司。发布于测试物业及宣城市城建物业服务公司。发布于测试物业及宣城市城建物业服务公司。发布于测试物业及宣城市城建物业服务公司。发布于测试物业及宣城市城建物业服务公司。发布于测试物业及宣城市城建物业服务公司。发布于测试物业及宣城市城建物业服务公司。发布于测试物业及宣城市城建物业服务公司。发布于测试物业及宣城市城建物业服务公司。发布于测试物业及宣城市城建物业服务公司。发布于测试物业及宣城市城建物业服务公司。发布于测试物业及宣城市城建物业服务公司。发布于测试物业及宣城市城建物业服务公司。发布于测试物业及宣城市城建物业服务公司。发布于测试物业及宣城市城建物业服务公司。发布于测试物业及宣城市城建物业服务公司。发布于测试物业及宣城市城建物业服务公司。发布于测试物业及宣城市城建物业服务公司。发布于测试物业及宣城市城建物业服务公司。发布于测试物业及宣城市城建物业服务公司。发布于测试物业及宣城市城建物业服务公司。发布于测试物业及宣城市城建物业服务公司。发布于测试物业及宣城市城建物业服务公司。发布于测试物业及宣城市城建物业服务公司。发布于测试物业及宣城市城建物业服务公司。发布于测试物业及宣城市城建物业服务公司。发布于测试物业及宣城市城建物业服务公司。发布于测试物业及宣城市城建物业服务公司。发布于测试物业及宣城市城建物业服务公司。发布于测试物业及宣城市城建物业服务公司。发布于测试物业及宣城市城建物业服务公司。发布于测试物业及宣城市城建物业服务公司。发布于测试物业及宣城市城建物业服务公司。发布于测试物业及宣城市城建物业服务公司。发布于测试物业及宣城市城建物业服务公司。发布于测试物业及宣城市城建物业服务公司。发布于测试物业及宣城市城建物业服务公司。发布于测试物业及宣城市城建物业服务公司。发布于测试物业及宣城市城建物业服务公司。发布于测试物业及宣城市城建物业服务公司。发布于测试物业及宣城市城建物业服务公司。发布于测试物业及宣城市城建物业服务公司。发布于测试物业及宣城市城建物业服务公司。发布于测试物业及宣城市城建物业服务公司。发布于测试物业及宣城市城建物业服务公司。发布于测试物业及宣城市城建物业服务公司。发布于测试物业及宣城市城建物业服务公司。发布于测试物业及宣城市城建物业服务公司。发布于测试物业及宣城市城建物业服务公司。发布于测试物业及宣城市城建物业服务公司。发布于测试物业及宣城市城建物业服务公司。发布于测试物业及宣城市城建物业服务公司。发布于测试物业及宣城市城建物业服务公司。发布于测试物业及宣城市城建物业服务公司。发布于测试物业及宣城市城建物业服务公司。发布于测试物业及宣城市城建物业服务公司。发布于测试物业及宣城市城建物业服务公司。发布于测试物业及宣城市城建物业服务公司。发布于测试物业及宣城市城建物业服务公司。发布于测试物业及宣城市城建物业服务公司。发布于测试物业及宣城市城建物业服务公司。发布于测试物业及宣城市城建物业服务公司。发布于测试物业及宣城市城建物业服务公司。发布于测试物业及宣城市城建物业服务公司。发布于测试物业及宣城市城建物业服务公司。发布于测试物业及宣城市城建物业服务公司。发布于测试物业及宣城市城建物业服务公司。发布于测试物业及宣城市城建物业服务公司。发布于测试物业及宣城市城建物业服务公司。发布于测试物业及宣城市城建物业服务公司。发布于测试物业及宣城市城建物业服务公司。发布于测试物业及宣城市城建物业服务公司。发布于测试物业及宣城市城建物业服务公司。发布于测试物业及宣城市城建物业服务公司。发布于测试物业及宣城市城建物业服务公司。发布于测试物业及宣城市城建物业服务公司。发布于测试物业及宣城市城建物业服务公司。发布于测试物业及宣城市城建物业服务公司。发布于测试物业及宣城市城建物业服务公司。发布于测试物业及宣城市城建物业服务公司。发布于测试物业及宣城市城建物业服务公司。发布于测试物业及宣城市城建物业服务公司。发布于测试物业及宣城市城建物业服务公司。发布于测试物业及宣城市城建物业服务公司。发布于测试物业及宣城市城建物业服务公司。发布于测试物业及宣城市城建物业服务公司。发布于测试物业及宣城市城建物业服务公司。发布于测试物业及宣城市城建物业服务公司。发布于测试物业及宣城市城建物业服务公司。发布于测试物业及宣城市城建物业服务公司。发布于测试物业及宣城市城建物业服务公司。发布于测试物业及宣城市城建物业服务公司。发布于测试物业及宣城市城建物业服务公司。发布于测试物业及宣城市城建物业服务公司。发布于测试物业及宣城市城建物业服务公司。发布于测试物业及宣城市城建物业服务公司。发布于测试物业及宣城市城建物业服务公司。发布于测试物业及宣城市城建物业服务公司。发布于测试物业及宣城市城建物业服务公司。发布于测试物业及宣城市城建物业服务公司。发布于测试物业及宣城市城建物业服务公司。发布于测试物业及宣城市城建物业服务公司。发布于测试物业及宣城市城建物业服务公司。发布于测试物业及宣城市城建物业服务公司。发布于测试物业及宣城市城建物业服务公司。发布于测试物业及宣城市城建物业服务公司。发布于测试物业及宣城市城建物业服务公司。发布于测试物业及宣城市城建物业服务公司。发布于测试物业及宣城市城建物业服务公司。发布于测试物业及宣城市城建物业服务公司。发布于测试物业及宣城市城建物业服务公司。发布于测试物业及宣城市城建物业服务公司。发布于测试物业及宣城市城建物业服务公司。发布于测试物业及宣城市城建物业服务公司。发布于测试物业及宣城市城建物业服务公司。发布于测试物业及宣城市城建物业服务公司。发布于测试物业及宣城市城建物业服务公司。发布于测试物业及宣城市城建物业服务公司。发布于测试物业及宣城市城建物业服务公司。发布于测试物业及宣城市城建物业服务公司。发布于测试物业及宣城市城建物业服务公司。发布于测试物业及宣城市城建物业服务公司。发布于测试物业及宣城市城建物业服务公司。发布于测试物业及宣城市城建物业服务公司。发布于测试物业及宣城市城建物业服务公司。发布于测试物业及宣城市城建物业服务公司。发布于测试物业及宣城市城建物业服务公司。发布于测试物业及宣城市城建物业服务公司。发布于测试物业及宣城市城建物业服务公司。发布于测试物业及宣城市城建物业服务公司。发布于测试物业及宣城市城建物业服务公司。发布于测试物业及宣城市城建物业服务公司。发布于测试物业及宣城市城建物业服务公司。发布于测试物业及宣城市城建物业服务公司。发布于测试物业及宣城市城建物业服务公司。发布于测试物业及宣城市城建物业服务公司。发布于测试物业及宣城市城建物业服务公司。发布于测试物业及宣城市城建物业服务公司。发布于测试物业及宣城市城建物业服务公司。发布于测试物业及宣城市城建物业服务公司。发布于测试物业及宣城市城建物业服务公司。发布于测试物业及宣城市城建物业服务公司。发布于测试物业及宣城市城建物业服务公司。发布于测试物业及宣城市城建物业服务公司。发布于测试物业及宣城市城建物业服务公司。发布于测试物业及宣城市城建物业服务公司。发布于测试物业及宣城市城建物业服务公司。发布于测试物业及宣城市城建物业服务公司。发布于测试物业及宣城市城建物业服务公司。发布于测试物业及宣城市城建物业服务公司。发布于测试物业及宣城市城建物业服务公司。发布于测试物业及宣城市城建物业服务公司。发布于测试物业及宣城市城建物业服务公司。发布于测试物业及宣城市城建物业服务公司。发布于测试物业及宣城市城建物业服务公司。发布于测试物业及宣城市城建物业服务公司。发布于测试物业及宣城市城建物业服务公司。发布于测试物业及宣城市城建物业服务公司。发布于测试物业及宣城市城建物业服务公司。发布于测试物业及宣城市城建物业服务公司。发布于测试物业及宣城市城建物业服务公司。发布于测试物业及宣城市城建物业服务公司。发布于测试物业及宣城市城建物业服务公司。发布于测试物业及宣城市城建物业服务公司。发布于测试物业及宣城市城建物业服务公司。发布于测试物业及宣城市城建物业服务公司。发布于测试物业及宣城市城建物业服务公司。发布于测试物业及宣城市城建物业服务公司。发布于测试物业及宣城市城建物业服务公司。发布于测试物业及宣城市城建物业服务公司。发布于测试物业及宣城市城建物业服务公司。发布于测试物业及宣城市城建物业服务公司。发布于测试物业及宣城市城建物业服务公司。发布于测试物业及宣城市城建物业服务公司。发布于测试物业及宣城市城建物业服务公司。发布于测试物业及宣城市城建物业服务公司。发布于测试物业及宣城市城建物业服务公司。发布于测试物业及宣城市城建物业服务公司。发布于测试物业及宣城市城建物业服务公司。发布于测试物业及宣城市城建物业服务公司。发布于测试物业及宣城市城建物业服务公司。发布于测试物业及宣城市城建物业服务公司。发布于测试物业及宣城市城建物业服务公司。发布于测试物业及宣城市城建物业服务公司。发布于测试物业及宣城市城建物业服务公司。发布于测试物业及宣城市城建物业服务公司。发布于测试物业及宣城市城建物业服务公司。发布于测试物业及宣城市城建物业服务公司。发布于测试物业及宣城市城建物业服务公司。发布于测试物业及宣城市城建物业服务公司。发布于测试物业及宣城市城建物业服务公司。发布于测试物业及宣城市城建物业服务公司。发布于测试物业及宣城市城建物业服务公司。发布于测试物业及宣城市城建物业服务公司。发布于测试物业及宣城市城建物业服务公司。发布于测试物业及宣城市城建物业服务公司。发布于测试物业及宣城市城建物业服务公司。发布于测试物业及宣城市城建物业服务公司。发布于测试物业及宣城市城建物业服务公司。发布于测试物业及宣城市城建物业服务公司。发布于测试物业及宣城市城建物业服务公司。发布于测试物业及宣城市城建物业服务公司。发布于测试物业及宣城市城建物业服务公司。发布于测试物业及宣城市城建物业服务公司。发布于测试物业及宣城市城建物业服务公司。发布于测试物业及宣城市城建物业服务公司。发布于测试物业及宣城市城建物业服务公司。发布于测试物业及宣城市城建物业服务公司。发布于测试物业及宣城市城建物业服务公司。发布于测试物业及宣城市城建物业服务公司。发布于测试物业及宣城市城建物业服务公司。发布于测试物业及宣城市城建物业服务公司。发布于测试物业及宣城市城建物业服务公司。发布于测试物业及宣城市城建物业服务公司。发布于测试物业及宣城市城建物业服务公司。发布于测试物业及宣城市城建物业服务公司。发布于测试物业及宣城市城建物业服务公司。发布于测试物业及宣城市城建物业服务公司。发布于测试物业及宣城市城建物业服务公司。发布于测试物业及宣城市城建物业服务公司。发布于测试物业及宣城市城建物业服务公司。发布于测试物业及宣城市城建物业服务公司。发布于测试物业及宣城市城建物业服务公司。发布于测试物业及宣城市城建物业服务公司。发布于测试物业及宣城市城建物业服务公司。发布于测试物业及宣城市城建物业服务公司。发布于测试物业及宣城市城建物业服务公司。发布于测试物业及宣城市城建物业服务公司。发布于测试物业及宣城市城建物业服务公司。发布于测试物业及宣城市城建物业服务公司。发布于测试物业及宣城市城建物业服务公司。发布于测试物业及宣城市城建物业服务公司。发布于测试物业及宣城市城建物业服务公司。发布于测试物业及宣城市城建物业服务公司。发布于测试物业及宣城市城建物业服务公司。发布于测试物业及宣城市城建物业服务公司。发布于测试物业及宣城市城建物业服务公司。发布于测试物业及宣城市城建物业服务公司。发布于测试物业及宣城市城建物业服务公司。发布于测试物业及宣城市城建物业服务公司。发布于测试物业及宣城市城建物业服务公司。发布于测试物业及宣城市城建物业服务公司。发布于测试物业及宣城市城建物业服务公司。发布于测试物业及宣城市城建物业服务公司。发布于测试物业及宣城市城建物业服务公司。发布于测试物业及宣城市城建物业服务公司。发布于测试物业及宣城市城建物业服务公司。发布于测试物业及宣城市城建物业服务公司。发布于测试物业及宣城市城建物业服务公司。发布于测试物业及宣城市城建物业服务公司。发布于测试物业及宣城市城建物业服务公司。发布于测试物业及宣城市城建物业服务公司。发布于测试物业及宣城市城建物业服务公司。发布于测试物业及宣城市城建物业服务公司。发布于测试物业及宣城市城建物业服务公司。发布于测试物业及宣城市城建物业服务公司。发布于测试物业及宣城市城建物业服务公司。发布于测试物业及宣城市城建物业服务公司。发布于测试物业及宣城市城建物业服务公司。发布于测试物业及宣城市城建物业服务公司。发布于测试物业及宣城市城建物业服务公司。发布于测试物业及宣城市城建物业服务公司。发布于测试物业及宣城市城建物业服务公司。发布于测试物业及宣城市城建物业服务公司。发布于测试物业及宣城市城建物业服务公司。发布于测试物业及宣城市城建物业服务公司。发布于测试物业及宣城市城建物业服务公司。发布于测试物业及宣城市城建物业服务公司。发布于测试物业及宣城市城建物业服务公司。发布于测试物业及宣城市城建物业服务公司。发布于测试物业及宣城市城建物业服务公司。发布于测试物业及宣城市城建物业服务公司。发布于测试物业及宣城市城建物业服务公司。发布于测试物业及宣城市城建物业服务公司。发布于测试物业及宣城市城建物业服务公司。发布于测试物业及宣城市城建物业服务公司。发布于测试物业及宣城市城建物业服务公司。发布于测试物业及宣城市城建物业服务公司。发布于测试物业及宣城市城建物业服务公司。发布于测试物业及宣城市城建物业服务公司。发布于测试物业及宣城市城建物业服务公司。发布于测试物业及宣城市城建物业服务公司。发布于测试物业及宣城市城建物业服务公司。发布于测试物业及宣城市城建物业服务公司。发布于测试物业及宣城市城建物业服务公司。发布于测试物业及宣城市城建物业服务公司。发布于测试物业及宣城市城建物业服务公司。发布于测试物业及宣城市城建物业服务公司。发布于测试物业及宣城市城建物业服务公司。发布于测试物业及宣城市城建物业服务公司。发布于测试物业及宣城市城建物业服务公司。发布于测试物业及宣城市城建物业服务公司。发布于测试物业及宣城市城建物业服务公司。发布于测试物业及宣城市城建物业服务公司。发布于测试物业及宣城市城建物业服务公司。发布于测试物业及宣城市城建物业服务公司。发布于测试物业及宣城市城建物业服务公司。发布于测试物业及宣城市城建物业服务公司。发布于测试物业及宣城市城建物业服务公司。发布于测试物业及宣城市城建物业服务公司。发布于测试物业及宣城市城建物业服务公司。发布于测试物业及宣城市城建物业服务公司。发布于测试物业及宣城市城建物业服务公司。发布于测试物业及宣城市城建物业服务公司。发布于测试物业及宣城市城建物业服务公司。发布于测试物业及宣城市城建物业服务公司。发布于测试物业及宣城市城建物业服务公司。发布于测试物业及宣城市城建物业服务公司。发布于测试物业及宣城市城建物业服务公司。发布于测试物业及宣城市城建物业服务公司。发布于测试物业及宣城市城建物业服务公司。发布于测试物业及宣城市城建物业服务公司。发布于测试物业及宣城市城建物业服务公司。发布于测试物业及宣城市城建物业服务公司。发布于测试物业及宣城市城建物业服务公司。发布于测试物业及宣城市城建物业服务公司。发布于测试物业及宣城市城建物业服务公司。发布于测试物业及宣城市城建物业服务公司。发布于测试物业及宣城市城建物业服务公司。发布于测试物业及宣城市城建物业服务公司。发布于测试物业及宣城市城建物业服务公司。发布于测试物业及宣城市城建物业服务公司。发布于测试物业及宣城市城建物业服务公司。发布于测试物业及宣城市城建物业服务公司。发布于测试物业及宣城市城建物业服务公司。发布于测试物业及宣城市城建物业服务公司。发布于测试物业及宣城市城建物业服务公司。发布于测试物业及宣城市城建物业服务公司。发布于测试物业及宣城市城建物业服务公司。发布于测试物业及宣城市城建物业服务公司。发布于测试物业及宣城市城建物业服务公司。发布于测试物业及宣城市城建物业服务公司。发布于测试物业及宣城市城建物业服务公司。发布于测试物业及宣城市城建物业服务公司。发布于测试物业及宣城市城建物业服务公司。发布于测试物业及宣城市城建物业服务公司。发布于测试物业及宣城市城建物业服务公司。发布于测试物业及宣城市城建物业服务公司。发布于测试物业及宣城市城建物业服务公司。发布于测试物业及宣城市城建物业服务公司。发布于测试物业及宣城市城建物业服务公司。发布于测试物业及宣城市城建物业服务公司。发布于测试物业及宣城市城建物业服务公司。发布于测试物业及宣城市城建物业服务公司。发布于测试物业及宣城市城建物业服务公司。发布于测试物业及宣城市城建物业服务公司。发布于测试物业及宣城市城建物业服务公司。发布于测试物业及宣城市城建物业服务公司。发布于测试物业及宣城市城建物业服务公司。发布于测试物业及宣城市城建物业服务公司。发布于测试物业及宣城市城建物业服务公司。发布于测试物业及宣城市城建物业服务公司。发布于测试物业及宣城市城建物业服务公司。发布于测试物业及宣城市城建物业服务公司。发布于测试物业及宣城市城建物业服务公司。发布于测试物业及宣城市城建物业服务公司。发布于测试物业及宣城市城建物业服务公司。发布于测试物业及宣城市城建物业服务公司。发布于测试物业及宣城市城建物业服务公司。发布于测试物业及宣城市城建物业服务公司。发布于测试物业及宣城市城建物业服务公司。发布于测试物业及宣城市城建物业服务公司。发布于测试物业及宣城市城建物业服务公司。发布于测试物业及宣城市城建物业服务公司。发布于测试物业及宣城市城建物业服务公司。发布于测试物业及宣城市城建物业服务公司。发布于测试物业及宣城市城建物业服务公司。发布于测试物业及宣城市城建物业服务公司。发布于测试物业及宣城市城建物业服务公司。发布于测试物业及宣城市城建物业服务公司。发布于测试物业及宣城市城建物业服务公司。发布于测试物业及宣城市城建物业服务公司。发布于测试物业及宣城市城建物业服务公司。发布于测试物业及宣城市城建物业服务公司。发布于测试物业及宣城市城建物业服务公司。发布于测试物业及宣城市城建物业服务公司。发布于测试物业及宣城市城建物业服务公司。发布于测试物业及宣城市城建物业服务公司。发布于测试物业及宣城市城建物业服务公司。发布于测试物业及宣城市城建物业服务公司。发布于测试物业及宣城市城建物业服务公司。发布于测试物业及宣城市城建物业服务公司。发布于测试物业及宣城市城建物业服务公司。发布于测试物业及宣城市城建物业服务公司。发布于测试物业及宣城市城建物业服务公司。发布于测试物业及宣城市城建物业服务公司。发布于测试物业及宣城市城建物业服务公司。发布于测试物业及宣城市城建物业服务公司。发布于测试物业及宣城市城建物业服务公司。发布于测试物业及宣城市城建物业服务公司。发布于测试物业及宣城市城建物业服务公司。发布于测试物业及宣城市城建物业服务公司。发布于测试物业及宣城市城建物业服务公司。发布于测试物业及宣城市城建物业服务公司。发布于测试物业及宣城市城建物业服务公司。发布于测试物业及宣城市城建物业服务公司。发布于测试物业及宣城市城建物业服务公司。发布于测试物业及宣城市城建物业服务公司。发布于测试物业及宣城市城建物业服务公司。发布于测试物业及宣城市城建物业服务公司。发布于测试物业及宣城市城建物业服务公司。发布于测试物业及宣城市城建物业服务公司。发布于测试物业及宣城市城建物业服务公司。发布于测试物业及宣城市城建物业服务公司。发布于测试物业及宣城市城建物业服务公司。发布于测试物业及宣城市城建物业服务公司。发布于测试物业及宣城市城建物业服务公司。发布于测试物业及宣城市城建物业服务公司。发布于测试物业及宣城市城建物业服务公司。发布于测试物业及宣城市城建物业服务公司。发布于测试物业及宣城市城建物业服务公司。发布于测试物业及宣城市城建物业服务公司。发布于测试物业及宣城市城建物业服务公司。发布于测试物业及宣城市城建物业服务公司。发布于测试物业及宣城市城建物业服务公司。发布于测试物业及宣城市城建物业服务公司。发布于测试物业及宣城市城建物业服务公司。发布于测试物业及宣城市城建物业服务公司。发布于测试物业及宣城市城建物业服务公司。发布于测试物业及宣城市城建物业服务公司。发布于测试物业及宣城市城建物业服务公司。发布于测试物业及宣城市城建物业服务公司。发布于测试物业及宣城市城建物业服务公司。发布于测试物业及宣城市城建物业服务公司。发布于测试物业及宣城市城建物业服务公司。发布于测试物业及宣城市城建物业服务公司。发布于测试物业及宣城市城建物业服务公司。发布于测试物业及宣城市城建物业服务公司。发布于测试物业及宣城市城建物业服务公司。发布于测试物业及宣城市城建物业服务公司。发布于测试物业及宣城市城建物业服务公司。发布于测试物业及宣城市城建物业服务公司。发布于测试物业及宣城市城建物业服务公司。发布于测试物业及宣城市城建物业服务公司。发布于测试物业及宣城市城建物业服务公司。发布于测试物业及宣城市城建物业服务公司。发布于测试物业及宣城市城建物业服务公司。发布于测试物业及宣城市城建物业服务公司。发布于测试物业及宣城市城建物业服务公司。发布于测试物业及宣城市城建物业服务公司。发布于测试物业及宣城市城建物业服务公司。发布于测试物业及宣城市城建物业服务公司。发布于测试物业及宣城市城建物业服务公司。发布于测试物业及宣城市城建物业服务公司。发布于测试物业及宣城市城建物业服务公司。发布于测试物业及宣城市城建物业服务公司。发布于测试物业及宣城市城建物业服务公司。发布于测试物业及宣城市城建物业服务公司。发布于测试物业及宣城市城建物业服务公司。发布于测试物业及宣城市城建物业服务公司。发布于测试物业及宣城市城建物业服务公司。发布于测试物业及宣城市城建物业服务公司。发布于测试物业及宣城市城建物业服务公司。发布于测试物业及宣城市城建物业服务公司。发布于测试物业及宣城市城建物业服务公司。发布于测试物业及宣城市城建物业服务公司。发布于测试物业及宣城市城建物业服务公司。发布于测试物业及宣城市城建物业服务公司。发布于测试物业及宣城市城建物业服务公司。发布于测试物业及宣城市城建物业服务公司。发布于测试物业及宣城市城建物业服务公司。发布于测试物业及宣城市城建物业服务公司。发布于测试物业及宣城市城建物业服务公司。发布于测试物业及宣城市城建物业服务公司。发布于测试物业及宣城市城建物业服务公司。发布于测试物业及宣城市城建物业服务公司。发布于测试物业及宣城市城建物业服务公司。发布于测试物业及宣城市城建物业服务公司。发布于测试物业及宣城市城建物业服务公司。发布于测试物业及宣城市城建物业服务公司。发布于测试物业及宣城市城建物业服务公司。发布于测试物业及宣城市城建物业服务公司。发布于测试物业及宣城市城建物业服务公司。发布于测试物业及宣城市城建物业服务公司。发布于测试物业及宣城市城建物业服务公司。发布于测试物业及宣城市城建物业服务公司。发布于测试物业及宣城市城建物业服务公司。发布于测试物业及宣城市城建物业服务公司。发布于测试物业及宣城市城建物业服务公司。发布于测试物业及宣城市城建物业服务公司。发布于测试物业及宣城市城建物业服务公司。发布于测试物业及宣城市城建物业服务公司。发布于测试物业及宣城市城建物业服务公司。发布于测试物业及宣城市城建物业服务公司。发布于测试物业及宣城市城建物业服务公司。发布于测试物业及宣城市城建物业服务公司。发布于测试物业及宣城市城建物业服务公司。发布于测试物业及宣城市城建物业服务公司。发布于测试物业及宣城市城建物业服务公司。发布于测试物业及宣城市城建物业服务公司。发布于测试物业及宣城市城建物业服务公司。发布于测试物业及宣城市城建物业服务公司。发布于测试物业及宣城市城建物业服务公司。发布于测试物业及宣城市城建物业服务公司。发布于测试物业及宣城市城建物业服务公司。发布于测试物业及宣城市城建物业服务公司。发布于测试物业及宣城市城建物业服务公司。发布于测试物业及宣城市城建物业服务公司。发布于测试物业及宣城市城建物业服务公司。发布于测试物业及宣城市城建物业服务公司。发布于测试物业及宣城市城建物业服务公司。发布于测试物业及宣城市城建物业服务公司。发布于测试物业及宣城市城建物业服务公司。发布于测试物业及宣城市城建物业服务公司。发布于测试物业及宣城市城建物业服务公司。发布于测试物业及宣城市城建物业服务公司。发布于测试物业及宣城市城建物业服务公司。发布于测试物业及宣城市城建物业服务公司。发布于测试物业及宣城市城建物业服务公司。发布于测试物业及宣城市城建物业服务公司。发布于测试物业及宣城市城建物业服务公司。发布于测试物业及宣城市城建物业服务公司。发布于测试物业及宣城市城建物业服务公司。发布于测试物业及宣城市城建物业服务公司。发布于测试物业及宣城市城建物业服务公司。发布于测试物业及宣城市城建物业服务公司。发布于测试物业及宣城市城建物业服务公司。发布于测试物业及宣城市城建物业服务公司。发布于测试物业及宣城市城建物业服务公司。发布于测试物业及宣城市城建物业服务公司。发布于测试物业及宣城市城建物业服务公司。发布于测试物业及宣城市城建物业服务公司。发布于测试物业及宣城市城建物业服务公司。发布于测试物业及宣城市城建物业服务公司。发布于测试物业及宣城市城建物业服务公司。发布于测试物业及宣城市城建物业服务公司。发布于测试物业及宣城市城建物业服务公司。发布于测试物业及宣城市城建物业服务公司。发布于测试物业及宣城市城建物业服务公司。发布于测试物业及宣城市城建物业服务公司。发布于测试物业及宣城市城建物业服务公司。发布于测试物业及宣城市城建物业服务公司。发布于测试物业及宣城市城建物业服务公司。发布于测试物业及宣城市城建物业服务公司。发布于测试物业及宣城市城建物业服务公司。发布于测试物业及宣城市城建物业服务公司。发布于测试物业及宣城市城建物业服务公司。发布于测试物业及宣城市城建物业服务公司。发布于测试物业及宣城市城建物业服务公司。发布于测试物业及宣城市城建物业服务公司。发布于测试物业及宣城市城建物业服务公司。发布于测试物业及宣城市城建物业服务公司。发布于测试物业及宣城市城建物业服务公司。发布于测试物业及宣城市城建物业服务公司。发布于测试物业及宣城市城建物业服务公司。发布于测试物业及宣城市城建物业服务公司。发布于测试物业及宣城市城建物业服务公司。发布于测试物业及宣城市城建物业服务公司。发布于测试物业及宣城市城建物业服务公司。发布于测试物业及宣城市城建物业服务公司。发布于测试物业及宣城市城建物业服务公司。发布于测试物业及宣城市城建物业服务公司。发布于测试物业及宣城市城建物业服务公司。发布于测试物业及宣城市城建物业服务公司。发布于测试物业及宣城市城建物业服务公司。发布于测试物业及宣城市城建物业服务公司。发布于测试物业及宣城市城建物业服务公司。发布于测试物业及宣城市城建物业服务公司。发布于测试物业及宣城市城建物业服务公司。发布于测试物业及宣城市城建物业服务公司。发布于测试物业及宣城市城建物业服务公司。发布于测试物业及宣城市城建物业服务公司。发布于测试物业及宣城市城建物业服务公司。发布于测试物业及宣城市城建物业服务公司。发布于测试物业及宣城市城建物业服务公司。发布于测试物业及宣城市城建物业服务公司。发布于测试物业及宣城市城建物业服务公司。发布于测试物业及宣城市城建物业服务公司。发布于测试物业及宣城市城建物业服务公司。发布于测试物业及宣城市城建物业服务公司。发布于测试物业及宣城市城建物业服务公司。发布于测试物业及宣城市城建物业服务公司。发布于测试物业及宣城市城建物业服务公司。发布于测试物业及宣城市城建物业服务公司。发布于测试物业及宣城市城建物业服务公司。发布于测试物业及宣城市城建物业服务公司。发布于测试物业及宣城市城建物业服务公司。发布于测试物业及宣城市城建物业服务公司。发布于测试物业及宣城市城建物业服务公司。发布于测试物业及宣城市城建物业服务公司。发布于测试物业及宣城市城建物业服务公司。发布于测试物业及宣城市城建物业服务公司。发布于测试物业及宣城市城建物业服务公司。发布于测试物业及宣城市城建物业服务公司。发布于测试物业及宣城市城建物业服务公司。发布于测试物业及宣城市城建物业服务公司。发布于测试物业及宣城市城建物业服务公司。发布于测试物业及宣城市城建物业服务公司。发布于测试物业及宣城市城建物业服务公司。发布于测试物业及宣城市城建物业服务公司。发布于测试物业及宣城市城建物业服务公司。发布于测试物业及宣城市城建物业服务公司。发布于测试物业及宣城市城建物业服务公司。发布于测试物业及宣城市城建物业服务公司。发布于测试物业及宣城市城建物业服务公司。发布于测试物业及宣城市城建物业服务公司。发布于测试物业及宣城市城建物业服务公司。发布于测试物业及宣城市城建物业服务公司。发布于测试物业及宣城市城建物业服务公司。发布于测试物业及宣城市城建物业服务公司。发布于测试物业及宣城市城建物业服务公司。发布于测试物业及宣城市城建物业服务公司。发布于测试物业及宣城市城建物业服务公司。发布于测试物业及宣城市城建物业服务公司。发布于测试物业及宣城市城建物业服务公司。发布于测试物业及宣城市城建物业服务公司。发布于测试物业及宣城市城建物业服务公司。发布于测试物业及宣城市城建物业服务公司。发布于测试物业及宣城市城建物业服务公司。发布于测试物业及宣城市城建物业服务公司。发布于测试物业及宣城市城建物业服务公司。发布于测试物业及宣城市城建物业服务公司。发布于测试物业及宣城市城建物业服务公司。发布于测试物业及宣城市城建物业服务公司。发布于测试物业及宣城市城建物业服务公司。发布于测试物业及宣城市城建物业服务公司。发布于测试物业及宣城市城建物业服务公司。发布于测试物业及宣城市城建物业服务公司。发布于测试物业及宣城市城建物业服务公司。发布于测试物业及宣城市城建物业服务公司。发布于测试物业及宣城市城建物业服务公司。发布于测试物业及宣城市城建物业服务公司。发布于测试物业及宣城市城建物业服务公司。发布于测试物业及宣城市城建物业服务公司。发布于测试物业及宣城市城建物业服务公司。发布于测试物业及宣城市城建物业服务公司。发布于测试物业及宣城市城建物业服务公司。发布于测试物业及宣城市城建物业服务公司。发布于测试物业及宣城市城建物业服务公司。发布于测试物业及宣城市城建物业服务公司。发布于测试物业及宣城市城建物业服务公司。发布于测试物业及宣城市城建物业服务公司。发布于测试物业及宣城市城建物业服务公司。发布于测试物业及宣城市城建物业服务公司。发布于测试物业及宣城市城建物业服务公司。发布于测试物业及宣城市城建物业服务公司。发布于测试物业及宣城市城建物业服务公司。发布于测试物业及宣城市城建物业服务公司。发布于测试物业及宣城市城建物业服务公司。发布于测试物业及宣城市城建物业服务公司。发布于测试物业及宣城市城建物业服务公司。发布于测试物业及宣城市城建物业服务公司。发布于测试物业及宣城市城建物业服务公司。发布于测试物业及宣城市城建物业服务公司。发布于测试物业及宣城市城建物业服务公司。发布于测试物业及宣城市城建物业服务公司。发布于测试物业及宣城市城建物业服务公司。发布于测试物业及宣城市城建物业服务公司。发布于测试物业及宣城市城建物业服务公司。发布于测试物业及宣城市城建物业服务公司。发布于测试物业及宣城市城建物业服务公司。发布于测试物业及宣城市城建物业服务公司。发布于测试物业及宣城市城建物业服务公司。发布于测试物业及宣城市城建物业服务公司。发布于测试物业及宣城市城建物业服务公司。发布于测试物业及宣城市城建物业服务公司。发布于测试物业及宣城市城建物业服务公司。发布于测试物业及宣城市城建物业服务公司。发布于测试物业及宣城市城建物业服务公司。发布于测试物业及宣城市城建物业服务公司。发布于测试物业及宣城市城建物业服务公司。发布于测试物业及宣城市城建物业服务公司。发布于测试物业及宣城市城建物业服务公司。发布于测试物业及宣城市城建物业服务公司。发布于测试物业及宣城市城建物业服务公司。发布于测试物业及宣城市城建物业服务公司。发布于测试物业及宣城市城建物业服务公司。发布于测试物业及宣城市城建物业服务公司。发布于测试物业及宣城市城建物业服务公司。发布于测试物业及宣城市城建物业服务公司。发布于测试物业及宣城市城建物业服务公司。发布于测试物业及宣城市城建物业服务公司。发布于测试物业及宣城市城建物业服务公司。发布于测试物业及宣城市城建物业服务公司。发布于测试物业及宣城市城建物业服务公司。发布于测试物业及宣城市城建物业服务公司。发布于测试物业及宣城市城建物业服务公司。发布于测试物业及宣城市城建物业服务公司。发布于测试物业及宣城市城建物业服务公司。发布于测试物业及宣城市城建物业服务公司。发布于测试物业及宣城市城建物业服务公司。发布于测试物业及宣城市城建物业服务公司。发布于测试物业及宣城市城建物业服务公司。发布于测试物业及宣城市城建物业服务公司。发布于测试物业及宣城市城建物业服务公司。发布于测试物业及宣城市城建物业服务公司。发布于测试物业及宣城市城建物业服务公司。发布于测试物业及宣城市城建物业服务公司。发布于测试物业及宣城市城建物业服务公司。发布于测试物业及宣城市城建物业服务公司。发布于测试物业及宣城市城建物业服务公司。发布于测试物业及宣城市城建物业服务公司。发布于测试物业及宣城市城建物业服务公司。发布于测试物业及宣城市城建物业服务公司。发布于测试物业及宣城市城建物业服务公司。发布于测试物业及宣城市城建物业服务公司。发布于测试物业及宣城市城建物业服务公司。发布于测试物业及宣城市城建物业服务公司。发布于测试物业及宣城市城建物业服务公司。发布于测试物业及宣城市城建物业服务公司。发布于测试物业及宣城市城建物业服务公司。发布于测试物业及宣城市城建物业服务公司。发布于测试物业及宣城市城建物业服务公司。发布于测试物业及宣城市城建物业服务公司。发布于测试物业及宣城市城建物业服务公司。发布于测试物业及宣城市城建物业服务公司。发布于测试物业及宣城市城建物业服务公司。发布于测试物业及宣城市城建物业服务公司。发布于测试物业及宣城市城建物业服务公司。发布于测试物业及宣城市城建物业服务公司。发布于测试物业及宣城市城建物业服务公司。发布于测试物业及宣城市城建物业服务公司。发布于测试物业及宣城市城建物业服务公司。发布于测试物业及宣城市城建物业服务公司。发布于测试物业及宣城市城建物业服务公司。发布于测试物业及宣城市城建物业服务公司。发布于测试物业及宣城市城建物业服务公司。发布于测试物业及宣城市城建物业服务公司。发布于测试物业及宣城市城建物业服务公司。发布于测试物业及宣城市城建物业服务公司。发布于测试物业及宣城市城建物业服务公司。发布于测试物业及宣城市城建物业服务公司。发布于测试物业及宣城市城建物业服务公司。发布于测试物业及宣城市城建物业服务公司。发布于测试物业及宣城市城建物业服务公司。发布于测试物业及宣城市城建物业服务公司。发布于测试物业及宣城市城建物业服务公司。发布于测试物业及宣城市城建物业服务公司。发布于测试物业及宣城市城建物业服务公司。发布于测试物业及宣城市城建物业服务公司。发布于测试物业及宣城市城建物业服务公司。发布于测试物业及宣城市城建物业服务公司。发布于测试物业及宣城市城建物业服务公司。发布于测试物业及宣城市城建物业服务公司。发布于测试物业及宣城市城建物业服务公司。发布于测试物业及宣城市城建物业服务公司。发布于测试物业及宣城市城建物业服务公司。发布于测试物业及宣城市城建物业服务公司。发布于测试物业及宣城市城建物业服务公司。发布于测试物业及宣城市城建物业服务公司。发布于测试物业及宣城市城建物业服务公司。发布于测试物业及宣城市城建物业服务公司。发布于测试物业及宣城市城建物业服务公司。发布于测试物业及宣城市城建物业服务公司。发布于测试物业及宣城市城建物业服务公司。发布于测试物业及宣城市城建物业服务公司。发布于测试物业及宣城市城建物业服务公司。发布于测试物业及宣城市城建物业服务公司。发布于测试物业及宣城市城建物业服务公司。发布于测试物业及宣城市城建物业服务公司。发布于测试物业及宣城市城建物业服务公司。发布于测试物业及宣城市城建物业服务公司。发布于测试物业及宣城市城建物业服务公司。发布于测试物业及宣城市城建物业服务公司。发布于测试物业及宣城市城建物业服务公司。发布于测试物业及宣城市城建物业服务公司。发布于测试物业及宣城市城建物业服务公司。发布于测试物业及宣城市城建物业服务公司。发布于测试物业及宣城市城建物业服务公司。发布于测试物业及宣城市城建物业服务公司。发布于测试物业及宣城市城建物业服务公司。发布于测试物业及宣城市城建物业服务公司。发布于测试物业及宣城市城建物业服务公司。发布于测试物业及宣城市城建物业服务公司。发布于测试物业及宣城市城建物业服务公司。发布于测试物业及宣城市城建物业服务公司。发布于测试物业及宣城市城建物业服务公司。发布于测试物业及宣城市城建物业服务公司。发布于测试物业及宣城市城建物业服务公司。发布于测试物业及宣城市城建物业服务公司。发布于测试物业及宣城市城建物业服务公司。发布于测试物业及宣城市城建物业服务公司。发布于测试物业及宣城市城建物业服务公司。发布于测试物业及宣城市城建物业服务公司。发布于测试物业及宣城市城建物业服务公司。发布于测试物业及宣城市城建物业服务公司。发布于测试物业及宣城市城建物业服务公司。发布于测试物业及宣城市城建物业服务公司。发布于测试物业及宣城市城建物业服务公司。发布于测试物业及宣城市城建物业服务公司。发布于测试物业及宣城市城建物业服务公司。发布于测试物业及宣城市城建物业服务公司。发布于测试物业及宣城市城建物业服务公司。发布于测试物业及宣城市城建物业服务公司。发布于测试物业及宣城市城建物业服务公司。发布于测试物业及宣城市城建物业服务公司。发布于测试物业及宣城市城建物业服务公司。发布于测试物业及宣城市城建物业服务公司。发布于测试物业及宣城市城建物业服务公司。发布于测试物业及宣城市城建物业服务公司。发布于测试物业及宣城市城建物业服务公司。发布于测试物业及宣城市城建物业服务公司。发布于测试物业及宣城市城建物业服务公司。发布于测试物业及宣城市城建物业服务公司。发布于测试物业及宣城市城建物业服务公司。发布于测试物业及宣城市城建物业服务公司。发布于测试物业及宣城市城建物业服务公司。发布于测试物业及宣城市城建物业服务公司。发布于测试物业及宣城市城建物业服务公司。发布于测试物业及宣城市城建物业服务公司。发布于测试物业及宣城市城建物业服务公司。发布于测试物业及宣城市城建物业服务公司。发布于测试物业及宣城市城建物业服务公司。发布于测试物业及宣城市城建物业服务公司。发布于测试物业及宣城市城建物业服务公司。发布于测试物业及宣城市城建物业服务公司。发布于测试物业及宣城市城建物业服务公司。发布于测试物业及宣城市城建物业服务公司。发布于测试物业及宣城市城建物业服务公司。发布于测试物业及宣城市城建物业服务公司。发布于测试物业及宣城市城建物业服务公司。发布于测试物业及宣城市城建物业服务公司。</p>', '1', '2023-05-26 14:13:02', '', 'system', '2023-05-26 14:13:02', '', '2023-05-26 14:13:02', '0');
INSERT INTO `bus_bulletin` VALUES (3, '物业通报公告', '<p>及时完成<a href=\"https://www.baidu.com\" rel=\"noopener noreferrer\" target=\"_blank\">相关任务</a></p><p><strong>OvO</strong></p><p><strong><span class=\"ql-cursor\">﻿</span></strong><img src=\"http://gov.szcjzhxq.com/profile/upload/2023/06/12/共产党_20230612144330A001.jpg\"></p>', '1', '2023-06-12 14:43:10', '', 'system', '2023-05-26 14:14:25', 'system', '2023-06-12 14:43:08', '0');

-- ----------------------------
-- Table structure for bus_bulletin_estate
-- ----------------------------
DROP TABLE IF EXISTS `bus_bulletin_estate`;
CREATE TABLE `bus_bulletin_estate`  (
  `bulletin_id` bigint NOT NULL DEFAULT 0 COMMENT '通报公告id，表xccj_office.bus_bulletin',
  `estate_id` bigint NOT NULL DEFAULT 0 COMMENT '物业id，表xccj_community.bus_estate',
  `estate_name` varchar(64) CHARACTER SET utf8mb4 COLLATE utf8mb4_general_ci NOT NULL DEFAULT '' COMMENT '物业名称'
) ENGINE = InnoDB CHARACTER SET = utf8mb4 COLLATE = utf8mb4_general_ci COMMENT = '通报公告-物业关联表' ROW_FORMAT = DYNAMIC;

-- ----------------------------
-- Records of bus_bulletin_estate
-- ----------------------------
INSERT INTO `bus_bulletin_estate` VALUES (1, 1, '宣城城建智能科技');
INSERT INTO `bus_bulletin_estate` VALUES (2, 1, '宣城城建智能科技');
INSERT INTO `bus_bulletin_estate` VALUES (1, 4, '测试物业公司');
INSERT INTO `bus_bulletin_estate` VALUES (3, 3, '测试集团总部');
INSERT INTO `bus_bulletin_estate` VALUES (3, 1, '宣城城建智能科技');
INSERT INTO `bus_bulletin_estate` VALUES (3, 2, '测试物业_01');
INSERT INTO `bus_bulletin_estate` VALUES (3, 4, '测试物业公司');
INSERT INTO `bus_bulletin_estate` VALUES (3, 5, '安徽科建物业服务有限公司');
INSERT INTO `bus_bulletin_estate` VALUES (3, 6, '宣城市城建物业服务有限公司');

-- ----------------------------
-- Table structure for bus_category
-- ----------------------------
DROP TABLE IF EXISTS `bus_category`;
CREATE TABLE `bus_category`  (
  `category_id` bigint NOT NULL AUTO_INCREMENT COMMENT '主键id',
  `category_name` varchar(64) CHARACTER SET utf8mb3 COLLATE utf8mb3_general_ci NOT NULL COMMENT '类型名称',
  `create_by` varchar(64) CHARACTER SET utf8mb3 COLLATE utf8mb3_general_ci NOT NULL COMMENT '创建人',
  `create_time` datetime NOT NULL DEFAULT CURRENT_TIMESTAMP COMMENT '创建时间',
  `update_by` varchar(64) CHARACTER SET utf8mb3 COLLATE utf8mb3_general_ci NOT NULL COMMENT '修改人',
  `update_time` datetime NOT NULL DEFAULT CURRENT_TIMESTAMP COMMENT '修改时间',
  `del_flag` char(1) CHARACTER SET utf8mb3 COLLATE utf8mb3_general_ci NOT NULL DEFAULT '0' COMMENT '删除标记：0=未删除，1=已删除',
  PRIMARY KEY (`category_id`) USING BTREE
) ENGINE = InnoDB AUTO_INCREMENT = 5 CHARACTER SET = utf8mb4 COLLATE = utf8mb4_general_ci COMMENT = '问题类型' ROW_FORMAT = DYNAMIC;

-- ----------------------------
-- Records of bus_category
-- ----------------------------
INSERT INTO `bus_category` VALUES (1, '民生', 'system', '2023-05-12 15:47:39', 'system', '2023-05-12 15:47:39', '0');
INSERT INTO `bus_category` VALUES (2, '物业费用', 'system', '2023-05-12 15:47:49', 'system', '2023-05-12 15:47:49', '0');
INSERT INTO `bus_category` VALUES (3, '社区设施', 'system', '2023-05-12 15:47:59', 'system', '2023-05-12 15:47:59', '0');
INSERT INTO `bus_category` VALUES (4, '智慧社区', 'system', '2023-05-12 15:48:15', 'system', '2023-05-12 15:48:15', '0');

-- ----------------------------
-- Table structure for bus_company
-- ----------------------------
DROP TABLE IF EXISTS `bus_company`;
CREATE TABLE `bus_company`  (
  `id` bigint NOT NULL AUTO_INCREMENT COMMENT '主键',
  `password` varchar(255) CHARACTER SET utf8mb4 COLLATE utf8mb4_general_ci NULL DEFAULT '' COMMENT '密码',
  `company_type` char(1) CHARACTER SET utf8mb4 COLLATE utf8mb4_general_ci NULL DEFAULT '' COMMENT '企业类型,0=招标企业,1=投标企业',
  `status` char(1) CHARACTER SET utf8mb4 COLLATE utf8mb4_general_ci NOT NULL DEFAULT '0' COMMENT '申请,0=未同意,1=同意,默认0',
  `phone` varchar(24) CHARACTER SET utf8mb4 COLLATE utf8mb4_general_ci NOT NULL DEFAULT '' COMMENT '手机号',
  `company_name` varchar(64) CHARACTER SET utf8mb4 COLLATE utf8mb4_general_ci NOT NULL DEFAULT '' COMMENT '企业名称',
  `contact_name` varchar(32) CHARACTER SET utf8mb4 COLLATE utf8mb4_general_ci NULL DEFAULT '' COMMENT '联系人',
  `job` varchar(32) CHARACTER SET utf8mb4 COLLATE utf8mb4_general_ci NULL DEFAULT '' COMMENT '职务',
  `content` text CHARACTER SET utf8mb4 COLLATE utf8mb4_general_ci NULL COMMENT '企业简介',
  `create_time` datetime NOT NULL COMMENT '创建时间',
  `create_by` varchar(32) CHARACTER SET utf8mb4 COLLATE utf8mb4_general_ci NOT NULL COMMENT '创建人',
  `update_time` datetime NOT NULL COMMENT '修改时间',
  `update_by` varchar(32) CHARACTER SET utf8mb4 COLLATE utf8mb4_general_ci NOT NULL COMMENT '修改人',
  `del_flag` char(1) CHARACTER SET utf8mb4 COLLATE utf8mb4_general_ci NOT NULL DEFAULT '0' COMMENT '删除标记,0=未删除,1=已删除,默认0',
  `region_id` bigint NULL DEFAULT NULL COMMENT '表 bus_region',
  PRIMARY KEY (`id`) USING BTREE
) ENGINE = InnoDB AUTO_INCREMENT = 4 CHARACTER SET = utf8mb4 COLLATE = utf8mb4_general_ci COMMENT = '企业管理表' ROW_FORMAT = DYNAMIC;

-- ----------------------------
-- Records of bus_company
-- ----------------------------
INSERT INTO `bus_company` VALUES (1, '$2a$10$4amZdLPGD6kGjTpgEQkDY.02QOg5ur4ffTBF.kxI0GmmSX4M40FHW', '1', '1', '13400000000', '投标公司', '', '', NULL, '2023-05-15 09:55:10', '投标公司', '2023-05-30 17:57:36', 'system', '0', NULL);
INSERT INTO `bus_company` VALUES (2, '', '', '0', '13616127476', '小鱼儿科技有限公司', '', '', NULL, '2023-05-25 10:02:02', '小鱼儿科技有限公司', '2023-05-25 10:02:02', '小鱼儿科技有限公司', '1', NULL);
INSERT INTO `bus_company` VALUES (3, '$2a$10$sE5p9QtMpwo0.1mSQo3LsOkeiCvZwrvMlZwBW7xwDswbThl/or6g2', '0', '1', '13666666666', '小鱼儿招标公司', '', '', NULL, '2023-05-25 10:08:44', '小鱼儿招标公司', '2023-05-25 10:09:10', 'system', '1', NULL);

-- ----------------------------
-- Table structure for bus_invitational_tenders
-- ----------------------------
DROP TABLE IF EXISTS `bus_invitational_tenders`;
CREATE TABLE `bus_invitational_tenders`  (
  `id` bigint NOT NULL AUTO_INCREMENT COMMENT '主键',
  `project_type_id` bigint NOT NULL COMMENT '表bus_invitational_tenders_type',
  `project_name` varchar(64) CHARACTER SET utf8mb4 COLLATE utf8mb4_general_ci NOT NULL DEFAULT '' COMMENT '招标项目名称',
  `company_id` bigint NOT NULL COMMENT '表bus_company',
  `status` char(1) CHARACTER SET utf8mb4 COLLATE utf8mb4_general_ci NOT NULL DEFAULT '0' COMMENT '状态,0=未开始,1=进行中,2=已结束',
  `active` char(1) CHARACTER SET utf8mb4 COLLATE utf8mb4_general_ci NOT NULL DEFAULT '0' COMMENT '开启/暂停,0=开启,1=暂停,默认0',
  `start_time` datetime NOT NULL COMMENT '招标开始时间',
  `end_time` datetime NOT NULL COMMENT '招标结束时间',
  `content` text CHARACTER SET utf8mb4 COLLATE utf8mb4_general_ci NOT NULL COMMENT '招标内容简介',
  `key_word` varchar(255) CHARACTER SET utf8mb4 COLLATE utf8mb4_general_ci NULL DEFAULT '' COMMENT '关键词,例如:[‘于禁\',\'乐进\',\'周瑜\']',
  `create_time` datetime NOT NULL COMMENT '创建时间',
  `create_by` varchar(32) CHARACTER SET utf8mb4 COLLATE utf8mb4_general_ci NOT NULL COMMENT '创建人',
  `update_time` datetime NOT NULL COMMENT '修改时间',
  `update_by` varchar(32) CHARACTER SET utf8mb4 COLLATE utf8mb4_general_ci NOT NULL COMMENT '修改人',
  `del_flag` char(1) CHARACTER SET utf8mb4 COLLATE utf8mb4_general_ci NOT NULL DEFAULT '0' COMMENT '删除标记,0=未删除,1=已删除,默认0',
  `version` bigint NOT NULL DEFAULT 0,
  PRIMARY KEY (`id`) USING BTREE
) ENGINE = InnoDB AUTO_INCREMENT = 2 CHARACTER SET = utf8mb4 COLLATE = utf8mb4_general_ci COMMENT = '招标项目管理表' ROW_FORMAT = DYNAMIC;

-- ----------------------------
-- Records of bus_invitational_tenders
-- ----------------------------
INSERT INTO `bus_invitational_tenders` VALUES (1, 1, '2023年6月基建项目招标', 1, '1', '0', '2023-05-30 00:00:00', '2023-06-30 00:00:00', '<p><strong>项目名称:</strong>经济开发区城镇老旧小区改造三期-延陵东路片区东片整治提升工程(更新2)</p><p><br></p><p><strong>建设内容</strong>:VIP以上级别会员可查看开工时间:2023-08-01</p><p><br></p><p>竣工时间:2024-05-01</p><p><br></p><p>项目性质:改建所在地区:江苏省资金到位:逐步落实项目预算:5500</p><p><br></p><p>行业领域:服务领域资金来源:自筹资金</p><p><br></p><p>项目描述:VIP以上级别会员可查看</p><p><br></p><p>相关工程参考:&nbsp;管网工程 路面工程 外立面整治工程 架空杆线工程 道路工程 供电工程 排水工程 供水工程相关设备参考:&nbsp;电子监控设备 路灯相关服务参考:&nbsp;工程保险 物业管理相关材料参考:&nbsp;油漆涂料 管材管件 苗木</p>', NULL, '2023-05-30 18:11:27', 'system', '2023-05-30 18:11:27', 'system', '0', 0);

-- ----------------------------
-- Table structure for bus_invitational_tenders_type
-- ----------------------------
DROP TABLE IF EXISTS `bus_invitational_tenders_type`;
CREATE TABLE `bus_invitational_tenders_type`  (
  `id` bigint NOT NULL AUTO_INCREMENT COMMENT '主键',
  `project_type_name` varchar(255) CHARACTER SET utf8mb4 COLLATE utf8mb4_general_ci NOT NULL COMMENT '项目类型名称',
  `sort` bigint NOT NULL COMMENT '排序',
  `create_time` datetime NOT NULL COMMENT '创建时间',
  `create_by` varchar(32) CHARACTER SET utf8mb4 COLLATE utf8mb4_general_ci NOT NULL DEFAULT '' COMMENT '创建人',
  `update_time` datetime NOT NULL COMMENT '修改时间',
  `update_by` varchar(32) CHARACTER SET utf8mb4 COLLATE utf8mb4_general_ci NOT NULL DEFAULT '' COMMENT '修改人',
  `del_flag` char(1) CHARACTER SET utf8mb4 COLLATE utf8mb4_general_ci NOT NULL DEFAULT '0' COMMENT '删除标记,0=未删除,1=已删除,默认0',
  PRIMARY KEY (`id`) USING BTREE
) ENGINE = InnoDB AUTO_INCREMENT = 4 CHARACTER SET = utf8mb4 COLLATE = utf8mb4_general_ci COMMENT = '招标项目类型表' ROW_FORMAT = DYNAMIC;

-- ----------------------------
-- Records of bus_invitational_tenders_type
-- ----------------------------
INSERT INTO `bus_invitational_tenders_type` VALUES (1, '基础建设', 1, '2023-05-30 18:09:04', 'system', '2023-05-30 18:09:04', 'system', '0');
INSERT INTO `bus_invitational_tenders_type` VALUES (2, '研发生产', 0, '2023-05-30 18:09:29', 'system', '2023-05-30 18:09:29', 'system', '0');
INSERT INTO `bus_invitational_tenders_type` VALUES (3, '研发', 3, '2023-10-27 16:30:28', 'system', '2023-10-27 16:30:28', 'system', '1');

-- ----------------------------
-- Table structure for bus_issue
-- ----------------------------
DROP TABLE IF EXISTS `bus_issue`;
CREATE TABLE `bus_issue`  (
  `issue_id` bigint NOT NULL AUTO_INCREMENT COMMENT '主键id',
  `issue_name` varchar(64) CHARACTER SET utf8mb3 COLLATE utf8mb3_general_ci NOT NULL COMMENT '问题名称',
  `estate_id` bigint NOT NULL COMMENT '物业id，表xccj_community.bus_estate',
  `estate_name` varchar(255) CHARACTER SET utf8mb4 COLLATE utf8mb4_general_ci NULL DEFAULT '' COMMENT '物业名称',
  `create_by` varchar(64) CHARACTER SET utf8mb3 COLLATE utf8mb3_general_ci NOT NULL COMMENT '创建人',
  `create_time` datetime NOT NULL DEFAULT CURRENT_TIMESTAMP COMMENT '创建时间',
  `update_by` varchar(64) CHARACTER SET utf8mb3 COLLATE utf8mb3_general_ci NOT NULL COMMENT '修改人',
  `update_time` datetime NOT NULL DEFAULT CURRENT_TIMESTAMP COMMENT '修改时间',
  `del_flag` char(1) CHARACTER SET utf8mb3 COLLATE utf8mb3_general_ci NOT NULL DEFAULT '0' COMMENT '删除标记：0=未删除，1=已删除',
  PRIMARY KEY (`issue_id`) USING BTREE
) ENGINE = InnoDB AUTO_INCREMENT = 4 CHARACTER SET = utf8mb4 COLLATE = utf8mb4_general_ci COMMENT = '问题管理' ROW_FORMAT = DYNAMIC;

-- ----------------------------
-- Records of bus_issue
-- ----------------------------
INSERT INTO `bus_issue` VALUES (1, '房屋质保期一般是多久', 3, '测试集团总部', 'system', '2023-05-12 15:50:58', 'system', '2023-05-12 15:50:58', '0');
INSERT INTO `bus_issue` VALUES (2, '业主对房屋的维修效果不满意，怎么办', 4, '测试物业公司', 'system', '2023-05-12 15:51:23', 'system', '2023-05-12 15:51:23', '0');
INSERT INTO `bus_issue` VALUES (3, '200字体温', 1, '宣城城建智能科技', 'system', '2023-05-23 18:34:25', 'system', '2023-05-23 18:34:25', '1');

-- ----------------------------
-- Table structure for bus_issue_answer
-- ----------------------------
DROP TABLE IF EXISTS `bus_issue_answer`;
CREATE TABLE `bus_issue_answer`  (
  `answer_id` bigint NOT NULL AUTO_INCREMENT COMMENT '主键id',
  `issue_id` bigint NOT NULL COMMENT '问题id',
  `answer_content` varchar(2000) CHARACTER SET utf8mb3 COLLATE utf8mb3_general_ci NOT NULL COMMENT '答案内容',
  `user_id` bigint NOT NULL COMMENT '用户id',
  `user_name` varchar(64) CHARACTER SET utf8mb3 COLLATE utf8mb3_general_ci NOT NULL COMMENT '用户名称',
  `answer_time` datetime NOT NULL DEFAULT CURRENT_TIMESTAMP COMMENT '回答时间',
  `del_flag` char(1) CHARACTER SET utf8mb3 COLLATE utf8mb3_general_ci NOT NULL DEFAULT '0' COMMENT '删除标记：0=未删除，1=已删除',
  PRIMARY KEY (`answer_id`) USING BTREE
) ENGINE = InnoDB AUTO_INCREMENT = 4 CHARACTER SET = utf8mb4 COLLATE = utf8mb4_general_ci COMMENT = '问题答案' ROW_FORMAT = DYNAMIC;

-- ----------------------------
-- Records of bus_issue_answer
-- ----------------------------
INSERT INTO `bus_issue_answer` VALUES (1, 3, '哈哈哈哈哈哈哈哈哈哈哈哈哈哈哈哈哈哈哈哈哈哈哈哈哈哈哈哈哈哈哈哈哈哈哈哈哈哈哈哈哈哈哈哈哈哈哈哈哈哈哈哈哈哈哈哈哈哈哈哈哈哈哈哈哈哈哈哈哈哈哈哈哈哈哈哈哈哈哈哈哈哈哈哈哈哈哈哈哈哈哈哈哈哈哈哈哈哈哈哈哈哈哈哈哈哈哈哈哈哈哈哈哈哈哈哈哈哈哈哈哈哈哈哈哈哈哈哈哈哈哈哈哈哈哈哈哈哈哈哈哈哈哈哈哈哈哈哈哈哈哈哈哈哈哈哈哈哈哈哈哈哈哈哈哈哈哈哈哈哈哈哈哈哈哈哈哈哈哈哈哈哈哈哈哈哈哈哈哈哈哈哈哈哈哈哈哈哈哈哈哈哈哈哈哈哈哈哈哈哈哈哈哈哈哈哈哈哈哈哈哈哈哈哈哈哈哈哈哈哈哈哈哈哈哈哈哈哈哈哈哈哈哈哈哈哈哈哈哈哈哈哈哈哈哈哈哈哈哈哈哈哈哈哈哈哈哈哈哈哈哈哈哈哈哈哈哈哈哈哈哈哈哈哈哈哈哈哈哈哈哈哈哈哈哈哈哈哈哈哈哈哈哈哈哈哈哈哈哈哈哈哈哈哈哈哈哈哈哈哈哈哈哈哈哈哈哈哈哈哈哈哈哈哈哈哈哈哈哈哈哈哈哈哈哈哈哈哈哈哈哈哈哈哈哈哈哈哈哈哈哈哈哈哈哈哈哈哈哈哈哈哈哈哈哈哈哈哈哈哈哈哈哈哈哈哈哈哈哈哈哈哈哈哈哈哈哈哈哈哈哈哈哈哈哈哈哈哈哈哈哈哈哈哈哈哈哈哈哈哈哈哈哈哈哈哈哈哈哈哈哈哈哈哈哈哈哈哈哈哈哈哈哈哈哈哈哈哈哈哈哈哈哈哈哈哈哈哈哈哈哈哈哈哈哈哈哈哈哈哈哈哈哈哈哈哈哈哈哈哈哈哈哈哈哈哈哈哈哈哈哈哈哈哈哈哈哈哈哈哈哈哈哈哈哈哈哈哈哈哈哈哈哈哈哈哈哈哈哈哈哈哈哈哈哈哈哈哈哈哈哈哈哈哈哈哈哈哈哈哈哈哈哈哈哈哈哈哈哈哈哈哈哈哈哈哈哈哈哈哈哈哈哈哈哈哈哈哈哈哈哈哈哈哈哈哈哈哈哈哈哈哈哈哈哈哈哈哈哈哈哈哈哈哈哈哈哈哈哈哈哈哈哈哈哈哈哈哈哈哈哈哈哈哈哈哈哈哈哈哈哈哈哈哈哈哈哈哈哈哈哈哈哈哈哈哈哈哈哈哈哈哈哈哈哈哈哈哈哈哈哈哈哈哈哈哈哈哈哈哈哈哈哈哈哈哈哈哈哈哈哈哈哈哈哈哈哈哈哈哈哈哈哈哈哈哈哈哈哈哈哈哈哈哈哈哈哈哈哈哈哈哈哈哈哈哈哈哈哈哈哈哈哈哈哈哈哈哈哈哈哈哈哈哈哈哈哈哈哈哈哈哈哈哈哈哈哈哈哈哈哈哈哈哈哈哈哈哈哈哈哈哈哈哈哈哈哈哈哈哈哈哈哈哈哈哈哈哈哈哈哈哈哈哈哈哈哈哈哈哈哈哈哈哈哈哈哈哈哈哈哈哈哈哈哈哈哈哈哈哈哈哈哈哈哈哈哈哈哈哈哈哈哈哈哈哈哈哈哈哈哈哈哈哈哈哈哈哈哈哈哈哈哈哈哈哈哈哈哈哈哈哈哈哈哈哈哈哈哈哈哈哈哈哈哈哈哈哈哈哈哈哈哈哈哈哈哈哈哈哈哈哈哈哈哈哈哈哈哈哈哈哈哈哈哈哈哈哈哈哈哈哈哈哈哈哈哈哈哈哈哈哈哈哈哈哈哈哈哈哈哈哈哈哈哈哈哈哈哈哈哈哈哈哈哈哈哈哈哈哈哈哈哈哈哈哈哈哈哈哈哈哈哈哈哈哈哈哈哈哈哈哈哈哈哈哈哈哈哈哈哈哈哈哈哈哈哈哈哈哈哈哈哈哈哈哈哈哈哈哈哈哈哈哈哈哈哈哈哈哈哈哈哈哈哈哈哈哈哈哈哈哈哈哈哈哈哈哈哈哈哈哈哈哈哈哈哈哈哈哈哈哈哈哈哈哈哈哈哈哈哈哈哈哈哈哈哈哈哈哈哈哈哈哈哈哈哈哈哈哈哈哈哈哈哈哈哈哈哈哈哈哈哈哈哈哈哈哈哈哈哈哈哈哈哈哈哈哈哈哈哈哈哈哈哈哈哈哈哈哈哈哈哈哈哈哈哈哈哈哈哈哈哈哈哈哈哈哈哈哈哈哈哈哈哈哈哈哈哈哈哈哈哈哈哈哈哈哈哈哈哈哈哈哈哈哈哈哈哈哈哈哈哈哈哈哈哈哈哈哈哈哈哈哈哈哈哈哈哈哈哈哈哈哈哈哈哈哈哈哈哈哈哈哈哈哈哈哈哈哈哈哈哈哈哈哈哈哈哈哈哈哈哈哈哈哈哈哈哈哈哈哈哈哈哈哈哈哈哈哈哈哈哈哈哈哈哈哈哈哈哈哈哈哈哈哈哈哈哈哈哈哈哈哈哈哈哈哈哈哈哈哈哈哈哈哈哈哈哈哈哈哈哈哈哈哈哈哈哈哈哈哈哈哈哈哈哈哈哈哈哈哈哈哈哈哈哈哈哈哈哈哈哈哈哈哈哈哈哈哈哈哈哈哈哈哈哈哈哈哈哈哈哈哈哈哈哈哈哈哈哈哈哈哈哈哈哈哈哈哈哈哈哈哈哈哈哈哈哈哈哈哈哈哈哈哈哈哈哈哈哈哈哈哈哈哈哈哈哈哈哈哈哈哈哈哈哈哈哈哈哈哈哈哈哈哈哈哈哈哈哈哈哈哈哈哈哈哈哈哈哈哈哈哈哈哈哈哈哈哈哈哈哈哈哈哈哈哈哈哈哈哈哈哈哈哈哈哈哈哈哈哈哈哈哈哈哈哈哈哈哈哈哈哈哈哈哈哈哈哈哈哈哈哈哈哈哈哈哈哈哈哈哈哈哈哈哈哈哈哈哈哈哈哈哈哈哈哈哈哈哈哈哈哈哈哈哈哈哈哈哈哈哈哈哈哈哈哈哈哈哈哈哈哈哈哈哈哈哈哈哈哈哈哈哈哈哈哈哈哈哈哈哈哈哈哈哈哈哈哈哈哈哈哈哈哈哈哈哈哈哈哈哈哈哈哈哈哈哈哈哈哈哈哈哈哈哈哈哈哈哈哈哈哈哈哈哈哈哈哈哈哈哈哈哈哈哈哈哈哈哈哈哈哈哈哈哈哈哈哈哈哈哈哈哈哈哈哈哈哈哈哈哈哈哈哈哈哈哈哈哈哈哈哈哈哈哈哈哈哈哈哈哈哈哈哈哈哈哈哈哈哈哈哈哈哈哈哈哈哈哈哈哈哈哈哈哈哈哈哈哈哈哈哈哈哈哈哈哈哈哈哈哈哈哈哈哈哈哈哈哈哈哈哈哈哈哈哈哈哈哈哈哈哈哈哈哈哈哈哈哈哈哈哈哈哈哈哈哈哈哈哈哈哈哈哈哈哈哈哈哈哈哈哈哈哈哈哈哈哈哈哈哈哈哈哈哈哈哈哈哈哈哈哈哈哈哈哈哈哈哈哈哈哈哈哈哈哈哈哈哈哈哈哈哈哈哈哈哈哈哈哈哈哈哈哈哈哈哈哈哈哈哈哈哈哈哈哈哈哈哈哈哈哈哈哈哈哈哈哈哈哈哈哈哈哈哈哈哈哈哈哈哈哈哈哈哈哈哈哈哈哈哈哈哈哈哈哈哈哈哈哈哈哈哈哈哈哈哈哈哈哈哈哈哈哈哈哈哈哈哈哈哈哈哈哈哈哈哈哈哈哈哈哈哈哈哈哈哈哈哈哈哈哈哈哈哈哈哈哈哈哈哈哈哈哈哈哈哈哈哈哈哈哈哈哈哈哈哈哈哈哈哈哈哈哈哈哈哈哈哈哈哈哈哈哈哈哈哈哈哈哈哈哈哈哈哈哈哈哈哈哈哈哈哈哈哈哈哈哈哈哈哈哈哈哈哈哈哈哈哈哈哈哈哈哈哈哈哈哈哈哈哈哈哈哈哈哈哈哈哈哈哈哈哈哈哈哈哈哈哈哈哈哈哈哈哈哈哈哈哈哈哈哈哈哈哈哈哈哈哈哈哈哈哈哈哈哈哈哈哈哈哈哈哈哈哈哈哈哈哈哈哈哈哈哈哈哈哈哈', 2, 'system', '2023-05-23 18:34:43', '1');
INSERT INTO `bus_issue_answer` VALUES (2, 2, '不满意可以发起投诉，我们回安排专人后续更加处理。', 2, 'system', '2023-05-24 15:26:22', '1');
INSERT INTO `bus_issue_answer` VALUES (3, 1, '1111', 2, 'system', '2023-10-30 19:30:01', '0');

-- ----------------------------
-- Table structure for bus_issue_category
-- ----------------------------
DROP TABLE IF EXISTS `bus_issue_category`;
CREATE TABLE `bus_issue_category`  (
  `issue_id` bigint NOT NULL COMMENT '问题id，表bus_issue',
  `category_id` bigint NOT NULL COMMENT '类型id，表bus_category'
) ENGINE = InnoDB CHARACTER SET = utf8mb4 COLLATE = utf8mb4_general_ci COMMENT = '问题类型关联表' ROW_FORMAT = DYNAMIC;

-- ----------------------------
-- Records of bus_issue_category
-- ----------------------------
INSERT INTO `bus_issue_category` VALUES (1, 3);
INSERT INTO `bus_issue_category` VALUES (1, 4);
INSERT INTO `bus_issue_category` VALUES (2, 3);
INSERT INTO `bus_issue_category` VALUES (2, 1);
INSERT INTO `bus_issue_category` VALUES (3, 4);

-- ----------------------------
-- Table structure for bus_notice
-- ----------------------------
DROP TABLE IF EXISTS `bus_notice`;
CREATE TABLE `bus_notice`  (
  `id` bigint NOT NULL AUTO_INCREMENT COMMENT '主键',
  `notice_title` varchar(128) CHARACTER SET utf8mb4 COLLATE utf8mb4_general_ci NOT NULL DEFAULT '' COMMENT '公告标题',
  `notice_type_id` bigint NOT NULL COMMENT '公告类型主键,表\'bus_notice_type\'',
  `create_time` datetime NOT NULL DEFAULT CURRENT_TIMESTAMP COMMENT '创建时间',
  `create_by` varchar(32) CHARACTER SET utf8mb4 COLLATE utf8mb4_general_ci NOT NULL DEFAULT '' COMMENT '创建人',
  `update_time` datetime NOT NULL DEFAULT CURRENT_TIMESTAMP COMMENT '修改时间',
  `update_by` varchar(32) CHARACTER SET utf8mb4 COLLATE utf8mb4_general_ci NOT NULL DEFAULT '' COMMENT '修改人',
  `del_flag` char(1) CHARACTER SET utf8mb4 COLLATE utf8mb4_general_ci NOT NULL DEFAULT '0' COMMENT '删除标记,0=未删除,1=已删除',
  `content` text CHARACTER SET utf8mb4 COLLATE utf8mb4_general_ci NOT NULL COMMENT '公告内容',
  `sort` bigint NOT NULL COMMENT '排序',
  PRIMARY KEY (`id`) USING BTREE
) ENGINE = InnoDB AUTO_INCREMENT = 4 CHARACTER SET = utf8mb4 COLLATE = utf8mb4_general_ci COMMENT = '公告表' ROW_FORMAT = DYNAMIC;

-- ----------------------------
-- Records of bus_notice
-- ----------------------------
INSERT INTO `bus_notice` VALUES (1, '小区绿化公告', 1, '2023-05-24 09:01:50', 'system', '2023-05-24 09:01:50', '', '0', '<p>尊敬的业主：</p><p><br></p><p>为提升小区管理服务质量，我办决定进行一次小区绿化美化工作，将于明天开始进行草坪修剪和花卉更新。请各位业主相互转告，确保您的车辆和私人物品不受到影响，避免在工作区域停放。</p><p><br></p><p>给您带来的不便，我们深感抱歉，同时也感谢您的理解和支持。我们将竭尽全力，确保工作的高效完成，为小区营造更美好的生活环境。</p><p><br></p><p>特此通知。</p><p><br></p><p>物业办公室</p><p>日期：XXXX年XX月XX日</p>', 1);
INSERT INTO `bus_notice` VALUES (2, '社区紧急演练', 2, '2023-05-24 09:02:44', 'system', '2023-05-24 09:02:44', '', '0', '<p>尊敬的业主：</p><p><br></p><p>为提升小区的安全管理水平，我办决定进行一次紧急演练活动。根据计划，演练将于明天上午10点开始进行，预计持续时间约30分钟。演练内容包括紧急疏散、火灾扑救等应急情况的模拟。</p><p><br></p><p>为确保演练的顺利进行，请各位业主提前做好准备，遵守现场工作人员的指示，配合演练过程中的安排和指挥。在演练期间，请不要恐慌，保持冷静，保护好自己的安全。</p><p><br></p><p>此次演练是为了增强业主们在紧急情况下的应变能力，提高小区整体安全意识。希望各位业主能积极参与，共同营造一个安全、和谐的居住环境。</p><p><br></p><p>特此通知。</p><p><br></p><p>物业办公室</p><p>日期：XXXX年XX月XX日</p>', 2);
INSERT INTO `bus_notice` VALUES (3, '2023年5月植树节植树活动', 3, '2023-05-24 09:03:50', 'system', '2023-05-24 09:03:50', '', '0', '<p>尊敬的业主：</p><p><br></p><p>为了改善小区环境，提升生活品质，我办决定开展一次大型绿化行动。计划于本周六上午9点在小区中心广场集合，共同参与植树活动。</p><p><br></p><p>此次活动旨在增加小区的绿化覆盖率，改善空气质量，并为大家打造一个美丽宜居的生活环境。为确保活动的顺利进行，我们将提供所需的工具和植树苗木，只需您带上一份热情和参与的心情即可。</p><p><br></p><p>希望各位业主能积极响应，踊跃参与，共同营造一个美丽、绿色的社区。让我们携手努力，共同创造一个更加宜居的家园。</p><p><br></p><p>特此通知。</p><p><br></p><p>物业办公室</p><p>日期：XXXX年XX月XX日</p>', 2);

-- ----------------------------
-- Table structure for bus_notice_type
-- ----------------------------
DROP TABLE IF EXISTS `bus_notice_type`;
CREATE TABLE `bus_notice_type`  (
  `id` bigint NOT NULL AUTO_INCREMENT COMMENT '主键',
  `notice_type` varchar(64) CHARACTER SET utf8mb4 COLLATE utf8mb4_general_ci NOT NULL DEFAULT '' COMMENT '公告类型',
  `sort` bigint NOT NULL COMMENT '排序',
  `create_time` datetime NOT NULL DEFAULT CURRENT_TIMESTAMP COMMENT '创建时间',
  `create_by` varchar(64) CHARACTER SET utf8mb4 COLLATE utf8mb4_general_ci NOT NULL DEFAULT '' COMMENT '创建人',
  `update_time` datetime NOT NULL DEFAULT CURRENT_TIMESTAMP COMMENT '更新时间',
  `update_by` varchar(255) CHARACTER SET utf8mb4 COLLATE utf8mb4_general_ci NOT NULL DEFAULT '' COMMENT '更新人',
  `del_flag` char(1) CHARACTER SET utf8mb4 COLLATE utf8mb4_general_ci NOT NULL DEFAULT '0' COMMENT '删除标记',
  PRIMARY KEY (`id`) USING BTREE
) ENGINE = InnoDB AUTO_INCREMENT = 5 CHARACTER SET = utf8mb4 COLLATE = utf8mb4_general_ci COMMENT = '公告类型表' ROW_FORMAT = DYNAMIC;

-- ----------------------------
-- Records of bus_notice_type
-- ----------------------------
INSERT INTO `bus_notice_type` VALUES (1, '通知', 1, '2023-05-24 09:00:28', 'system', '2023-05-24 09:00:28', '', '0');
INSERT INTO `bus_notice_type` VALUES (2, '公告', 2, '2023-05-24 09:02:16', 'system', '2023-05-24 09:02:16', '', '0');
INSERT INTO `bus_notice_type` VALUES (3, '活动', 1, '2023-05-24 09:03:19', 'system', '2023-05-24 09:03:19', '', '0');
INSERT INTO `bus_notice_type` VALUES (4, '3', 1, '2023-10-27 16:29:37', 'system', '2023-10-27 16:29:37', '', '1');

-- ----------------------------
-- Table structure for bus_oper_log
-- ----------------------------
DROP TABLE IF EXISTS `bus_oper_log`;
CREATE TABLE `bus_oper_log`  (
  `operator_id` bigint NOT NULL AUTO_INCREMENT COMMENT '日志主键',
  `title` varchar(50) CHARACTER SET utf8mb3 COLLATE utf8mb3_general_ci NULL DEFAULT '' COMMENT '模块标题',
  `business_type` int NULL DEFAULT 0 COMMENT '业务类型（0=其它,1=新增,2=修改,3=删除,4=授权,5=导出,6=导入,7=强退,8=生成代码,9=清空数据）',
  `method` varchar(100) CHARACTER SET utf8mb3 COLLATE utf8mb3_general_ci NULL DEFAULT '' COMMENT '方法名称',
  `request_method` varchar(10) CHARACTER SET utf8mb3 COLLATE utf8mb3_general_ci NULL DEFAULT '' COMMENT '请求方式',
  `operator_type` int NULL DEFAULT 0 COMMENT '操作类别（2：手机端用户 3：公众号用户 4：小程序用户 5：H5用户）',
  `operator_url` varchar(255) CHARACTER SET utf8mb3 COLLATE utf8mb3_general_ci NULL DEFAULT '' COMMENT '请求URL',
  `operator_ip` varchar(128) CHARACTER SET utf8mb3 COLLATE utf8mb3_general_ci NULL DEFAULT '' COMMENT '主机地址',
  `operator_site` varchar(255) CHARACTER SET utf8mb3 COLLATE utf8mb3_general_ci NULL DEFAULT '' COMMENT '操作地点',
  `operator_param` varchar(2000) CHARACTER SET utf8mb3 COLLATE utf8mb3_general_ci NULL DEFAULT '' COMMENT '请求参数',
  `json_result` varchar(2000) CHARACTER SET utf8mb3 COLLATE utf8mb3_general_ci NULL DEFAULT '' COMMENT '返回参数',
  `status` int NULL DEFAULT 0 COMMENT '操作状态（0正常 1异常）',
  `error_msg` varchar(2000) CHARACTER SET utf8mb3 COLLATE utf8mb3_general_ci NULL DEFAULT '' COMMENT '错误消息',
  `operator_time` datetime NULL DEFAULT NULL COMMENT '操作时间',
  PRIMARY KEY (`operator_id`) USING BTREE
) ENGINE = InnoDB CHARACTER SET = utf8mb3 COLLATE = utf8mb3_general_ci COMMENT = '操作日志记录' ROW_FORMAT = DYNAMIC;

-- ----------------------------
-- Records of bus_oper_log
-- ----------------------------

-- ----------------------------
-- Table structure for bus_region
-- ----------------------------
DROP TABLE IF EXISTS `bus_region`;
CREATE TABLE `bus_region`  (
  `id` bigint NOT NULL AUTO_INCREMENT COMMENT '主键',
  `region_name` varchar(32) CHARACTER SET utf8mb4 COLLATE utf8mb4_general_ci NOT NULL DEFAULT '' COMMENT '区域名称',
  `sort` bigint NOT NULL COMMENT '排序',
  `create_time` datetime NOT NULL COMMENT '创建时间',
  `create_by` varchar(32) CHARACTER SET utf8mb4 COLLATE utf8mb4_general_ci NOT NULL DEFAULT '' COMMENT '创建人',
  `update_time` datetime NOT NULL COMMENT '创建时间',
  `update_by` varchar(32) CHARACTER SET utf8mb4 COLLATE utf8mb4_general_ci NOT NULL DEFAULT '' COMMENT '修改人',
  `del_flag` char(1) CHARACTER SET utf8mb4 COLLATE utf8mb4_general_ci NOT NULL DEFAULT '0' COMMENT '删除标记,0=未删除,1=已删除,默认0',
  PRIMARY KEY (`id`) USING BTREE
) ENGINE = InnoDB AUTO_INCREMENT = 3 CHARACTER SET = utf8mb4 COLLATE = utf8mb4_general_ci COMMENT = '区域管理表' ROW_FORMAT = DYNAMIC;

-- ----------------------------
-- Records of bus_region
-- ----------------------------
INSERT INTO `bus_region` VALUES (1, '安徽省', 1, '2023-04-24 16:59:53', 'system', '2023-04-24 16:59:53', 'system', '0');
INSERT INTO `bus_region` VALUES (2, '宣州区', 2, '2023-04-24 17:00:02', 'system', '2023-04-24 17:00:02', 'system', '0');

-- ----------------------------
-- Table structure for bus_standard
-- ----------------------------
DROP TABLE IF EXISTS `bus_standard`;
CREATE TABLE `bus_standard`  (
  `standard_id` bigint NOT NULL AUTO_INCREMENT COMMENT '主键id',
  `standard_title` varchar(64) CHARACTER SET utf8mb4 COLLATE utf8mb4_general_ci NOT NULL DEFAULT '' COMMENT '项目名称',
  `status` char(1) CHARACTER SET utf8mb4 COLLATE utf8mb4_general_ci NOT NULL DEFAULT '0' COMMENT '状态：0=启用，1=停用',
  `update_by` varchar(64) CHARACTER SET utf8mb4 COLLATE utf8mb4_general_ci NOT NULL DEFAULT '' COMMENT '更新人',
  `update_time` datetime NOT NULL DEFAULT CURRENT_TIMESTAMP COMMENT '更新时间 ',
  `del_flag` char(1) CHARACTER SET utf8mb4 COLLATE utf8mb4_general_ci NOT NULL DEFAULT '0' COMMENT '删除标记0：未删除1已删除',
  PRIMARY KEY (`standard_id`) USING BTREE
) ENGINE = InnoDB AUTO_INCREMENT = 11 CHARACTER SET = utf8mb4 COLLATE = utf8mb4_general_ci COMMENT = '考核标准' ROW_FORMAT = DYNAMIC;

-- ----------------------------
-- Records of bus_standard
-- ----------------------------
INSERT INTO `bus_standard` VALUES (1, '业主投票', '0', 'admin', '2022-12-09 16:47:49', '0');
INSERT INTO `bus_standard` VALUES (2, '员工投票', '0', 'admin', '2023-03-28 13:21:06', '0');
INSERT INTO `bus_standard` VALUES (3, '园区报事', '0', 'admin', '2022-11-17 16:41:15', '0');
INSERT INTO `bus_standard` VALUES (4, '居家维修', '0', 'admin', '2022-12-09 17:02:44', '0');
INSERT INTO `bus_standard` VALUES (5, '灾害报事', '0', 'admin', '2022-12-09 17:02:36', '0');
INSERT INTO `bus_standard` VALUES (6, '巡检工单', '0', 'admin', '2022-12-09 16:48:37', '0');
INSERT INTO `bus_standard` VALUES (7, '巡查工单', '0', 'system', '2022-11-10 09:19:44', '0');
INSERT INTO `bus_standard` VALUES (8, '巡更工单', '0', 'system', '2022-11-10 09:19:44', '0');
INSERT INTO `bus_standard` VALUES (9, '设备维护', '0', 'system', '2022-11-10 09:19:44', '0');
INSERT INTO `bus_standard` VALUES (10, '线下考核', '0', 'admin', '2022-11-24 15:35:37', '0');

-- ----------------------------
-- Table structure for bus_standard_offline
-- ----------------------------
DROP TABLE IF EXISTS `bus_standard_offline`;
CREATE TABLE `bus_standard_offline`  (
  `standard_id` bigint NOT NULL DEFAULT 0 COMMENT '标准id，表xccj_office.bus_standard_vote（10）',
  `total_score` decimal(10, 2) NOT NULL COMMENT '满分',
  `remark` varchar(1000) CHARACTER SET utf8mb4 COLLATE utf8mb4_general_ci NOT NULL DEFAULT '' COMMENT '备注'
) ENGINE = InnoDB CHARACTER SET = utf8mb4 COLLATE = utf8mb4_general_ci COMMENT = '考核标准-线下考核' ROW_FORMAT = DYNAMIC;

-- ----------------------------
-- Records of bus_standard_offline
-- ----------------------------
INSERT INTO `bus_standard_offline` VALUES (10, 100.00, '综合评判');

-- ----------------------------
-- Table structure for bus_standard_order
-- ----------------------------
DROP TABLE IF EXISTS `bus_standard_order`;
CREATE TABLE `bus_standard_order`  (
  `order_id` bigint NOT NULL DEFAULT 0 COMMENT '主键id',
  `order_time` int NOT NULL DEFAULT 1 COMMENT '频次',
  `time_score` decimal(10, 2) NOT NULL COMMENT '每次得分',
  `standard_id` bigint NOT NULL DEFAULT 0 COMMENT '标准id，表xccj_office.bus_standard_vote（6，7，8，9）',
  `del_flag` char(1) CHARACTER SET utf8mb4 COLLATE utf8mb4_general_ci NOT NULL DEFAULT '0' COMMENT '删除标记0：未删除1已删除'
) ENGINE = InnoDB CHARACTER SET = utf8mb4 COLLATE = utf8mb4_general_ci COMMENT = '考核标准-工单频次' ROW_FORMAT = DYNAMIC;

-- ----------------------------
-- Records of bus_standard_order
-- ----------------------------
INSERT INTO `bus_standard_order` VALUES (0, 25, 4.00, 6, '0');
INSERT INTO `bus_standard_order` VALUES (0, 25, 4.00, 7, '0');
INSERT INTO `bus_standard_order` VALUES (0, 25, 4.00, 8, '0');
INSERT INTO `bus_standard_order` VALUES (0, 25, 4.00, 9, '0');

-- ----------------------------
-- Table structure for bus_standard_vote
-- ----------------------------
DROP TABLE IF EXISTS `bus_standard_vote`;
CREATE TABLE `bus_standard_vote`  (
  `vote_id` bigint NOT NULL DEFAULT 0 COMMENT '主键id',
  `vote_title` varchar(64) CHARACTER SET utf8mb4 COLLATE utf8mb4_general_ci NOT NULL DEFAULT '' COMMENT '题目名称',
  `vote_score` decimal(10, 2) NOT NULL COMMENT '题目分值',
  `yes_score` decimal(10, 2) NOT NULL COMMENT '“是”分值',
  `no_score` decimal(10, 2) NOT NULL COMMENT '“否”分值',
  `standard_id` bigint NOT NULL DEFAULT 0 COMMENT '标准id，表xccj_office.bus_standard（1，2）',
  `del_flag` char(1) CHARACTER SET utf8mb4 COLLATE utf8mb4_general_ci NOT NULL DEFAULT '0' COMMENT '删除标记0：未删除1已删除'
) ENGINE = InnoDB CHARACTER SET = utf8mb4 COLLATE = utf8mb4_general_ci COMMENT = '考核标准-投票' ROW_FORMAT = DYNAMIC;

-- ----------------------------
-- Records of bus_standard_vote
-- ----------------------------
INSERT INTO `bus_standard_vote` VALUES (0, '物业服务态度是否满意', 50.00, 50.00, 0.00, 1, '0');
INSERT INTO `bus_standard_vote` VALUES (0, '小区环境是否满意', 50.00, 50.00, 0.00, 1, '0');
INSERT INTO `bus_standard_vote` VALUES (0, '物业薪酬能否按时发放', 50.00, 50.00, 0.00, 2, '0');
INSERT INTO `bus_standard_vote` VALUES (0, '是否存在离职的计划', 50.00, 50.00, 0.00, 2, '0');

-- ----------------------------
-- Table structure for bus_tender_manage
-- ----------------------------
DROP TABLE IF EXISTS `bus_tender_manage`;
CREATE TABLE `bus_tender_manage`  (
  `id` bigint NOT NULL AUTO_INCREMENT COMMENT '主键',
  `company_id` bigint NOT NULL COMMENT '表 bus_company',
  `invit_id` bigint NOT NULL COMMENT '表 bus_invitational_tenders',
  `time` datetime NOT NULL COMMENT '投标时间',
  `notification_url` varchar(255) CHARACTER SET utf8mb4 COLLATE utf8mb4_general_ci NULL DEFAULT '' COMMENT '中标通知书文件地址',
  `tender_url` varchar(255) CHARACTER SET utf8mb4 COLLATE utf8mb4_general_ci NOT NULL DEFAULT '' COMMENT '标书文件地址',
  `status` char(1) CHARACTER SET utf8mb4 COLLATE utf8mb4_general_ci NOT NULL COMMENT '中标状态, 0=未中标, 1=已中标, 默认0',
  `version` bigint NOT NULL COMMENT '版本',
  PRIMARY KEY (`id`) USING BTREE
) ENGINE = InnoDB CHARACTER SET = utf8mb4 COLLATE = utf8mb4_general_ci COMMENT = '投标管理表' ROW_FORMAT = DYNAMIC;

-- ----------------------------
-- Records of bus_tender_manage
-- ----------------------------

-- ----------------------------
-- Table structure for bus_vote_record
-- ----------------------------
DROP TABLE IF EXISTS `bus_vote_record`;
CREATE TABLE `bus_vote_record`  (
  `record_id` bigint NOT NULL AUTO_INCREMENT COMMENT '主键id',
  `estate_id` bigint NOT NULL DEFAULT 0 COMMENT '物业id，表xccj_community.bus_estate',
  `estate_name` varchar(64) CHARACTER SET utf8mb4 COLLATE utf8mb4_general_ci NOT NULL DEFAULT '' COMMENT '物业名称',
  `user_type` char(1) CHARACTER SET utf8mb4 COLLATE utf8mb4_general_ci NOT NULL DEFAULT '0' COMMENT '用户类型：0=业主，1=员工',
  `user_id` bigint NOT NULL DEFAULT 0 COMMENT '用户id，user_type对应的小区中的表',
  `user_name` varchar(64) CHARACTER SET utf8mb4 COLLATE utf8mb4_general_ci NOT NULL DEFAULT '' COMMENT '用户姓名',
  `user_phone` varchar(64) CHARACTER SET utf8mb4 COLLATE utf8mb4_general_ci NOT NULL DEFAULT '' COMMENT '用户手机号',
  `assess_id` bigint NOT NULL DEFAULT 0 COMMENT '考核id，表xccj_office.bus_assess',
  `assess_score` decimal(10, 2) NULL DEFAULT NULL COMMENT '投票得分',
  `vote_time` datetime NOT NULL DEFAULT CURRENT_TIMESTAMP COMMENT '投票时间',
  `del_flag` char(1) CHARACTER SET utf8mb4 COLLATE utf8mb4_general_ci NOT NULL DEFAULT '0' COMMENT '删除标记0：未删除1已删除',
  PRIMARY KEY (`record_id`) USING BTREE
) ENGINE = InnoDB AUTO_INCREMENT = 23 CHARACTER SET = utf8mb4 COLLATE = utf8mb4_general_ci COMMENT = '投票纪录' ROW_FORMAT = DYNAMIC;

-- ----------------------------
-- Records of bus_vote_record
-- ----------------------------
INSERT INTO `bus_vote_record` VALUES (1, 2, '测试物业_01', '0', 11, '业主戊', '13600000000', 1, 0.00, '2023-05-17 16:03:48', '0');
INSERT INTO `bus_vote_record` VALUES (2, 2, '测试物业_01', '0', 11, '业主戊', '13600000000', 2, 50.00, '2023-05-17 16:11:21', '0');
INSERT INTO `bus_vote_record` VALUES (3, 2, '测试物业_01', '0', 10, '甫', '13800000000', 2, 0.00, '2023-05-17 16:12:20', '0');
INSERT INTO `bus_vote_record` VALUES (4, 2, '测试物业_01', '0', 10, '甫', '13800000000', 1, 100.00, '2023-05-17 16:12:41', '0');
INSERT INTO `bus_vote_record` VALUES (5, 2, '测试物业_01', '0', 11, '业主戊', '13600000000', 3, 100.00, '2023-05-22 10:49:40', '0');
INSERT INTO `bus_vote_record` VALUES (6, 2, '测试物业_01', '1', 13, '测试安防甲', '13400000001', 4, NULL, '2023-05-24 10:00:14', '0');
INSERT INTO `bus_vote_record` VALUES (7, 2, '测试物业_01', '1', 14, '测试安防乙', '13400000002', 4, NULL, '2023-05-24 10:00:52', '0');
INSERT INTO `bus_vote_record` VALUES (8, 2, '测试物业_01', '1', 29, '移动端管理员', '15266666666', 3, NULL, '2023-05-24 10:03:56', '0');
INSERT INTO `bus_vote_record` VALUES (9, 2, '测试物业_01', '1', 29, '移动端管理员', '15266666666', 5, NULL, '2023-05-24 10:12:44', '0');
INSERT INTO `bus_vote_record` VALUES (10, 2, '测试物业_01', '1', 29, '移动端管理员', '15266666666', 6, NULL, '2023-05-24 10:15:23', '0');
INSERT INTO `bus_vote_record` VALUES (11, 2, '测试物业_01', '0', 11, '业主戊', '13600000000', 7, 100.00, '2023-05-24 10:17:50', '0');
INSERT INTO `bus_vote_record` VALUES (12, 2, '测试物业_01', '1', 29, '移动端管理员', '15266666666', 7, 50.00, '2023-05-24 10:18:16', '0');
INSERT INTO `bus_vote_record` VALUES (13, 2, '测试物业_01', '1', 17, '测试装修甲', '13400000005', 7, 100.00, '2023-05-24 10:19:19', '0');
INSERT INTO `bus_vote_record` VALUES (14, 2, '测试物业_01', '1', 10, '测试账号&', '15288888888', 7, 100.00, '2023-05-24 10:28:56', '0');
INSERT INTO `bus_vote_record` VALUES (15, 2, '测试物业_01', '0', 10, '甫', '13800000000', 7, 100.00, '2023-05-24 14:15:05', '0');
INSERT INTO `bus_vote_record` VALUES (16, 2, '测试物业_01', '1', 29, '移动端管理员', '15266666666', 8, NULL, '2023-05-24 14:49:31', '0');
INSERT INTO `bus_vote_record` VALUES (17, 2, '测试物业_01', '1', 10, '测试账号&', '15288888888', 8, NULL, '2023-05-24 14:50:07', '0');
INSERT INTO `bus_vote_record` VALUES (18, 2, '测试物业_01', '1', 10, '测试账号&', '15288888888', 3, 50.00, '2023-05-24 14:57:21', '0');
INSERT INTO `bus_vote_record` VALUES (19, 2, '测试物业_01', '1', 10, '测试账号11', '15288888888', 2, 50.00, '2023-05-30 09:31:10', '0');
INSERT INTO `bus_vote_record` VALUES (20, 2, '测试物业_01', '1', 10, '测试账号11', '15288888888', 9, 50.00, '2023-06-12 14:28:34', '0');
INSERT INTO `bus_vote_record` VALUES (21, 2, '测试物业_01', '1', 13, '测试安防甲', '13400000001', 9, 50.00, '2023-06-13 08:54:36', '0');
INSERT INTO `bus_vote_record` VALUES (22, 2, '测试物业_01', '0', 57, '小郑', '13905673635', 9, 50.00, '2023-08-11 15:54:19', '0');

-- ----------------------------
-- Table structure for qrtz_calendars
-- ----------------------------
DROP TABLE IF EXISTS `qrtz_calendars`;
CREATE TABLE `qrtz_calendars`  (
  `sched_name` varchar(120) CHARACTER SET utf8mb4 COLLATE utf8mb4_general_ci NOT NULL COMMENT '调度名称',
  `calendar_name` varchar(200) CHARACTER SET utf8mb4 COLLATE utf8mb4_general_ci NOT NULL COMMENT '日历名称',
  `calendar` blob NOT NULL COMMENT '存放持久化calendar对象',
  PRIMARY KEY (`sched_name`, `calendar_name`) USING BTREE
) ENGINE = InnoDB CHARACTER SET = utf8mb4 COLLATE = utf8mb4_general_ci COMMENT = '日历信息表' ROW_FORMAT = DYNAMIC;

-- ----------------------------
-- Records of qrtz_calendars
-- ----------------------------

-- ----------------------------
-- Table structure for qrtz_cron_triggers
-- ----------------------------
DROP TABLE IF EXISTS `qrtz_cron_triggers`;
CREATE TABLE `qrtz_cron_triggers`  (
  `sched_name` varchar(120) CHARACTER SET utf8mb4 COLLATE utf8mb4_general_ci NOT NULL COMMENT '调度名称',
  `trigger_name` varchar(200) CHARACTER SET utf8mb4 COLLATE utf8mb4_general_ci NOT NULL COMMENT 'qrtz_triggers表trigger_name的外键',
  `trigger_group` varchar(200) CHARACTER SET utf8mb4 COLLATE utf8mb4_general_ci NOT NULL COMMENT 'qrtz_triggers表trigger_group的外键',
  `cron_expression` varchar(200) CHARACTER SET utf8mb4 COLLATE utf8mb4_general_ci NOT NULL COMMENT 'cron表达式',
  `time_zone_id` varchar(80) CHARACTER SET utf8mb4 COLLATE utf8mb4_general_ci NULL DEFAULT NULL COMMENT '时区',
  PRIMARY KEY (`sched_name`, `trigger_name`, `trigger_group`) USING BTREE,
  CONSTRAINT `qrtz_cron_triggers_ibfk_1` FOREIGN KEY (`sched_name`, `trigger_name`, `trigger_group`) REFERENCES `qrtz_triggers` (`sched_name`, `trigger_name`, `trigger_group`) ON DELETE RESTRICT ON UPDATE RESTRICT
) ENGINE = InnoDB CHARACTER SET = utf8mb4 COLLATE = utf8mb4_general_ci COMMENT = 'Cron类型的触发器表' ROW_FORMAT = DYNAMIC;

-- ----------------------------
-- Records of qrtz_cron_triggers
-- ----------------------------

-- ----------------------------
-- Table structure for qrtz_fired_triggers
-- ----------------------------
DROP TABLE IF EXISTS `qrtz_fired_triggers`;
CREATE TABLE `qrtz_fired_triggers`  (
  `sched_name` varchar(120) CHARACTER SET utf8mb4 COLLATE utf8mb4_general_ci NOT NULL COMMENT '调度名称',
  `entry_id` varchar(95) CHARACTER SET utf8mb4 COLLATE utf8mb4_general_ci NOT NULL COMMENT '调度器实例id',
  `trigger_name` varchar(200) CHARACTER SET utf8mb4 COLLATE utf8mb4_general_ci NOT NULL COMMENT 'qrtz_triggers表trigger_name的外键',
  `trigger_group` varchar(200) CHARACTER SET utf8mb4 COLLATE utf8mb4_general_ci NOT NULL COMMENT 'qrtz_triggers表trigger_group的外键',
  `instance_name` varchar(200) CHARACTER SET utf8mb4 COLLATE utf8mb4_general_ci NOT NULL COMMENT '调度器实例名',
  `fired_time` bigint NOT NULL COMMENT '触发的时间',
  `sched_time` bigint NOT NULL COMMENT '定时器制定的时间',
  `priority` int NOT NULL COMMENT '优先级',
  `state` varchar(16) CHARACTER SET utf8mb4 COLLATE utf8mb4_general_ci NOT NULL COMMENT '状态',
  `job_name` varchar(200) CHARACTER SET utf8mb4 COLLATE utf8mb4_general_ci NULL DEFAULT NULL COMMENT '任务名称',
  `job_group` varchar(200) CHARACTER SET utf8mb4 COLLATE utf8mb4_general_ci NULL DEFAULT NULL COMMENT '任务组名',
  `is_nonconcurrent` varchar(1) CHARACTER SET utf8mb4 COLLATE utf8mb4_general_ci NULL DEFAULT NULL COMMENT '是否并发',
  `requests_recovery` varchar(1) CHARACTER SET utf8mb4 COLLATE utf8mb4_general_ci NULL DEFAULT NULL COMMENT '是否接受恢复执行',
  PRIMARY KEY (`sched_name`, `entry_id`) USING BTREE
) ENGINE = InnoDB CHARACTER SET = utf8mb4 COLLATE = utf8mb4_general_ci COMMENT = '已触发的触发器表' ROW_FORMAT = DYNAMIC;

-- ----------------------------
-- Records of qrtz_fired_triggers
-- ----------------------------

-- ----------------------------
-- Table structure for qrtz_job_details
-- ----------------------------
DROP TABLE IF EXISTS `qrtz_job_details`;
CREATE TABLE `qrtz_job_details`  (
  `sched_name` varchar(120) CHARACTER SET utf8mb4 COLLATE utf8mb4_general_ci NOT NULL COMMENT '调度名称',
  `job_name` varchar(200) CHARACTER SET utf8mb4 COLLATE utf8mb4_general_ci NOT NULL COMMENT '任务名称',
  `job_group` varchar(200) CHARACTER SET utf8mb4 COLLATE utf8mb4_general_ci NOT NULL COMMENT '任务组名',
  `description` varchar(250) CHARACTER SET utf8mb4 COLLATE utf8mb4_general_ci NULL DEFAULT NULL COMMENT '相关介绍',
  `job_class_name` varchar(250) CHARACTER SET utf8mb4 COLLATE utf8mb4_general_ci NOT NULL COMMENT '执行任务类名称',
  `is_durable` varchar(1) CHARACTER SET utf8mb4 COLLATE utf8mb4_general_ci NOT NULL COMMENT '是否持久化',
  `is_nonconcurrent` varchar(1) CHARACTER SET utf8mb4 COLLATE utf8mb4_general_ci NOT NULL COMMENT '是否并发',
  `is_update_data` varchar(1) CHARACTER SET utf8mb4 COLLATE utf8mb4_general_ci NOT NULL COMMENT '是否更新数据',
  `requests_recovery` varchar(1) CHARACTER SET utf8mb4 COLLATE utf8mb4_general_ci NOT NULL COMMENT '是否接受恢复执行',
  `job_data` blob NULL COMMENT '存放持久化job对象',
  PRIMARY KEY (`sched_name`, `job_name`, `job_group`) USING BTREE
) ENGINE = InnoDB CHARACTER SET = utf8mb4 COLLATE = utf8mb4_general_ci COMMENT = '任务详细信息表' ROW_FORMAT = DYNAMIC;

-- ----------------------------
-- Records of qrtz_job_details
-- ----------------------------

-- ----------------------------
-- Table structure for qrtz_locks
-- ----------------------------
DROP TABLE IF EXISTS `qrtz_locks`;
CREATE TABLE `qrtz_locks`  (
  `sched_name` varchar(120) CHARACTER SET utf8mb4 COLLATE utf8mb4_general_ci NOT NULL COMMENT '调度名称',
  `lock_name` varchar(40) CHARACTER SET utf8mb4 COLLATE utf8mb4_general_ci NOT NULL COMMENT '悲观锁名称',
  PRIMARY KEY (`sched_name`, `lock_name`) USING BTREE
) ENGINE = InnoDB CHARACTER SET = utf8mb4 COLLATE = utf8mb4_general_ci COMMENT = '存储的悲观锁信息表' ROW_FORMAT = DYNAMIC;

-- ----------------------------
-- Records of qrtz_locks
-- ----------------------------

-- ----------------------------
-- Table structure for qrtz_paused_trigger_grps
-- ----------------------------
DROP TABLE IF EXISTS `qrtz_paused_trigger_grps`;
CREATE TABLE `qrtz_paused_trigger_grps`  (
  `sched_name` varchar(120) CHARACTER SET utf8mb4 COLLATE utf8mb4_general_ci NOT NULL COMMENT '调度名称',
  `trigger_group` varchar(200) CHARACTER SET utf8mb4 COLLATE utf8mb4_general_ci NOT NULL COMMENT 'qrtz_triggers表trigger_group的外键',
  PRIMARY KEY (`sched_name`, `trigger_group`) USING BTREE
) ENGINE = InnoDB CHARACTER SET = utf8mb4 COLLATE = utf8mb4_general_ci COMMENT = '暂停的触发器表' ROW_FORMAT = DYNAMIC;

-- ----------------------------
-- Records of qrtz_paused_trigger_grps
-- ----------------------------

-- ----------------------------
-- Table structure for qrtz_scheduler_state
-- ----------------------------
DROP TABLE IF EXISTS `qrtz_scheduler_state`;
CREATE TABLE `qrtz_scheduler_state`  (
  `sched_name` varchar(120) CHARACTER SET utf8mb4 COLLATE utf8mb4_general_ci NOT NULL COMMENT '调度名称',
  `instance_name` varchar(200) CHARACTER SET utf8mb4 COLLATE utf8mb4_general_ci NOT NULL COMMENT '实例名称',
  `last_checkin_time` bigint NOT NULL COMMENT '上次检查时间',
  `checkin_interval` bigint NOT NULL COMMENT '检查间隔时间',
  PRIMARY KEY (`sched_name`, `instance_name`) USING BTREE
) ENGINE = InnoDB CHARACTER SET = utf8mb4 COLLATE = utf8mb4_general_ci COMMENT = '调度器状态表' ROW_FORMAT = DYNAMIC;

-- ----------------------------
-- Records of qrtz_scheduler_state
-- ----------------------------

-- ----------------------------
-- Table structure for qrtz_simple_triggers
-- ----------------------------
DROP TABLE IF EXISTS `qrtz_simple_triggers`;
CREATE TABLE `qrtz_simple_triggers`  (
  `sched_name` varchar(120) CHARACTER SET utf8mb4 COLLATE utf8mb4_general_ci NOT NULL COMMENT '调度名称',
  `trigger_name` varchar(200) CHARACTER SET utf8mb4 COLLATE utf8mb4_general_ci NOT NULL COMMENT 'qrtz_triggers表trigger_name的外键',
  `trigger_group` varchar(200) CHARACTER SET utf8mb4 COLLATE utf8mb4_general_ci NOT NULL COMMENT 'qrtz_triggers表trigger_group的外键',
  `repeat_count` bigint NOT NULL COMMENT '重复的次数统计',
  `repeat_interval` bigint NOT NULL COMMENT '重复的间隔时间',
  `times_triggered` bigint NOT NULL COMMENT '已经触发的次数',
  PRIMARY KEY (`sched_name`, `trigger_name`, `trigger_group`) USING BTREE,
  CONSTRAINT `qrtz_simple_triggers_ibfk_1` FOREIGN KEY (`sched_name`, `trigger_name`, `trigger_group`) REFERENCES `qrtz_triggers` (`sched_name`, `trigger_name`, `trigger_group`) ON DELETE RESTRICT ON UPDATE RESTRICT
) ENGINE = InnoDB CHARACTER SET = utf8mb4 COLLATE = utf8mb4_general_ci COMMENT = '简单触发器的信息表' ROW_FORMAT = DYNAMIC;

-- ----------------------------
-- Records of qrtz_simple_triggers
-- ----------------------------

-- ----------------------------
-- Table structure for qrtz_simprop_triggers
-- ----------------------------
DROP TABLE IF EXISTS `qrtz_simprop_triggers`;
CREATE TABLE `qrtz_simprop_triggers`  (
  `sched_name` varchar(120) CHARACTER SET utf8mb4 COLLATE utf8mb4_general_ci NOT NULL COMMENT '调度名称',
  `trigger_name` varchar(200) CHARACTER SET utf8mb4 COLLATE utf8mb4_general_ci NOT NULL COMMENT 'qrtz_triggers表trigger_name的外键',
  `trigger_group` varchar(200) CHARACTER SET utf8mb4 COLLATE utf8mb4_general_ci NOT NULL COMMENT 'qrtz_triggers表trigger_group的外键',
  `str_prop_1` varchar(512) CHARACTER SET utf8mb4 COLLATE utf8mb4_general_ci NULL DEFAULT NULL COMMENT 'String类型的trigger的第一个参数',
  `str_prop_2` varchar(512) CHARACTER SET utf8mb4 COLLATE utf8mb4_general_ci NULL DEFAULT NULL COMMENT 'String类型的trigger的第二个参数',
  `str_prop_3` varchar(512) CHARACTER SET utf8mb4 COLLATE utf8mb4_general_ci NULL DEFAULT NULL COMMENT 'String类型的trigger的第三个参数',
  `int_prop_1` int NULL DEFAULT NULL COMMENT 'int类型的trigger的第一个参数',
  `int_prop_2` int NULL DEFAULT NULL COMMENT 'int类型的trigger的第二个参数',
  `long_prop_1` bigint NULL DEFAULT NULL COMMENT 'long类型的trigger的第一个参数',
  `long_prop_2` bigint NULL DEFAULT NULL COMMENT 'long类型的trigger的第二个参数',
  `dec_prop_1` decimal(13, 4) NULL DEFAULT NULL COMMENT 'decimal类型的trigger的第一个参数',
  `dec_prop_2` decimal(13, 4) NULL DEFAULT NULL COMMENT 'decimal类型的trigger的第二个参数',
  `bool_prop_1` varchar(1) CHARACTER SET utf8mb4 COLLATE utf8mb4_general_ci NULL DEFAULT NULL COMMENT 'Boolean类型的trigger的第一个参数',
  `bool_prop_2` varchar(1) CHARACTER SET utf8mb4 COLLATE utf8mb4_general_ci NULL DEFAULT NULL COMMENT 'Boolean类型的trigger的第二个参数',
  PRIMARY KEY (`sched_name`, `trigger_name`, `trigger_group`) USING BTREE,
  CONSTRAINT `qrtz_simprop_triggers_ibfk_1` FOREIGN KEY (`sched_name`, `trigger_name`, `trigger_group`) REFERENCES `qrtz_triggers` (`sched_name`, `trigger_name`, `trigger_group`) ON DELETE RESTRICT ON UPDATE RESTRICT
) ENGINE = InnoDB CHARACTER SET = utf8mb4 COLLATE = utf8mb4_general_ci COMMENT = '同步机制的行锁表' ROW_FORMAT = DYNAMIC;

-- ----------------------------
-- Records of qrtz_simprop_triggers
-- ----------------------------

-- ----------------------------
-- Table structure for qrtz_triggers
-- ----------------------------
DROP TABLE IF EXISTS `qrtz_triggers`;
CREATE TABLE `qrtz_triggers`  (
  `sched_name` varchar(120) CHARACTER SET utf8mb4 COLLATE utf8mb4_general_ci NOT NULL COMMENT '调度名称',
  `trigger_name` varchar(200) CHARACTER SET utf8mb4 COLLATE utf8mb4_general_ci NOT NULL COMMENT '触发器的名字',
  `trigger_group` varchar(200) CHARACTER SET utf8mb4 COLLATE utf8mb4_general_ci NOT NULL COMMENT '触发器所属组的名字',
  `job_name` varchar(200) CHARACTER SET utf8mb4 COLLATE utf8mb4_general_ci NOT NULL COMMENT 'qrtz_job_details表job_name的外键',
  `job_group` varchar(200) CHARACTER SET utf8mb4 COLLATE utf8mb4_general_ci NOT NULL COMMENT 'qrtz_job_details表job_group的外键',
  `description` varchar(250) CHARACTER SET utf8mb4 COLLATE utf8mb4_general_ci NULL DEFAULT NULL COMMENT '相关介绍',
  `next_fire_time` bigint NULL DEFAULT NULL COMMENT '上一次触发时间（毫秒）',
  `prev_fire_time` bigint NULL DEFAULT NULL COMMENT '下一次触发时间（默认为-1表示不触发）',
  `priority` int NULL DEFAULT NULL COMMENT '优先级',
  `trigger_state` varchar(16) CHARACTER SET utf8mb4 COLLATE utf8mb4_general_ci NOT NULL COMMENT '触发器状态',
  `trigger_type` varchar(8) CHARACTER SET utf8mb4 COLLATE utf8mb4_general_ci NOT NULL COMMENT '触发器的类型',
  `start_time` bigint NOT NULL COMMENT '开始时间',
  `end_time` bigint NULL DEFAULT NULL COMMENT '结束时间',
  `calendar_name` varchar(200) CHARACTER SET utf8mb4 COLLATE utf8mb4_general_ci NULL DEFAULT NULL COMMENT '日程表名称',
  `misfire_instr` smallint NULL DEFAULT NULL COMMENT '补偿执行的策略',
  `job_data` blob NULL COMMENT '存放持久化job对象',
  PRIMARY KEY (`sched_name`, `trigger_name`, `trigger_group`) USING BTREE,
  INDEX `sched_name`(`sched_name` ASC, `job_name` ASC, `job_group` ASC) USING BTREE,
  CONSTRAINT `qrtz_triggers_ibfk_1` FOREIGN KEY (`sched_name`, `job_name`, `job_group`) REFERENCES `qrtz_job_details` (`sched_name`, `job_name`, `job_group`) ON DELETE RESTRICT ON UPDATE RESTRICT
) ENGINE = InnoDB CHARACTER SET = utf8mb4 COLLATE = utf8mb4_general_ci COMMENT = '触发器详细信息表' ROW_FORMAT = DYNAMIC;

-- ----------------------------
-- Records of qrtz_triggers
-- ----------------------------

-- ----------------------------
-- Table structure for sys_config
-- ----------------------------
DROP TABLE IF EXISTS `sys_config`;
CREATE TABLE `sys_config`  (
  `config_id` int NOT NULL AUTO_INCREMENT COMMENT '参数主键',
  `config_name` varchar(100) CHARACTER SET utf8mb4 COLLATE utf8mb4_general_ci NULL DEFAULT '' COMMENT '参数名称',
  `config_key` varchar(100) CHARACTER SET utf8mb4 COLLATE utf8mb4_general_ci NULL DEFAULT '' COMMENT '参数键名',
  `config_value` varchar(500) CHARACTER SET utf8mb4 COLLATE utf8mb4_general_ci NULL DEFAULT '' COMMENT '参数键值',
  `config_type` char(1) CHARACTER SET utf8mb4 COLLATE utf8mb4_general_ci NULL DEFAULT 'N' COMMENT '系统内置（Y是 N否）',
  `create_by` varchar(64) CHARACTER SET utf8mb4 COLLATE utf8mb4_general_ci NULL DEFAULT '' COMMENT '创建者',
  `create_time` datetime NULL DEFAULT NULL COMMENT '创建时间',
  `update_by` varchar(64) CHARACTER SET utf8mb4 COLLATE utf8mb4_general_ci NULL DEFAULT '' COMMENT '更新者',
  `update_time` datetime NULL DEFAULT NULL COMMENT '更新时间',
  `remark` varchar(500) CHARACTER SET utf8mb4 COLLATE utf8mb4_general_ci NULL DEFAULT NULL COMMENT '备注',
  PRIMARY KEY (`config_id`) USING BTREE
) ENGINE = InnoDB AUTO_INCREMENT = 6 CHARACTER SET = utf8mb4 COLLATE = utf8mb4_general_ci COMMENT = '参数配置表' ROW_FORMAT = DYNAMIC;

-- ----------------------------
-- Records of sys_config
-- ----------------------------
INSERT INTO `sys_config` VALUES (1, '主框架页-默认皮肤样式名称', 'sys.index.skinName', 'skin-blue', 'Y', 'admin', '2022-11-24 14:30:00', '', NULL, '蓝色 skin-blue、绿色 skin-green、紫色 skin-purple、红色 skin-red、黄色 skin-yellow');
INSERT INTO `sys_config` VALUES (2, '用户管理-账号初始密码', 'sys.user.initPassword', '123456', 'Y', 'admin', '2022-11-24 14:30:01', '', NULL, '初始化密码 123456');
INSERT INTO `sys_config` VALUES (3, '主框架页-侧边栏主题', 'sys.index.sideTheme', 'theme-light', 'Y', 'admin', '2022-11-24 14:30:01', '', NULL, '深色主题theme-dark，浅色主题theme-light');
INSERT INTO `sys_config` VALUES (4, '账号自助-验证码开关', 'sys.account.captchaEnabled', 'false', 'Y', 'admin', '2022-11-24 14:30:01', '', NULL, '是否开启验证码功能（true开启，false关闭）');
INSERT INTO `sys_config` VALUES (5, '账号自助-是否开启用户注册功能', 'sys.account.registerUser', 'false', 'Y', 'admin', '2022-11-24 14:30:02', '', NULL, '是否开启注册用户功能（true开启，false关闭）');

-- ----------------------------
-- Table structure for sys_dept
-- ----------------------------
DROP TABLE IF EXISTS `sys_dept`;
CREATE TABLE `sys_dept`  (
  `dept_id` bigint NOT NULL AUTO_INCREMENT COMMENT '部门id',
  `parent_id` bigint NULL DEFAULT 0 COMMENT '父部门id',
  `ancestors` varchar(50) CHARACTER SET utf8mb4 COLLATE utf8mb4_general_ci NULL DEFAULT '' COMMENT '祖级列表',
  `dept_name` varchar(30) CHARACTER SET utf8mb4 COLLATE utf8mb4_general_ci NULL DEFAULT '' COMMENT '部门名称',
  `dept_type` varchar(2) CHARACTER SET utf8mb4 COLLATE utf8mb4_general_ci NULL DEFAULT '00' COMMENT '部门类型（00系统部门）',
  `order_num` int NULL DEFAULT 0 COMMENT '显示顺序',
  `leader` varchar(20) CHARACTER SET utf8mb4 COLLATE utf8mb4_general_ci NULL DEFAULT NULL COMMENT '负责人',
  `phone` varchar(11) CHARACTER SET utf8mb4 COLLATE utf8mb4_general_ci NULL DEFAULT NULL COMMENT '联系电话',
  `email` varchar(50) CHARACTER SET utf8mb4 COLLATE utf8mb4_general_ci NULL DEFAULT NULL COMMENT '邮箱',
  `status` char(1) CHARACTER SET utf8mb4 COLLATE utf8mb4_general_ci NULL DEFAULT '0' COMMENT '部门状态（0正常 1停用）',
  `del_flag` char(1) CHARACTER SET utf8mb4 COLLATE utf8mb4_general_ci NULL DEFAULT '0' COMMENT '删除标志（0代表存在 2代表删除）',
  `create_by` varchar(64) CHARACTER SET utf8mb4 COLLATE utf8mb4_general_ci NULL DEFAULT '' COMMENT '创建者',
  `create_time` datetime NULL DEFAULT NULL COMMENT '创建时间',
  `update_by` varchar(64) CHARACTER SET utf8mb4 COLLATE utf8mb4_general_ci NULL DEFAULT '' COMMENT '更新者',
  `update_time` datetime NULL DEFAULT NULL COMMENT '更新时间',
  PRIMARY KEY (`dept_id`) USING BTREE
) ENGINE = InnoDB AUTO_INCREMENT = 102 CHARACTER SET = utf8mb4 COLLATE = utf8mb4_general_ci COMMENT = '部门表' ROW_FORMAT = DYNAMIC;

-- ----------------------------
-- Records of sys_dept
-- ----------------------------
INSERT INTO `sys_dept` VALUES (1, 0, '0', '为仁科技', '00', 1, 'admin', '15888888888', 'admin@qq.com', '0', '0', 'admin', '2022-11-24 14:28:31', '', NULL);
INSERT INTO `sys_dept` VALUES (100, 0, '0', '宣城城建智能科技', '00', 1, 'admin', '15888888888', 'admin@qq.com', '0', '0', 'admin', '2022-11-24 14:28:31', '', NULL);
INSERT INTO `sys_dept` VALUES (101, 100, '0,100', '运维部', '00', 1, NULL, NULL, NULL, '0', '0', 'system', '2023-05-12 15:43:13', 'system', '2023-05-26 14:25:28');

-- ----------------------------
-- Table structure for sys_dict_data
-- ----------------------------
DROP TABLE IF EXISTS `sys_dict_data`;
CREATE TABLE `sys_dict_data`  (
  `dict_code` bigint NOT NULL AUTO_INCREMENT COMMENT '字典编码',
  `dict_sort` int NULL DEFAULT 0 COMMENT '字典排序',
  `dict_label` varchar(100) CHARACTER SET utf8mb4 COLLATE utf8mb4_general_ci NULL DEFAULT '' COMMENT '字典标签',
  `dict_value` varchar(100) CHARACTER SET utf8mb4 COLLATE utf8mb4_general_ci NULL DEFAULT '' COMMENT '字典键值',
  `dict_type` varchar(100) CHARACTER SET utf8mb4 COLLATE utf8mb4_general_ci NULL DEFAULT '' COMMENT '字典类型',
  `css_class` varchar(100) CHARACTER SET utf8mb4 COLLATE utf8mb4_general_ci NULL DEFAULT NULL COMMENT '样式属性（其他样式扩展）',
  `list_class` varchar(100) CHARACTER SET utf8mb4 COLLATE utf8mb4_general_ci NULL DEFAULT NULL COMMENT '表格回显样式',
  `is_default` char(1) CHARACTER SET utf8mb4 COLLATE utf8mb4_general_ci NULL DEFAULT 'N' COMMENT '是否默认（Y是 N否）',
  `status` char(1) CHARACTER SET utf8mb4 COLLATE utf8mb4_general_ci NULL DEFAULT '0' COMMENT '状态（0正常 1停用）',
  `create_by` varchar(64) CHARACTER SET utf8mb4 COLLATE utf8mb4_general_ci NULL DEFAULT '' COMMENT '创建者',
  `create_time` datetime NULL DEFAULT NULL COMMENT '创建时间',
  `update_by` varchar(64) CHARACTER SET utf8mb4 COLLATE utf8mb4_general_ci NULL DEFAULT '' COMMENT '更新者',
  `update_time` datetime NULL DEFAULT NULL COMMENT '更新时间',
  `remark` varchar(500) CHARACTER SET utf8mb4 COLLATE utf8mb4_general_ci NULL DEFAULT NULL COMMENT '备注',
  PRIMARY KEY (`dict_code`) USING BTREE
) ENGINE = InnoDB AUTO_INCREMENT = 85 CHARACTER SET = utf8mb4 COLLATE = utf8mb4_general_ci COMMENT = '字典数据表' ROW_FORMAT = DYNAMIC;

-- ----------------------------
-- Records of sys_dict_data
-- ----------------------------
INSERT INTO `sys_dict_data` VALUES (1, 1, '男', '0', 'sys_user_sex', '', '', 'Y', '0', 'admin', '2022-09-15 09:46:41', '', NULL, '性别男');
INSERT INTO `sys_dict_data` VALUES (2, 2, '女', '1', 'sys_user_sex', '', '', 'N', '0', 'admin', '2022-09-15 09:46:41', '', NULL, '性别女');
INSERT INTO `sys_dict_data` VALUES (3, 3, '未知', '2', 'sys_user_sex', '', '', 'N', '0', 'admin', '2022-09-15 09:46:41', '', NULL, '性别未知');
INSERT INTO `sys_dict_data` VALUES (4, 1, '显示', '0', 'sys_show_hide', '', 'primary', 'Y', '0', 'admin', '2022-09-15 09:46:41', '', NULL, '显示菜单');
INSERT INTO `sys_dict_data` VALUES (5, 2, '隐藏', '1', 'sys_show_hide', '', 'danger', 'N', '0', 'admin', '2022-09-15 09:46:41', '', NULL, '隐藏菜单');
INSERT INTO `sys_dict_data` VALUES (6, 1, '正常', '0', 'sys_normal_disable', '', 'primary', 'Y', '0', 'admin', '2022-09-15 09:46:41', '', NULL, '正常状态');
INSERT INTO `sys_dict_data` VALUES (7, 2, '停用', '1', 'sys_normal_disable', '', 'danger', 'N', '0', 'admin', '2022-09-15 09:46:41', '', NULL, '停用状态');
INSERT INTO `sys_dict_data` VALUES (8, 1, '正常', '0', 'sys_job_status', '', 'primary', 'Y', '0', 'admin', '2022-09-15 09:46:41', '', NULL, '正常状态');
INSERT INTO `sys_dict_data` VALUES (9, 2, '暂停', '1', 'sys_job_status', '', 'danger', 'N', '0', 'admin', '2022-09-15 09:46:42', '', NULL, '停用状态');
INSERT INTO `sys_dict_data` VALUES (10, 1, '默认', 'DEFAULT', 'sys_job_group', '', '', 'Y', '0', 'admin', '2022-09-15 09:46:42', '', NULL, '默认分组');
INSERT INTO `sys_dict_data` VALUES (11, 2, '系统', 'SYSTEM', 'sys_job_group', '', '', 'N', '0', 'admin', '2022-09-15 09:46:42', '', NULL, '系统分组');
INSERT INTO `sys_dict_data` VALUES (12, 1, '是', 'Y', 'sys_yes_no', '', 'primary', 'Y', '0', 'admin', '2022-09-15 09:46:42', '', NULL, '系统默认是');
INSERT INTO `sys_dict_data` VALUES (13, 2, '否', 'N', 'sys_yes_no', '', 'danger', 'N', '0', 'admin', '2022-09-15 09:46:42', '', NULL, '系统默认否');
INSERT INTO `sys_dict_data` VALUES (14, 1, '通知', '1', 'sys_notice_type', '', 'warning', 'Y', '0', 'admin', '2022-09-15 09:46:42', '', NULL, '通知');
INSERT INTO `sys_dict_data` VALUES (15, 2, '公告', '2', 'sys_notice_type', '', 'success', 'N', '0', 'admin', '2022-09-15 09:46:42', '', NULL, '公告');
INSERT INTO `sys_dict_data` VALUES (16, 1, '正常', '0', 'sys_notice_status', '', 'primary', 'Y', '0', 'admin', '2022-09-15 09:46:42', '', NULL, '正常状态');
INSERT INTO `sys_dict_data` VALUES (17, 2, '关闭', '1', 'sys_notice_status', '', 'danger', 'N', '0', 'admin', '2022-09-15 09:46:42', '', NULL, '关闭状态');
INSERT INTO `sys_dict_data` VALUES (18, 99, '其他', '0', 'sys_oper_type', '', 'info', 'N', '0', 'admin', '2022-09-15 09:46:42', '', NULL, '其他操作');
INSERT INTO `sys_dict_data` VALUES (19, 1, '新增', '1', 'sys_oper_type', '', 'info', 'N', '0', 'admin', '2022-09-15 09:46:42', '', NULL, '新增操作');
INSERT INTO `sys_dict_data` VALUES (20, 2, '修改', '2', 'sys_oper_type', '', 'info', 'N', '0', 'admin', '2022-09-15 09:46:42', '', NULL, '修改操作');
INSERT INTO `sys_dict_data` VALUES (21, 3, '删除', '3', 'sys_oper_type', '', 'danger', 'N', '0', 'admin', '2022-09-15 09:46:42', '', NULL, '删除操作');
INSERT INTO `sys_dict_data` VALUES (22, 4, '授权', '4', 'sys_oper_type', '', 'primary', 'N', '0', 'admin', '2022-09-15 09:46:42', '', NULL, '授权操作');
INSERT INTO `sys_dict_data` VALUES (23, 5, '导出', '5', 'sys_oper_type', '', 'warning', 'N', '0', 'admin', '2022-09-15 09:46:42', '', NULL, '导出操作');
INSERT INTO `sys_dict_data` VALUES (24, 6, '导入', '6', 'sys_oper_type', '', 'warning', 'N', '0', 'admin', '2022-09-15 09:46:42', '', NULL, '导入操作');
INSERT INTO `sys_dict_data` VALUES (25, 7, '强退', '7', 'sys_oper_type', '', 'danger', 'N', '0', 'admin', '2022-09-15 09:46:42', '', NULL, '强退操作');
INSERT INTO `sys_dict_data` VALUES (26, 8, '生成代码', '8', 'sys_oper_type', '', 'warning', 'N', '0', 'admin', '2022-09-15 09:46:42', '', NULL, '生成操作');
INSERT INTO `sys_dict_data` VALUES (27, 9, '清空数据', '9', 'sys_oper_type', '', 'danger', 'N', '0', 'admin', '2022-09-15 09:46:42', '', NULL, '清空操作');
INSERT INTO `sys_dict_data` VALUES (28, 1, '成功', '0', 'sys_common_status', '', 'primary', 'N', '0', 'admin', '2022-09-15 09:46:42', '', NULL, '正常状态');
INSERT INTO `sys_dict_data` VALUES (29, 2, '失败', '1', 'sys_common_status', '', 'danger', 'N', '0', 'admin', '2022-09-15 09:46:42', '', NULL, '停用状态');
INSERT INTO `sys_dict_data` VALUES (51, 1, '物业行政管理平台', 'OFFICE', 'sys_menu_plat', '', '', 'N', '0', 'admin', '2022-09-15 09:46:42', '', NULL, '物业行政管理平台');
INSERT INTO `sys_dict_data` VALUES (52, 2, '物业办信息公示平台', 'PUBLICITY', 'sys_menu_plat', '', '', 'N', '0', 'admin', '2022-09-15 09:46:42', '', NULL, '物业办信息公示平台');
INSERT INTO `sys_dict_data` VALUES (53, 3, '物业办招投标平台', 'TENDER', 'sys_menu_plat', '', '', 'N', '0', 'admin', '2022-09-15 09:46:42', '', NULL, '物业办招投标平台');
INSERT INTO `sys_dict_data` VALUES (54, 0, '计划工单', '1', 'estate_work_order_type', NULL, 'default', 'N', '0', 'admin', '2022-11-10 14:29:30', '', NULL, NULL);
INSERT INTO `sys_dict_data` VALUES (55, 0, '日常工单', '2', 'estate_work_order_type', NULL, 'default', 'N', '0', 'admin', '2022-11-10 14:29:39', '', NULL, NULL);
INSERT INTO `sys_dict_data` VALUES (56, 0, '紧急工单', '3', 'estate_work_order_type', NULL, 'default', 'N', '0', 'admin', '2022-11-10 14:29:47', '', NULL, NULL);
INSERT INTO `sys_dict_data` VALUES (57, 0, '停机工单', '4', 'estate_work_order_type', NULL, 'default', 'N', '0', 'admin', '2022-11-10 14:29:56', '', NULL, NULL);
INSERT INTO `sys_dict_data` VALUES (58, 0, '待执行', '0', 'estate_work_order_status', NULL, 'default', 'N', '0', 'admin', '2022-11-10 14:34:08', 'admin', '2022-11-11 14:31:12', NULL);
INSERT INTO `sys_dict_data` VALUES (59, 0, '执行中', '1', 'estate_work_order_status', NULL, 'default', 'N', '0', 'admin', '2022-11-10 14:35:16', 'admin', '2022-11-11 14:31:20', NULL);
INSERT INTO `sys_dict_data` VALUES (60, 0, '已完成', '2', 'estate_work_order_status', NULL, 'default', 'N', '0', 'admin', '2022-11-10 14:35:21', 'admin', '2022-11-11 14:31:30', NULL);
INSERT INTO `sys_dict_data` VALUES (61, 0, '超时完成', '3', 'estate_work_order_status', NULL, 'default', 'N', '0', 'admin', '2022-11-10 14:35:27', 'admin', '2022-11-11 14:31:42', NULL);
INSERT INTO `sys_dict_data` VALUES (62, 1, '安防人员', '0', 'work_post', NULL, 'default', 'N', '0', 'admin', '2022-11-10 19:32:39', '', NULL, NULL);
INSERT INTO `sys_dict_data` VALUES (63, 2, '维修人员', '1', 'work_post', NULL, 'default', 'N', '0', 'admin', '2022-11-10 19:32:52', 'admin', '2022-11-10 19:33:00', NULL);
INSERT INTO `sys_dict_data` VALUES (64, 3, '装修人员', '2', 'work_post', NULL, 'default', 'N', '0', 'admin', '2022-11-10 19:33:16', '', NULL, NULL);
INSERT INTO `sys_dict_data` VALUES (65, 4, '场馆人员', '3', 'work_post', NULL, 'default', 'N', '0', 'admin', '2022-11-10 19:33:25', '', NULL, NULL);
INSERT INTO `sys_dict_data` VALUES (66, 5, '保洁人员', '4', 'work_post', NULL, 'default', 'N', '0', 'admin', '2022-11-10 19:33:38', '', NULL, NULL);
INSERT INTO `sys_dict_data` VALUES (67, 6, '志愿者', '5', 'work_post', NULL, 'default', 'N', '0', 'admin', '2022-11-10 19:33:49', '', NULL, NULL);
INSERT INTO `sys_dict_data` VALUES (68, 0, '超时未完成', '4', 'estate_work_order_status', NULL, 'default', 'N', '0', 'admin', '2022-11-11 14:31:51', '', NULL, NULL);
INSERT INTO `sys_dict_data` VALUES (69, 0, '按住宅面积收费', '0', 'charge_type', NULL, 'default', 'N', '0', 'admin', '2022-11-11 17:12:34', '', NULL, NULL);
INSERT INTO `sys_dict_data` VALUES (70, 0, '统一收费', '1', 'charge_type', NULL, 'default', 'N', '0', 'admin', '2022-11-11 17:12:56', '', NULL, NULL);
INSERT INTO `sys_dict_data` VALUES (71, 1, '未开始', '0', 'sys_tender_status', NULL, 'primary', 'N', '0', 'admin', '2022-11-18 13:28:22', '', NULL, NULL);
INSERT INTO `sys_dict_data` VALUES (72, 2, '进行中', '1', 'sys_tender_status', NULL, 'success', 'N', '0', 'admin', '2022-11-18 13:28:42', '', NULL, NULL);
INSERT INTO `sys_dict_data` VALUES (73, 3, '已结束', '2', 'sys_tender_status', NULL, 'info', 'N', '0', 'admin', '2022-11-18 13:29:01', '', NULL, NULL);
INSERT INTO `sys_dict_data` VALUES (74, 0, '危险场所监控', 'DANGER', 'sys_camera_type', NULL, 'default', 'N', '0', 'admin', '2023-05-22 11:29:48', '', NULL, NULL);
INSERT INTO `sys_dict_data` VALUES (75, 0, '重要场所监控', 'IMPORTANT', 'sys_camera_type', NULL, 'default', 'N', '0', 'admin', '2023-05-22 11:29:58', '', NULL, NULL);
INSERT INTO `sys_dict_data` VALUES (76, 0, '停车库监控', 'PARK', 'sys_camera_type', NULL, 'default', 'N', '0', 'admin', '2023-05-22 11:30:05', '', NULL, NULL);
INSERT INTO `sys_dict_data` VALUES (77, 0, '电梯监控', 'LIFT', 'sys_camera_type', NULL, 'default', 'N', '0', 'admin', '2023-05-22 11:30:12', '', NULL, NULL);
INSERT INTO `sys_dict_data` VALUES (78, 0, '楼梯道监控', 'STAIR', 'sys_camera_type', NULL, 'default', 'N', '0', 'admin', '2023-05-22 11:30:19', '', NULL, NULL);
INSERT INTO `sys_dict_data` VALUES (79, 0, '围栏监控', 'FENCE', 'sys_camera_type', NULL, 'default', 'N', '0', 'admin', '2023-05-22 11:30:26', '', NULL, NULL);
INSERT INTO `sys_dict_data` VALUES (80, 0, '出入口监控', 'INOUT', 'sys_camera_type', NULL, 'default', 'N', '0', 'admin', '2023-05-22 11:30:35', '', NULL, NULL);
INSERT INTO `sys_dict_data` VALUES (81, 0, '单元门监控', 'UNIT', 'sys_camera_type', NULL, 'default', 'N', '0', 'admin', '2023-05-22 11:30:42', '', NULL, NULL);
INSERT INTO `sys_dict_data` VALUES (82, 0, '道路监控', 'ROAD', 'sys_camera_type', NULL, 'default', 'N', '0', 'admin', '2023-05-22 11:30:48', '', NULL, NULL);
INSERT INTO `sys_dict_data` VALUES (83, 0, '高空抛物', 'HIGH', 'sys_camera_type', NULL, 'default', 'N', '0', 'admin', '2023-05-22 11:30:54', '', NULL, NULL);
INSERT INTO `sys_dict_data` VALUES (84, 0, '其他监控', 'OTHER', 'sys_camera_type', NULL, 'default', 'N', '0', 'admin', '2023-05-22 11:31:00', '', NULL, NULL);

-- ----------------------------
-- Table structure for sys_dict_type
-- ----------------------------
DROP TABLE IF EXISTS `sys_dict_type`;
CREATE TABLE `sys_dict_type`  (
  `dict_id` bigint NOT NULL AUTO_INCREMENT COMMENT '字典主键',
  `dict_name` varchar(100) CHARACTER SET utf8mb4 COLLATE utf8mb4_general_ci NULL DEFAULT '' COMMENT '字典名称',
  `dict_type` varchar(100) CHARACTER SET utf8mb4 COLLATE utf8mb4_general_ci NULL DEFAULT '' COMMENT '字典类型',
  `status` char(1) CHARACTER SET utf8mb4 COLLATE utf8mb4_general_ci NULL DEFAULT '0' COMMENT '状态（0正常 1停用）',
  `create_by` varchar(64) CHARACTER SET utf8mb4 COLLATE utf8mb4_general_ci NULL DEFAULT '' COMMENT '创建者',
  `create_time` datetime NULL DEFAULT NULL COMMENT '创建时间',
  `update_by` varchar(64) CHARACTER SET utf8mb4 COLLATE utf8mb4_general_ci NULL DEFAULT '' COMMENT '更新者',
  `update_time` datetime NULL DEFAULT NULL COMMENT '更新时间',
  `remark` varchar(500) CHARACTER SET utf8mb4 COLLATE utf8mb4_general_ci NULL DEFAULT NULL COMMENT '备注',
  PRIMARY KEY (`dict_id`) USING BTREE,
  UNIQUE INDEX `dict_type`(`dict_type` ASC) USING BTREE
) ENGINE = InnoDB AUTO_INCREMENT = 58 CHARACTER SET = utf8mb4 COLLATE = utf8mb4_general_ci COMMENT = '字典类型表' ROW_FORMAT = DYNAMIC;

-- ----------------------------
-- Records of sys_dict_type
-- ----------------------------
INSERT INTO `sys_dict_type` VALUES (1, '用户性别', 'sys_user_sex', '0', 'admin', '2022-09-15 09:46:41', 'admin', '2022-11-24 11:05:29', '用户性别列表');
INSERT INTO `sys_dict_type` VALUES (2, '菜单状态', 'sys_show_hide', '0', 'admin', '2022-09-15 09:46:41', 'admin', '2022-11-24 11:05:31', '菜单状态列表');
INSERT INTO `sys_dict_type` VALUES (3, '系统开关', 'sys_normal_disable', '0', 'admin', '2022-09-15 09:46:41', 'admin', '2022-11-24 11:05:33', '系统开关列表');
INSERT INTO `sys_dict_type` VALUES (4, '任务状态', 'sys_job_status', '0', 'admin', '2022-09-15 09:46:41', 'admin', '2022-11-24 11:05:35', '任务状态列表');
INSERT INTO `sys_dict_type` VALUES (5, '任务分组', 'sys_job_group', '0', 'admin', '2022-09-15 09:46:41', 'admin', '2022-11-24 11:05:37', '任务分组列表');
INSERT INTO `sys_dict_type` VALUES (6, '系统是否', 'sys_yes_no', '0', 'admin', '2022-09-15 09:46:41', '', NULL, '系统是否列表');
INSERT INTO `sys_dict_type` VALUES (7, '通知类型', 'sys_notice_type', '0', 'admin', '2022-09-15 09:46:41', '', NULL, '通知类型列表');
INSERT INTO `sys_dict_type` VALUES (8, '通知状态', 'sys_notice_status', '0', 'admin', '2022-09-15 09:46:41', '', NULL, '通知状态列表');
INSERT INTO `sys_dict_type` VALUES (9, '操作类型', 'sys_oper_type', '0', 'admin', '2022-09-15 09:46:41', '', NULL, '操作类型列表');
INSERT INTO `sys_dict_type` VALUES (10, '系统状态', 'sys_common_status', '0', 'admin', '2022-09-15 09:46:41', '', NULL, '登录状态列表');
INSERT INTO `sys_dict_type` VALUES (51, '菜单所属平台', 'sys_menu_plat', '0', 'admin', '2022-09-15 09:46:41', '', NULL, '菜单所属平台');
INSERT INTO `sys_dict_type` VALUES (52, '报事报修工单类型', 'estate_work_order_type', '0', 'admin', '2022-11-10 14:27:51', 'admin', '2022-11-10 14:33:48', '报事报修工单！！！类型');
INSERT INTO `sys_dict_type` VALUES (53, '报事报修工单状态', 'estate_work_order_status', '0', 'admin', '2022-11-10 14:33:06', 'admin', '2022-11-10 14:33:30', '报事报修工单审核！！！状态');
INSERT INTO `sys_dict_type` VALUES (54, '员工岗位', 'work_post', '0', 'admin', '2022-11-10 19:32:15', '', NULL, '员工类别（岗位）');
INSERT INTO `sys_dict_type` VALUES (55, '收费类型', 'charge_type', '0', 'admin', '2022-11-11 17:12:12', '', NULL, '收费类型');
INSERT INTO `sys_dict_type` VALUES (56, '状态', 'sys_tender_status', '0', 'admin', '2022-11-18 13:27:27', 'admin', '2022-11-18 13:27:51', '招投标平台项目管理状态');
INSERT INTO `sys_dict_type` VALUES (57, '监控点类型', 'sys_camera_type', '0', 'admin', '2023-05-22 11:29:28', '', NULL, NULL);

-- ----------------------------
-- Table structure for sys_job
-- ----------------------------
DROP TABLE IF EXISTS `sys_job`;
CREATE TABLE `sys_job`  (
  `job_id` bigint NOT NULL AUTO_INCREMENT COMMENT '任务ID',
  `job_name` varchar(64) CHARACTER SET utf8mb4 COLLATE utf8mb4_general_ci NOT NULL DEFAULT '' COMMENT '任务名称',
  `job_group` varchar(64) CHARACTER SET utf8mb4 COLLATE utf8mb4_general_ci NOT NULL DEFAULT 'DEFAULT' COMMENT '任务组名',
  `invoke_target` varchar(500) CHARACTER SET utf8mb4 COLLATE utf8mb4_general_ci NOT NULL COMMENT '调用目标字符串',
  `cron_expression` varchar(255) CHARACTER SET utf8mb4 COLLATE utf8mb4_general_ci NULL DEFAULT '' COMMENT 'cron执行表达式',
  `misfire_policy` varchar(20) CHARACTER SET utf8mb4 COLLATE utf8mb4_general_ci NULL DEFAULT '3' COMMENT '计划执行错误策略（1立即执行 2执行一次 3放弃执行）',
  `concurrent` char(1) CHARACTER SET utf8mb4 COLLATE utf8mb4_general_ci NULL DEFAULT '1' COMMENT '是否并发执行（0允许 1禁止）',
  `status` char(1) CHARACTER SET utf8mb4 COLLATE utf8mb4_general_ci NULL DEFAULT '0' COMMENT '状态（0正常 1暂停）',
  `create_by` varchar(64) CHARACTER SET utf8mb4 COLLATE utf8mb4_general_ci NULL DEFAULT '' COMMENT '创建者',
  `create_time` datetime NULL DEFAULT NULL COMMENT '创建时间',
  `update_by` varchar(64) CHARACTER SET utf8mb4 COLLATE utf8mb4_general_ci NULL DEFAULT '' COMMENT '更新者',
  `update_time` datetime NULL DEFAULT NULL COMMENT '更新时间',
  `remark` varchar(500) CHARACTER SET utf8mb4 COLLATE utf8mb4_general_ci NULL DEFAULT '' COMMENT '备注信息',
  PRIMARY KEY (`job_id`, `job_name`, `job_group`) USING BTREE
) ENGINE = InnoDB AUTO_INCREMENT = 4 CHARACTER SET = utf8mb4 COLLATE = utf8mb4_general_ci COMMENT = '定时任务调度表' ROW_FORMAT = DYNAMIC;

-- ----------------------------
-- Records of sys_job
-- ----------------------------
INSERT INTO `sys_job` VALUES (1, '系统默认（无参）', 'DEFAULT', 'wrTask.haveNoParams', '0/10 * * * * ?', '3', '1', '1', 'admin', '2022-11-24 14:31:09', '', NULL, '');
INSERT INTO `sys_job` VALUES (2, '系统默认（有参）', 'DEFAULT', 'wrTask.haveParams(\'wr\')', '0/15 * * * * ?', '3', '1', '1', 'admin', '2022-11-24 14:31:09', '', NULL, '');
INSERT INTO `sys_job` VALUES (3, '系统默认（多参）', 'DEFAULT', 'wrTask.multipleParams(\'wr\', true, 2000L, 316.50D, 100)', '0/20 * * * * ?', '3', '1', '1', 'admin', '2022-11-24 14:31:10', '', NULL, '');

-- ----------------------------
-- Table structure for sys_job_log
-- ----------------------------
DROP TABLE IF EXISTS `sys_job_log`;
CREATE TABLE `sys_job_log`  (
  `job_log_id` bigint NOT NULL AUTO_INCREMENT COMMENT '任务日志ID',
  `job_name` varchar(64) CHARACTER SET utf8mb4 COLLATE utf8mb4_general_ci NOT NULL COMMENT '任务名称',
  `job_group` varchar(64) CHARACTER SET utf8mb4 COLLATE utf8mb4_general_ci NOT NULL COMMENT '任务组名',
  `invoke_target` varchar(500) CHARACTER SET utf8mb4 COLLATE utf8mb4_general_ci NOT NULL COMMENT '调用目标字符串',
  `job_message` varchar(500) CHARACTER SET utf8mb4 COLLATE utf8mb4_general_ci NULL DEFAULT NULL COMMENT '日志信息',
  `status` char(1) CHARACTER SET utf8mb4 COLLATE utf8mb4_general_ci NULL DEFAULT '0' COMMENT '执行状态（0正常 1失败）',
  `exception_info` varchar(2000) CHARACTER SET utf8mb4 COLLATE utf8mb4_general_ci NULL DEFAULT '' COMMENT '异常信息',
  `create_time` datetime NULL DEFAULT NULL COMMENT '创建时间',
  PRIMARY KEY (`job_log_id`) USING BTREE
) ENGINE = InnoDB CHARACTER SET = utf8mb4 COLLATE = utf8mb4_general_ci COMMENT = '定时任务调度日志表' ROW_FORMAT = DYNAMIC;

-- ----------------------------
-- Records of sys_job_log
-- ----------------------------

-- ----------------------------
-- Table structure for sys_logininfor
-- ----------------------------
DROP TABLE IF EXISTS `sys_logininfor`;
CREATE TABLE `sys_logininfor`  (
  `info_id` bigint NOT NULL AUTO_INCREMENT COMMENT '访问ID',
  `user_name` varchar(50) CHARACTER SET utf8mb4 COLLATE utf8mb4_general_ci NULL DEFAULT '' COMMENT '用户账号',
  `ipaddr` varchar(128) CHARACTER SET utf8mb4 COLLATE utf8mb4_general_ci NULL DEFAULT '' COMMENT '登录IP地址',
  `login_location` varchar(255) CHARACTER SET utf8mb4 COLLATE utf8mb4_general_ci NULL DEFAULT '' COMMENT '登录地点',
  `browser` varchar(50) CHARACTER SET utf8mb4 COLLATE utf8mb4_general_ci NULL DEFAULT '' COMMENT '浏览器类型',
  `os` varchar(50) CHARACTER SET utf8mb4 COLLATE utf8mb4_general_ci NULL DEFAULT '' COMMENT '操作系统',
  `status` char(1) CHARACTER SET utf8mb4 COLLATE utf8mb4_general_ci NULL DEFAULT '0' COMMENT '登录状态（0成功 1失败）',
  `msg` varchar(255) CHARACTER SET utf8mb4 COLLATE utf8mb4_general_ci NULL DEFAULT '' COMMENT '提示消息',
  `login_time` datetime NULL DEFAULT NULL COMMENT '访问时间',
  PRIMARY KEY (`info_id`) USING BTREE
) ENGINE = InnoDB AUTO_INCREMENT = 173 CHARACTER SET = utf8mb4 COLLATE = utf8mb4_general_ci COMMENT = '系统访问记录' ROW_FORMAT = DYNAMIC;

-- ----------------------------
-- Records of sys_logininfor
-- ----------------------------
INSERT INTO `sys_logininfor` VALUES (1, 'admin', '172.16.200.234', '内网IP', 'Chrome 11', 'Windows 10', '0', '登录成功', '2023-05-10 12:54:18');
INSERT INTO `sys_logininfor` VALUES (2, 'admin', '172.16.200.234', '内网IP', 'Chrome 11', 'Windows 10', '0', '登录成功', '2023-05-12 12:02:34');
INSERT INTO `sys_logininfor` VALUES (3, 'system', '172.16.205.10', '内网IP', 'Chrome 11', 'Windows 10', '0', '登录成功', '2023-05-12 15:22:09');
INSERT INTO `sys_logininfor` VALUES (4, 'system', '172.16.205.10', '内网IP', 'Chrome 11', 'Windows 10', '0', '登录成功', '2023-05-12 15:40:28');
INSERT INTO `sys_logininfor` VALUES (5, 'admin', '172.16.205.10', '内网IP', 'Chrome 11', 'Windows 10', '0', '登录成功', '2023-05-12 15:48:49');
INSERT INTO `sys_logininfor` VALUES (6, 'system', '172.16.205.10', '内网IP', 'Chrome 11', 'Windows 10', '0', '退出成功', '2023-05-12 15:51:44');
INSERT INTO `sys_logininfor` VALUES (7, 'system', '172.16.205.10', '内网IP', 'Chrome 11', 'Windows 10', '0', '登录成功', '2023-05-12 15:51:53');
INSERT INTO `sys_logininfor` VALUES (8, 'system', '172.16.205.10', '内网IP', 'Chrome 11', 'Windows 10', '0', '退出成功', '2023-05-12 16:02:44');
INSERT INTO `sys_logininfor` VALUES (9, 'system', '172.16.205.10', '内网IP', 'Chrome 11', 'Windows 10', '1', '密码输入错误1次', '2023-05-12 16:02:49');
INSERT INTO `sys_logininfor` VALUES (10, 'system', '172.16.205.10', '内网IP', 'Chrome 11', 'Windows 10', '1', '用户不存在/密码错误', '2023-05-12 16:02:49');
INSERT INTO `sys_logininfor` VALUES (11, 'system', '172.16.205.10', '内网IP', 'Chrome 11', 'Windows 10', '0', '登录成功', '2023-05-12 16:02:55');
INSERT INTO `sys_logininfor` VALUES (12, 'system', '127.0.0.1', '内网IP', 'Chrome 11', 'Windows 10', '0', '登录成功', '2023-05-12 16:15:08');
INSERT INTO `sys_logininfor` VALUES (13, 'system', '172.16.205.10', '内网IP', 'Chrome 11', 'Windows 10', '0', '退出成功', '2023-05-12 16:19:27');
INSERT INTO `sys_logininfor` VALUES (14, 'system', '172.16.205.10', '内网IP', 'Chrome 11', 'Windows 10', '0', '登录成功', '2023-05-12 16:19:43');
INSERT INTO `sys_logininfor` VALUES (15, 'system', '127.0.0.1', '内网IP', 'Chrome 11', 'Windows 10', '0', '退出成功', '2023-05-12 16:35:17');
INSERT INTO `sys_logininfor` VALUES (16, 'system', '127.0.0.1', '内网IP', 'Chrome 11', 'Windows 10', '0', '登录成功', '2023-05-12 16:35:31');
INSERT INTO `sys_logininfor` VALUES (17, 'system', '172.16.205.10', '内网IP', 'Chrome 11', 'Windows 10', '0', '登录成功', '2023-05-12 17:19:55');
INSERT INTO `sys_logininfor` VALUES (18, 'system', '172.16.205.10', '内网IP', 'Chrome 11', 'Windows 10', '0', '登录成功', '2023-05-15 08:46:14');
INSERT INTO `sys_logininfor` VALUES (19, 'system', '172.16.205.10', '内网IP', 'Chrome 11', 'Windows 10', '0', '登录成功', '2023-05-15 09:23:05');
INSERT INTO `sys_logininfor` VALUES (20, 'system', '172.16.205.10', '内网IP', 'Chrome 11', 'Windows 10', '0', '退出成功', '2023-05-15 09:23:21');
INSERT INTO `sys_logininfor` VALUES (21, 'system', '172.16.205.10', '内网IP', 'Chrome 11', 'Windows 10', '0', '登录成功', '2023-05-15 09:23:29');
INSERT INTO `sys_logininfor` VALUES (22, 'system', '172.16.205.10', '内网IP', 'Chrome 11', 'Mac OS X', '0', '登录成功', '2023-05-15 11:51:20');
INSERT INTO `sys_logininfor` VALUES (23, '13485936115', '172.16.205.10', '内网IP', 'Chrome 11', 'Mac OS X', '1', '登录用户：13485936115 不存在', '2023-05-15 16:57:51');
INSERT INTO `sys_logininfor` VALUES (24, 'system', '172.16.205.10', '内网IP', 'Chrome 11', 'Mac OS X', '1', '密码输入错误1次', '2023-05-15 16:57:54');
INSERT INTO `sys_logininfor` VALUES (25, 'system', '172.16.205.10', '内网IP', 'Chrome 11', 'Mac OS X', '1', '用户不存在/密码错误', '2023-05-15 16:57:54');
INSERT INTO `sys_logininfor` VALUES (26, 'system', '172.16.205.10', '内网IP', 'Chrome 11', 'Windows 10', '0', '登录成功', '2023-05-16 08:59:54');
INSERT INTO `sys_logininfor` VALUES (27, 'system', '172.16.205.10', '内网IP', 'Chrome 11', 'Windows 10', '0', '登录成功', '2023-05-16 18:01:52');
INSERT INTO `sys_logininfor` VALUES (28, 'system', '172.16.205.10', '内网IP', 'Chrome 11', 'Windows 10', '1', '密码输入错误1次', '2023-05-17 08:44:47');
INSERT INTO `sys_logininfor` VALUES (29, 'system', '172.16.205.10', '内网IP', 'Chrome 11', 'Windows 10', '1', '用户不存在/密码错误', '2023-05-17 08:44:47');
INSERT INTO `sys_logininfor` VALUES (30, 'system', '172.16.205.10', '内网IP', 'Chrome 11', 'Windows 10', '0', '登录成功', '2023-05-17 08:44:52');
INSERT INTO `sys_logininfor` VALUES (31, 'system', '172.16.205.10', '内网IP', 'Chrome 11', 'Windows 10', '0', '登录成功', '2023-05-17 14:10:28');
INSERT INTO `sys_logininfor` VALUES (32, 'system', '172.16.205.10', '内网IP', 'Chrome 11', 'Windows 10', '0', '登录成功', '2023-05-17 15:55:41');
INSERT INTO `sys_logininfor` VALUES (33, 'system', '172.16.205.10', '内网IP', 'Chrome 11', 'Windows 10', '0', '登录成功', '2023-05-18 16:13:06');
INSERT INTO `sys_logininfor` VALUES (34, 'system', '172.16.205.10', '内网IP', 'Chrome 11', 'Windows 10', '0', '登录成功', '2023-05-18 17:22:23');
INSERT INTO `sys_logininfor` VALUES (35, 'system', '172.16.205.10', '内网IP', 'Chrome 11', 'Windows 10', '0', '登录成功', '2023-05-19 08:37:06');
INSERT INTO `sys_logininfor` VALUES (36, 'system', '172.16.205.10', '内网IP', 'Chrome 11', 'Mac OS X', '0', '登录成功', '2023-05-19 08:42:31');
INSERT INTO `sys_logininfor` VALUES (37, 'system', '172.16.205.10', '内网IP', 'Chrome 11', 'Windows 10', '0', '登录成功', '2023-05-19 13:55:41');
INSERT INTO `sys_logininfor` VALUES (38, 'system', '172.16.205.10', '内网IP', 'Chrome 11', 'Mac OS X', '0', '登录成功', '2023-05-19 14:45:39');
INSERT INTO `sys_logininfor` VALUES (39, 'system', '172.16.205.10', '内网IP', 'Chrome 11', 'Mac OS X', '0', '登录成功', '2023-05-19 16:21:24');
INSERT INTO `sys_logininfor` VALUES (40, 'system', '172.16.205.10', '内网IP', 'Chrome 11', 'Windows 10', '0', '登录成功', '2023-05-19 18:08:38');
INSERT INTO `sys_logininfor` VALUES (41, 'system', '172.16.205.10', '内网IP', 'Chrome 8', 'Windows 10', '0', '登录成功', '2023-05-20 10:28:27');
INSERT INTO `sys_logininfor` VALUES (42, 'system', '172.16.205.10', '内网IP', 'Chrome 11', 'Windows 10', '0', '登录成功', '2023-05-20 14:19:46');
INSERT INTO `sys_logininfor` VALUES (43, 'system', '172.16.205.10', '内网IP', 'Chrome 11', 'Windows 10', '0', '登录成功', '2023-05-20 16:59:03');
INSERT INTO `sys_logininfor` VALUES (44, 'system', '172.16.205.10', '内网IP', 'Chrome 8', 'Windows 10', '0', '登录成功', '2023-05-22 09:31:13');
INSERT INTO `sys_logininfor` VALUES (45, 'system', '172.16.205.10', '内网IP', 'Chrome 11', 'Windows 10', '1', '密码输入错误1次', '2023-05-22 10:54:31');
INSERT INTO `sys_logininfor` VALUES (46, 'system', '172.16.205.10', '内网IP', 'Chrome 11', 'Windows 10', '1', '用户不存在/密码错误', '2023-05-22 10:54:31');
INSERT INTO `sys_logininfor` VALUES (47, 'system', '172.16.205.10', '内网IP', 'Chrome 11', 'Windows 10', '0', '登录成功', '2023-05-22 10:54:47');
INSERT INTO `sys_logininfor` VALUES (48, 'system', '172.16.205.10', '内网IP', 'Chrome 8', 'Windows 10', '0', '登录成功', '2023-05-22 11:04:33');
INSERT INTO `sys_logininfor` VALUES (49, 'system', '127.0.0.1', '内网IP', 'Chrome 11', 'Windows 10', '0', '登录成功', '2023-05-22 11:24:38');
INSERT INTO `sys_logininfor` VALUES (50, 'system', '127.0.0.1', '内网IP', 'Chrome 11', 'Windows 10', '0', '退出成功', '2023-05-22 11:28:37');
INSERT INTO `sys_logininfor` VALUES (51, 'admin', '127.0.0.1', '内网IP', 'Chrome 11', 'Windows 10', '0', '登录成功', '2023-05-22 11:28:53');
INSERT INTO `sys_logininfor` VALUES (52, 'admin', '127.0.0.1', '内网IP', 'Chrome 11', 'Windows 10', '0', '登录成功', '2023-05-22 13:40:14');
INSERT INTO `sys_logininfor` VALUES (53, 'system', '172.16.205.10', '内网IP', 'Chrome 8', 'Windows 10', '0', '登录成功', '2023-05-22 13:41:31');
INSERT INTO `sys_logininfor` VALUES (54, 'system', '172.16.205.10', '内网IP', 'Chrome 11', 'Windows 10', '0', '登录成功', '2023-05-22 13:44:29');
INSERT INTO `sys_logininfor` VALUES (55, 'system', '172.16.205.10', '内网IP', 'Chrome 11', 'Windows 10', '0', '登录成功', '2023-05-22 14:58:38');
INSERT INTO `sys_logininfor` VALUES (56, 'system', '172.16.205.10', '内网IP', 'Chrome 11', 'Mac OS X', '0', '登录成功', '2023-05-22 16:29:06');
INSERT INTO `sys_logininfor` VALUES (57, 'system', '172.16.205.10', '内网IP', 'Safari', 'Mac OS X', '0', '登录成功', '2023-05-22 16:29:28');
INSERT INTO `sys_logininfor` VALUES (58, '15288888888', '172.16.205.10', '内网IP', 'Chrome 11', 'Windows 10', '1', '登录用户：15288888888 不存在', '2023-05-22 16:56:19');
INSERT INTO `sys_logininfor` VALUES (59, '15288888888', '172.16.205.10', '内网IP', 'Chrome 11', 'Windows 10', '1', '登录用户：15288888888 不存在', '2023-05-22 16:56:29');
INSERT INTO `sys_logininfor` VALUES (60, '15288888888', '172.16.205.10', '内网IP', 'Chrome 11', 'Windows 10', '1', '登录用户：15288888888 不存在', '2023-05-22 16:57:21');
INSERT INTO `sys_logininfor` VALUES (61, 'system', '172.16.205.10', '内网IP', 'Safari', 'Mac OS X', '0', '登录成功', '2023-05-23 15:21:12');
INSERT INTO `sys_logininfor` VALUES (62, 'system', '172.16.205.10', '内网IP', 'Safari', 'Mac OS X', '0', '登录成功', '2023-05-23 17:07:06');
INSERT INTO `sys_logininfor` VALUES (63, 'system', '172.16.205.10', '内网IP', 'Safari', 'Mac OS X', '0', '登录成功', '2023-05-23 17:08:11');
INSERT INTO `sys_logininfor` VALUES (64, 'system', '172.16.205.10', '内网IP', 'Chrome 11', 'Windows 10', '0', '登录成功', '2023-05-23 18:10:38');
INSERT INTO `sys_logininfor` VALUES (65, 'system', '172.16.205.10', '内网IP', 'Safari', 'Mac OS X', '0', '登录成功', '2023-05-24 08:53:23');
INSERT INTO `sys_logininfor` VALUES (66, 'system', '172.16.205.10', '内网IP', 'Chrome 11', 'Windows 10', '0', '登录成功', '2023-05-24 09:11:03');
INSERT INTO `sys_logininfor` VALUES (67, 'system', '172.16.205.10', '内网IP', 'Chrome 8', 'Windows 10', '0', '登录成功', '2023-05-24 09:40:59');
INSERT INTO `sys_logininfor` VALUES (68, 'system', '127.0.0.1', '内网IP', 'Chrome 10', 'Windows 10', '1', '密码输入错误1次', '2023-05-24 09:51:31');
INSERT INTO `sys_logininfor` VALUES (69, 'system', '127.0.0.1', '内网IP', 'Chrome 10', 'Windows 10', '1', '用户不存在/密码错误', '2023-05-24 09:51:31');
INSERT INTO `sys_logininfor` VALUES (70, 'system', '127.0.0.1', '内网IP', 'Chrome 10', 'Windows 10', '0', '登录成功', '2023-05-24 09:51:38');
INSERT INTO `sys_logininfor` VALUES (71, 'system', '172.16.205.10', '内网IP', 'Chrome 11', 'Windows 10', '0', '登录成功', '2023-05-24 09:58:32');
INSERT INTO `sys_logininfor` VALUES (72, 'system', '172.16.205.10', '内网IP', 'Chrome 10', 'Windows 10', '0', '登录成功', '2023-05-24 10:04:20');
INSERT INTO `sys_logininfor` VALUES (73, 'system', '172.16.205.10', '内网IP', 'Chrome 8', 'Windows 10', '0', '登录成功', '2023-05-24 10:11:08');
INSERT INTO `sys_logininfor` VALUES (74, 'system', '192.168.1.90', '内网IP', 'Chrome 10', 'Windows 10', '0', '登录成功', '2023-05-24 10:23:47');
INSERT INTO `sys_logininfor` VALUES (75, 'system', '172.16.205.10', '内网IP', 'Chrome 11', 'Windows 10', '0', '登录成功', '2023-05-24 11:22:42');
INSERT INTO `sys_logininfor` VALUES (76, 'system', '172.16.205.10', '内网IP', 'Chrome 10', 'Windows 10', '0', '登录成功', '2023-05-24 11:26:24');
INSERT INTO `sys_logininfor` VALUES (77, 'system', '172.16.205.10', '内网IP', 'Chrome 11', 'Windows 10', '0', '登录成功', '2023-05-24 13:48:26');
INSERT INTO `sys_logininfor` VALUES (78, 'system', '172.16.205.10', '内网IP', 'Chrome 8', 'Windows 10', '0', '登录成功', '2023-05-24 13:58:08');
INSERT INTO `sys_logininfor` VALUES (79, 'system', '127.0.0.1', '内网IP', 'Firefox 11', 'Windows 10', '1', '密码输入错误1次', '2023-05-24 14:04:58');
INSERT INTO `sys_logininfor` VALUES (80, 'system', '127.0.0.1', '内网IP', 'Firefox 11', 'Windows 10', '1', '用户不存在/密码错误', '2023-05-24 14:04:58');
INSERT INTO `sys_logininfor` VALUES (81, 'system', '127.0.0.1', '内网IP', 'Firefox 11', 'Windows 10', '0', '登录成功', '2023-05-24 14:05:10');
INSERT INTO `sys_logininfor` VALUES (82, 'system', '172.16.205.10', '内网IP', 'Safari', 'Mac OS X', '0', '登录成功', '2023-05-24 14:11:21');
INSERT INTO `sys_logininfor` VALUES (83, 'system', '172.16.205.10', '内网IP', 'Chrome 10', 'Windows 10', '0', '登录成功', '2023-05-24 14:13:25');
INSERT INTO `sys_logininfor` VALUES (84, 'system', '172.16.205.10', '内网IP', 'Chrome 11', 'Windows 10', '0', '登录成功', '2023-05-24 14:18:35');
INSERT INTO `sys_logininfor` VALUES (85, 'system', '172.16.205.10', '内网IP', 'Chrome 11', 'Windows 10', '0', '登录成功', '2023-05-24 15:09:15');
INSERT INTO `sys_logininfor` VALUES (86, 'system', '172.16.205.10', '内网IP', 'Chrome 11', 'Windows 10', '0', '登录成功', '2023-05-24 16:50:58');
INSERT INTO `sys_logininfor` VALUES (87, 'system', '172.16.205.10', '内网IP', 'Chrome 10', 'Windows 10', '0', '登录成功', '2023-05-24 18:04:37');
INSERT INTO `sys_logininfor` VALUES (88, 'system', '172.16.205.10', '内网IP', 'Chrome 11', 'Windows 10', '0', '登录成功', '2023-05-25 08:55:50');
INSERT INTO `sys_logininfor` VALUES (89, 'system', '172.16.205.10', '内网IP', 'Chrome 11', 'Mac OS X', '0', '登录成功', '2023-05-25 09:13:52');
INSERT INTO `sys_logininfor` VALUES (90, 'system', '172.16.205.10', '内网IP', 'Chrome 11', 'Mac OS X', '0', '登录成功', '2023-05-25 09:51:41');
INSERT INTO `sys_logininfor` VALUES (91, 'system', '172.16.205.10', '内网IP', 'Chrome 11', 'Windows 10', '0', '登录成功', '2023-05-25 10:04:12');
INSERT INTO `sys_logininfor` VALUES (92, 'system', '172.16.205.10', '内网IP', 'Chrome 11', 'Windows 10', '0', '登录成功', '2023-05-25 10:41:08');
INSERT INTO `sys_logininfor` VALUES (93, 'system', '172.16.205.10', '内网IP', 'Chrome 11', 'Mac OS X', '0', '登录成功', '2023-05-25 13:35:43');
INSERT INTO `sys_logininfor` VALUES (94, 'system', '172.16.205.10', '内网IP', 'Chrome 11', 'Mac OS X', '0', '登录成功', '2023-05-25 16:42:04');
INSERT INTO `sys_logininfor` VALUES (95, 'system', '172.16.205.10', '内网IP', 'Chrome 11', 'Windows 10', '0', '登录成功', '2023-05-26 08:31:28');
INSERT INTO `sys_logininfor` VALUES (96, 'system', '172.16.205.10', '内网IP', 'Chrome 11', 'Windows 10', '0', '登录成功', '2023-05-26 13:43:49');
INSERT INTO `sys_logininfor` VALUES (97, 'system', '172.16.205.10', '内网IP', 'Chrome 11', 'Windows 10', '0', '登录成功', '2023-05-26 15:42:13');
INSERT INTO `sys_logininfor` VALUES (98, 'system', '172.16.205.10', '内网IP', 'Chrome 8', 'Windows 10', '0', '登录成功', '2023-05-26 15:54:21');
INSERT INTO `sys_logininfor` VALUES (99, 'system', '172.16.205.10', '内网IP', 'Chrome 11', 'Windows 10', '0', '登录成功', '2023-05-26 16:36:44');
INSERT INTO `sys_logininfor` VALUES (100, 'system', '172.16.205.10', '内网IP', 'Chrome 11', 'Windows 10', '0', '登录成功', '2023-05-29 09:24:17');
INSERT INTO `sys_logininfor` VALUES (101, 'system', '172.16.205.10', '内网IP', 'Chrome 11', 'Windows 10', '0', '登录成功', '2023-05-30 17:57:19');
INSERT INTO `sys_logininfor` VALUES (102, 'system', '172.16.205.10', '内网IP', 'Chrome 10', 'Windows 10', '0', '登录成功', '2023-05-31 09:00:42');
INSERT INTO `sys_logininfor` VALUES (103, 'system', '172.16.205.10', '内网IP', 'Chrome 8', 'Windows 10', '0', '登录成功', '2023-05-31 09:02:56');
INSERT INTO `sys_logininfor` VALUES (104, 'system', '172.16.205.10', '内网IP', 'Chrome 11', 'Windows 10', '0', '登录成功', '2023-06-01 08:43:06');
INSERT INTO `sys_logininfor` VALUES (105, 'system', '172.16.205.10', '内网IP', 'Chrome 11', 'Windows 10', '0', '登录成功', '2023-06-01 10:10:18');
INSERT INTO `sys_logininfor` VALUES (106, 'system', '172.16.205.10', '内网IP', 'Chrome 11', 'Windows 10', '0', '登录成功', '2023-06-01 11:41:45');
INSERT INTO `sys_logininfor` VALUES (107, 'system', '172.16.205.10', '内网IP', 'Chrome 11', 'Windows 10', '0', '登录成功', '2023-06-01 17:10:07');
INSERT INTO `sys_logininfor` VALUES (108, 'system', '172.16.205.10', '内网IP', 'Chrome 11', 'Windows 10', '0', '登录成功', '2023-06-02 09:04:56');
INSERT INTO `sys_logininfor` VALUES (109, 'adfa', '172.16.205.10', '内网IP', 'Chrome 8', 'Windows 10', '1', '登录用户：adfa 不存在', '2023-06-02 18:03:06');
INSERT INTO `sys_logininfor` VALUES (110, 'system', '172.16.205.10', '内网IP', 'Chrome 11', 'Mac OS X', '1', '密码输入错误1次', '2023-06-03 15:30:02');
INSERT INTO `sys_logininfor` VALUES (111, 'system', '172.16.205.10', '内网IP', 'Chrome 11', 'Mac OS X', '1', '用户不存在/密码错误', '2023-06-03 15:30:02');
INSERT INTO `sys_logininfor` VALUES (112, 'system', '172.16.205.10', '内网IP', 'Chrome 11', 'Mac OS X', '0', '登录成功', '2023-06-03 15:30:33');
INSERT INTO `sys_logininfor` VALUES (113, 'system', '172.16.205.10', '内网IP', 'Chrome 10', 'Windows 10', '0', '登录成功', '2023-06-03 17:17:23');
INSERT INTO `sys_logininfor` VALUES (114, 'system', '172.16.205.10', '内网IP', 'Chrome 11', 'Windows 10', '0', '登录成功', '2023-06-05 10:00:38');
INSERT INTO `sys_logininfor` VALUES (115, 'system', '172.16.205.10', '内网IP', 'Chrome 11', 'Mac OS X', '0', '登录成功', '2023-06-06 09:02:05');
INSERT INTO `sys_logininfor` VALUES (116, 'system', '172.16.205.10', '内网IP', 'Chrome 9', 'Windows 10', '0', '登录成功', '2023-06-06 09:42:23');
INSERT INTO `sys_logininfor` VALUES (117, 'system', '172.16.205.10', '内网IP', 'Chrome 11', 'Windows 10', '0', '登录成功', '2023-06-06 10:02:38');
INSERT INTO `sys_logininfor` VALUES (118, 'system', '172.16.205.10', '内网IP', 'Chrome 11', 'Windows 10', '0', '登录成功', '2023-06-06 10:34:34');
INSERT INTO `sys_logininfor` VALUES (119, 'system', '172.16.205.10', '内网IP', 'Chrome 11', 'Windows 10', '0', '登录成功', '2023-06-07 17:26:23');
INSERT INTO `sys_logininfor` VALUES (120, 'system', '172.16.205.10', '内网IP', 'Chrome 11', 'Windows 10', '0', '登录成功', '2023-06-12 14:24:02');
INSERT INTO `sys_logininfor` VALUES (121, 'system', '172.16.205.10', '内网IP', 'Chrome 11', 'Windows 10', '0', '登录成功', '2023-06-13 08:32:58');
INSERT INTO `sys_logininfor` VALUES (122, 'system', '172.16.205.10', '内网IP', 'Chrome 11', 'Windows 10', '0', '登录成功', '2023-06-13 17:27:39');
INSERT INTO `sys_logininfor` VALUES (123, 'system', '172.16.205.10', '内网IP', 'Chrome 11', 'Windows 10', '1', '密码输入错误1次', '2023-07-04 09:08:52');
INSERT INTO `sys_logininfor` VALUES (124, 'system', '172.16.205.10', '内网IP', 'Chrome 11', 'Windows 10', '1', '用户不存在/密码错误', '2023-07-04 09:08:52');
INSERT INTO `sys_logininfor` VALUES (125, '18888888888', '172.16.205.10', '内网IP', 'Chrome 11', 'Windows 10', '1', '登录用户：18888888888 不存在', '2023-07-04 09:09:01');
INSERT INTO `sys_logininfor` VALUES (126, 'system', '172.16.205.10', '内网IP', 'Chrome 11', 'Windows 10', '0', '登录成功', '2023-07-04 09:10:05');
INSERT INTO `sys_logininfor` VALUES (127, 'system', '172.16.205.10', '内网IP', 'Chrome 11', 'Windows 10', '0', '登录成功', '2023-07-04 10:17:05');
INSERT INTO `sys_logininfor` VALUES (128, 'system', '172.16.205.10', '内网IP', 'Chrome 11', 'Mac OS X', '0', '登录成功', '2023-07-06 08:41:34');
INSERT INTO `sys_logininfor` VALUES (129, 'system', '172.16.205.10', '内网IP', 'Chrome 11', 'Mac OS X', '0', '登录成功', '2023-07-06 10:04:57');
INSERT INTO `sys_logininfor` VALUES (130, 'system', '172.16.205.10', '内网IP', 'Chrome 11', 'Windows 10', '0', '登录成功', '2023-07-06 14:19:42');
INSERT INTO `sys_logininfor` VALUES (131, 'admin', '127.0.0.1', '内网IP', 'Chrome 10', 'Windows 10', '1', '密码输入错误1次', '2023-07-06 15:14:38');
INSERT INTO `sys_logininfor` VALUES (132, 'admin', '127.0.0.1', '内网IP', 'Chrome 10', 'Windows 10', '1', '用户不存在/密码错误', '2023-07-06 15:14:38');
INSERT INTO `sys_logininfor` VALUES (133, 'admin', '127.0.0.1', '内网IP', 'Chrome 10', 'Windows 10', '1', '密码输入错误2次', '2023-07-06 15:14:46');
INSERT INTO `sys_logininfor` VALUES (134, 'admin', '127.0.0.1', '内网IP', 'Chrome 10', 'Windows 10', '1', '用户不存在/密码错误', '2023-07-06 15:14:46');
INSERT INTO `sys_logininfor` VALUES (135, 'admin', '127.0.0.1', '内网IP', 'Chrome 10', 'Windows 10', '1', '密码输入错误3次', '2023-07-06 15:14:51');
INSERT INTO `sys_logininfor` VALUES (136, 'admin', '127.0.0.1', '内网IP', 'Chrome 10', 'Windows 10', '1', '用户不存在/密码错误', '2023-07-06 15:14:51');
INSERT INTO `sys_logininfor` VALUES (137, 'system', '127.0.0.1', '内网IP', 'Chrome 10', 'Windows 10', '0', '登录成功', '2023-07-06 15:14:57');
INSERT INTO `sys_logininfor` VALUES (138, 'system', '172.16.205.10', '内网IP', 'Chrome 11', 'Windows 10', '0', '登录成功', '2023-07-07 09:05:58');
INSERT INTO `sys_logininfor` VALUES (139, 'system', '172.16.205.10', '内网IP', 'Chrome 11', 'Windows 10', '0', '登录成功', '2023-07-07 15:24:45');
INSERT INTO `sys_logininfor` VALUES (140, 'system', '172.16.205.10', '内网IP', 'Chrome 11', 'Windows 10', '0', '登录成功', '2023-08-07 17:29:35');
INSERT INTO `sys_logininfor` VALUES (141, 'admin', '172.16.205.10', '内网IP', 'Mobile Safari', 'Mac OS X (iPhone)', '1', '密码输入错误1次', '2023-08-09 13:30:54');
INSERT INTO `sys_logininfor` VALUES (142, 'admin', '172.16.205.10', '内网IP', 'Mobile Safari', 'Mac OS X (iPhone)', '1', '用户不存在/密码错误', '2023-08-09 13:30:54');
INSERT INTO `sys_logininfor` VALUES (143, 'system', '172.16.205.10', '内网IP', 'Mobile Safari', 'Mac OS X (iPhone)', '1', '密码输入错误1次', '2023-08-09 13:31:12');
INSERT INTO `sys_logininfor` VALUES (144, 'system', '172.16.205.10', '内网IP', 'Mobile Safari', 'Mac OS X (iPhone)', '1', '用户不存在/密码错误', '2023-08-09 13:31:12');
INSERT INTO `sys_logininfor` VALUES (145, 'system', '172.16.205.10', '内网IP', 'Mobile Safari', 'Mac OS X (iPhone)', '1', '密码输入错误2次', '2023-08-09 13:31:28');
INSERT INTO `sys_logininfor` VALUES (146, 'system', '172.16.205.10', '内网IP', 'Mobile Safari', 'Mac OS X (iPhone)', '1', '用户不存在/密码错误', '2023-08-09 13:31:28');
INSERT INTO `sys_logininfor` VALUES (147, 'system', '172.16.205.10', '内网IP', 'Mobile Safari', 'Mac OS X (iPhone)', '1', '密码输入错误3次', '2023-08-09 13:32:48');
INSERT INTO `sys_logininfor` VALUES (148, 'system', '172.16.205.10', '内网IP', 'Mobile Safari', 'Mac OS X (iPhone)', '1', '用户不存在/密码错误', '2023-08-09 13:32:48');
INSERT INTO `sys_logininfor` VALUES (149, 'admin', '172.16.205.10', '内网IP', 'Mobile Safari', 'Mac OS X (iPhone)', '1', '密码输入错误2次', '2023-08-09 13:32:55');
INSERT INTO `sys_logininfor` VALUES (150, 'admin', '172.16.205.10', '内网IP', 'Mobile Safari', 'Mac OS X (iPhone)', '1', '用户不存在/密码错误', '2023-08-09 13:32:55');
INSERT INTO `sys_logininfor` VALUES (151, 'system', '172.16.205.10', '内网IP', 'Chrome 11', 'Windows 10', '0', '登录成功', '2023-08-09 13:53:41');
INSERT INTO `sys_logininfor` VALUES (152, 'system', '172.16.205.10', '内网IP', 'Chrome 11', 'Windows 10', '0', '退出成功', '2023-08-09 13:53:47');
INSERT INTO `sys_logininfor` VALUES (153, 'system', '172.16.205.10', '内网IP', 'Chrome 11', 'Windows 10', '0', '登录成功', '2023-08-09 13:53:58');
INSERT INTO `sys_logininfor` VALUES (154, 'system', '172.16.205.10', '内网IP', 'Chrome 11', 'Windows 10', '0', '登录成功', '2023-08-09 14:41:42');
INSERT INTO `sys_logininfor` VALUES (155, 'system', '172.16.205.10', '内网IP', 'Chrome 11', 'Windows 10', '0', '登录成功', '2023-08-11 15:09:49');
INSERT INTO `sys_logininfor` VALUES (156, 'system', '172.16.205.10', '内网IP', 'Chrome 11', 'Windows 10', '0', '登录成功', '2023-08-12 16:57:18');
INSERT INTO `sys_logininfor` VALUES (157, 'system', '172.16.205.10', '内网IP', 'Chrome 11', 'Windows 10', '0', '登录成功', '2023-08-13 14:59:47');
INSERT INTO `sys_logininfor` VALUES (158, 'system', '172.16.205.10', '内网IP', 'Chrome 11', 'Windows 10', '0', '登录成功', '2023-08-13 14:59:51');
INSERT INTO `sys_logininfor` VALUES (159, 'system', '172.16.205.10', '内网IP', 'Chrome 11', 'Windows 10', '0', '登录成功', '2023-08-13 15:43:12');
INSERT INTO `sys_logininfor` VALUES (160, 'system', '172.16.205.10', '内网IP', 'Chrome 8', 'Windows 10', '0', '登录成功', '2023-09-09 10:27:24');
INSERT INTO `sys_logininfor` VALUES (161, 'system', '172.16.205.10', '内网IP', 'Chrome 11', 'Windows 10', '0', '登录成功', '2023-09-14 13:19:46');
INSERT INTO `sys_logininfor` VALUES (162, 'system', '172.16.205.10', '内网IP', 'Chrome 11', 'Mac OS X', '0', '登录成功', '2023-10-09 14:10:31');
INSERT INTO `sys_logininfor` VALUES (163, 'system', '172.16.205.10', '内网IP', 'Chrome 11', 'Windows 10', '0', '登录成功', '2023-10-16 09:39:57');
INSERT INTO `sys_logininfor` VALUES (164, '17711111111', '172.16.205.10', '内网IP', 'Chrome 11', 'Windows 10', '1', '登录用户：17711111111 不存在', '2023-10-17 16:18:44');
INSERT INTO `sys_logininfor` VALUES (165, 'system', '172.16.205.10', '内网IP', 'Chrome 11', 'Windows 10', '0', '登录成功', '2023-10-27 09:10:09');
INSERT INTO `sys_logininfor` VALUES (166, 'system', '172.16.205.10', '内网IP', 'Chrome 11', 'Windows 10', '0', '登录成功', '2023-10-27 16:16:11');
INSERT INTO `sys_logininfor` VALUES (167, 'system', '172.16.205.10', '内网IP', 'Chrome 11', 'Windows 10', '0', '登录成功', '2023-10-29 14:03:16');
INSERT INTO `sys_logininfor` VALUES (168, 'system', '172.16.205.10', '内网IP', 'Chrome 11', 'Windows 10', '0', '登录成功', '2023-10-29 20:52:45');
INSERT INTO `sys_logininfor` VALUES (169, 'system', '172.16.205.10', '内网IP', 'Chrome 11', 'Windows 10', '0', '登录成功', '2023-10-29 21:37:02');
INSERT INTO `sys_logininfor` VALUES (170, 'system', '172.16.205.10', '内网IP', 'Chrome 11', 'Windows 10', '0', '登录成功', '2023-10-30 19:19:10');
INSERT INTO `sys_logininfor` VALUES (171, 'system', '172.16.205.10', '内网IP', 'Chrome 11', 'Windows 10', '0', '登录成功', '2023-11-01 09:31:33');
INSERT INTO `sys_logininfor` VALUES (172, 'system', '172.16.205.10', '内网IP', 'Chrome 11', 'Windows 10', '0', '登录成功', '2023-11-09 10:00:00');

-- ----------------------------
-- Table structure for sys_menu
-- ----------------------------
DROP TABLE IF EXISTS `sys_menu`;
CREATE TABLE `sys_menu`  (
  `menu_id` bigint NOT NULL AUTO_INCREMENT COMMENT '菜单ID',
  `menu_name` varchar(50) CHARACTER SET utf8mb3 COLLATE utf8mb3_general_ci NOT NULL COMMENT '菜单名称',
  `parent_id` bigint NULL DEFAULT 0 COMMENT '父菜单ID',
  `order_num` int NULL DEFAULT 0 COMMENT '显示顺序',
  `path` varchar(200) CHARACTER SET utf8mb3 COLLATE utf8mb3_general_ci NULL DEFAULT '' COMMENT '路由地址',
  `component` varchar(255) CHARACTER SET utf8mb3 COLLATE utf8mb3_general_ci NULL DEFAULT NULL COMMENT '组件路径',
  `query` varchar(255) CHARACTER SET utf8mb3 COLLATE utf8mb3_general_ci NULL DEFAULT NULL COMMENT '路由参数',
  `is_frame` int NULL DEFAULT 1 COMMENT '是否为外链（0是 1否）',
  `is_cache` int NULL DEFAULT 0 COMMENT '是否缓存（0缓存 1不缓存）',
  `menu_type` char(1) CHARACTER SET utf8mb3 COLLATE utf8mb3_general_ci NULL DEFAULT '' COMMENT '菜单类型（M目录 C菜单 F按钮）',
  `visible` char(1) CHARACTER SET utf8mb3 COLLATE utf8mb3_general_ci NULL DEFAULT '0' COMMENT '菜单状态（0显示 1隐藏）',
  `status` char(1) CHARACTER SET utf8mb3 COLLATE utf8mb3_general_ci NULL DEFAULT '0' COMMENT '菜单状态（0正常 1停用）',
  `perms` varchar(100) CHARACTER SET utf8mb3 COLLATE utf8mb3_general_ci NULL DEFAULT NULL COMMENT '权限标识',
  `icon` varchar(100) CHARACTER SET utf8mb3 COLLATE utf8mb3_general_ci NULL DEFAULT '#' COMMENT '菜单图标',
  `menu_plat` varchar(100) CHARACTER SET utf8mb3 COLLATE utf8mb3_general_ci NULL DEFAULT 'OFFICE' COMMENT '所属平台，见字典sys_menu_plat',
  `create_by` varchar(64) CHARACTER SET utf8mb3 COLLATE utf8mb3_general_ci NULL DEFAULT '' COMMENT '创建者',
  `create_time` datetime NULL DEFAULT NULL COMMENT '创建时间',
  `update_by` varchar(64) CHARACTER SET utf8mb3 COLLATE utf8mb3_general_ci NULL DEFAULT '' COMMENT '更新者',
  `update_time` datetime NULL DEFAULT NULL COMMENT '更新时间',
  `remark` varchar(500) CHARACTER SET utf8mb3 COLLATE utf8mb3_general_ci NULL DEFAULT '' COMMENT '备注',
  PRIMARY KEY (`menu_id`) USING BTREE
) ENGINE = InnoDB AUTO_INCREMENT = 1661 CHARACTER SET = utf8mb3 COLLATE = utf8mb3_general_ci COMMENT = '菜单权限表' ROW_FORMAT = DYNAMIC;

-- ----------------------------
-- Records of sys_menu
-- ----------------------------
INSERT INTO `sys_menu` VALUES (1, '系统管理', 0, 1, 'system', NULL, '', 1, 0, 'M', '0', '0', '', 'system', 'OFFICE', 'admin', '2022-09-15 09:46:36', 'admin', '2022-11-24 11:05:02', '系统管理目录');
INSERT INTO `sys_menu` VALUES (2, '系统监控', 0, 2, 'monitor', NULL, '', 1, 0, 'M', '0', '0', '', 'monitor', 'OFFICE', 'admin', '2022-09-15 09:46:36', '', NULL, '系统监控目录');
INSERT INTO `sys_menu` VALUES (3, '系统工具', 0, 3, 'tool', NULL, '', 1, 0, 'M', '0', '0', '', 'tool', 'OFFICE', 'admin', '2022-09-15 09:46:36', 'admin', '2022-11-24 14:12:06', '系统工具目录');
INSERT INTO `sys_menu` VALUES (100, '用户管理', 1, 4, 'user', 'system/user/index', '', 1, 0, 'C', '0', '0', 'system:user:list', 'user', 'OFFICE', 'admin', '2022-09-15 09:46:36', 'admin', '2022-09-15 10:32:29', '用户管理菜单');
INSERT INTO `sys_menu` VALUES (101, '角色管理', 1, 3, 'role', 'system/role/index', '', 1, 0, 'C', '0', '0', 'system:role:list', 'peoples', 'OFFICE', 'admin', '2022-09-15 09:46:36', 'admin', '2022-09-15 10:32:20', '角色管理菜单');
INSERT INTO `sys_menu` VALUES (102, '菜单管理', 1, 5, 'menu', 'system/menu/index', '', 1, 0, 'C', '0', '0', 'system:menu:list', 'tree-table', 'OFFICE', 'admin', '2022-09-15 09:46:36', 'admin', '2022-09-15 10:32:39', '菜单管理菜单');
INSERT INTO `sys_menu` VALUES (103, '部门管理', 1, 1, 'dept', 'system/dept/index', '', 1, 0, 'C', '0', '0', 'system:dept:list', 'tree', 'OFFICE', 'admin', '2022-09-15 09:46:36', 'admin', '2023-03-15 15:20:28', '部门管理菜单');
INSERT INTO `sys_menu` VALUES (104, '岗位管理', 1, 2, 'post', 'system/post/index', '', 1, 0, 'C', '0', '0', 'system:post:list', 'post', 'OFFICE', 'admin', '2022-09-15 09:46:36', 'admin', '2022-09-15 10:32:10', '岗位管理菜单');
INSERT INTO `sys_menu` VALUES (105, '字典管理', 1, 6, 'dict', 'system/dict/index', '', 1, 0, 'C', '0', '0', 'system:dict:list', 'dict', 'OFFICE', 'admin', '2022-09-15 09:46:36', '', NULL, '字典管理菜单');
INSERT INTO `sys_menu` VALUES (106, '参数设置', 1, 7, 'config', 'system/config/index', '', 1, 0, 'C', '0', '0', 'system:config:list', 'edit', 'OFFICE', 'admin', '2022-09-15 09:46:36', '', NULL, '参数设置菜单');
INSERT INTO `sys_menu` VALUES (107, '通知公告', 1, 8, 'notice', 'system/notice/index', '', 1, 0, 'C', '0', '0', 'system:notice:list', 'message', 'OFFICE', 'admin', '2022-09-15 09:46:36', '', NULL, '通知公告菜单');
INSERT INTO `sys_menu` VALUES (108, '日志管理', 1, 9, 'log', '', '', 1, 0, 'M', '0', '0', '', 'log', 'OFFICE', 'admin', '2022-09-15 09:46:36', '', NULL, '日志管理菜单');
INSERT INTO `sys_menu` VALUES (109, '在线用户', 2, 1, 'online', 'monitor/online/index', '', 1, 0, 'C', '0', '0', 'monitor:online:list', 'online', 'OFFICE', 'admin', '2022-09-15 09:46:36', '', NULL, '在线用户菜单');
INSERT INTO `sys_menu` VALUES (110, '数据监控', 2, 3, 'druid', 'monitor/druid/index', '', 1, 0, 'C', '0', '0', 'monitor:druid:list', 'druid', 'OFFICE', 'admin', '2022-09-15 09:46:36', '', NULL, '数据监控菜单');
INSERT INTO `sys_menu` VALUES (111, '服务监控', 2, 4, 'server', 'monitor/server/index', '', 1, 0, 'C', '0', '0', 'monitor:server:list', 'server', 'OFFICE', 'admin', '2022-09-15 09:46:36', '', NULL, '服务监控菜单');
INSERT INTO `sys_menu` VALUES (112, '缓存监控', 2, 5, 'cache', 'monitor/cache/index', '', 1, 0, 'C', '0', '0', 'monitor:cache:list', 'redis', 'OFFICE', 'admin', '2022-09-15 09:46:36', '', NULL, '缓存监控菜单');
INSERT INTO `sys_menu` VALUES (113, '缓存列表', 2, 6, 'cacheList', 'monitor/cache/list', '', 1, 0, 'C', '0', '0', 'monitor:cache:list', 'redis-list', 'OFFICE', 'admin', '2022-09-15 09:46:36', '', NULL, '缓存列表菜单');
INSERT INTO `sys_menu` VALUES (114, '系统接口', 3, 3, 'swagger', 'tool/swagger/index', '', 1, 0, 'C', '0', '0', 'tool:swagger:list', 'swagger', 'OFFICE', 'admin', '2022-09-15 09:46:36', '', NULL, '系统接口菜单');
INSERT INTO `sys_menu` VALUES (115, '定时任务', 2, 2, 'job', 'monitor/job/index', '', 1, 0, 'C', '0', '0', 'monitor:job:list', 'job', 'OFFICE', 'admin', '2022-09-15 10:18:04', '', NULL, '定时任务菜单');
INSERT INTO `sys_menu` VALUES (500, '操作日志', 108, 1, 'operlog', 'monitor/operlog/index', '', 1, 0, 'C', '0', '0', 'monitor:operlog:list', 'form', 'OFFICE', 'admin', '2022-09-15 09:46:36', '', NULL, '操作日志菜单');
INSERT INTO `sys_menu` VALUES (501, '登录日志', 108, 2, 'logininfor', 'monitor/logininfor/index', '', 1, 0, 'C', '0', '0', 'monitor:logininfor:list', 'logininfor', 'OFFICE', 'admin', '2022-09-15 09:46:36', '', NULL, '登录日志菜单');
INSERT INTO `sys_menu` VALUES (1000, '用户查询', 100, 1, '', '', '', 1, 0, 'F', '0', '0', 'system:user:query', '#', 'OFFICE', 'admin', '2022-09-15 09:46:36', '', NULL, '');
INSERT INTO `sys_menu` VALUES (1001, '用户新增', 100, 2, '', '', '', 1, 0, 'F', '0', '0', 'system:user:add', '#', 'OFFICE', 'admin', '2022-09-15 09:46:36', '', NULL, '');
INSERT INTO `sys_menu` VALUES (1002, '用户修改', 100, 3, '', '', '', 1, 0, 'F', '0', '0', 'system:user:edit', '#', 'OFFICE', 'admin', '2022-09-15 09:46:37', '', NULL, '');
INSERT INTO `sys_menu` VALUES (1003, '用户删除', 100, 4, '', '', '', 1, 0, 'F', '0', '0', 'system:user:remove', '#', 'OFFICE', 'admin', '2022-09-15 09:46:37', '', NULL, '');
INSERT INTO `sys_menu` VALUES (1004, '用户导出', 100, 5, '', '', '', 1, 0, 'F', '0', '0', 'system:user:export', '#', 'OFFICE', 'admin', '2022-09-15 09:46:37', '', NULL, '');
INSERT INTO `sys_menu` VALUES (1005, '用户导入', 100, 6, '', '', '', 1, 0, 'F', '0', '0', 'system:user:import', '#', 'OFFICE', 'admin', '2022-09-15 09:46:37', '', NULL, '');
INSERT INTO `sys_menu` VALUES (1006, '重置密码', 100, 7, '', '', '', 1, 0, 'F', '0', '0', 'system:user:resetPwd', '#', 'OFFICE', 'admin', '2022-09-15 09:46:37', '', NULL, '');
INSERT INTO `sys_menu` VALUES (1007, '角色查询', 101, 1, '', '', '', 1, 0, 'F', '0', '0', 'system:role:query', '#', 'OFFICE', 'admin', '2022-09-15 09:46:37', '', NULL, '');
INSERT INTO `sys_menu` VALUES (1008, '角色新增', 101, 2, '', '', '', 1, 0, 'F', '0', '0', 'system:role:add', '#', 'OFFICE', 'admin', '2022-09-15 09:46:37', '', NULL, '');
INSERT INTO `sys_menu` VALUES (1009, '角色修改', 101, 3, '', '', '', 1, 0, 'F', '0', '0', 'system:role:edit', '#', 'OFFICE', 'admin', '2022-09-15 09:46:37', '', NULL, '');
INSERT INTO `sys_menu` VALUES (1010, '角色删除', 101, 4, '', '', '', 1, 0, 'F', '0', '0', 'system:role:remove', '#', 'OFFICE', 'admin', '2022-09-15 09:46:37', '', NULL, '');
INSERT INTO `sys_menu` VALUES (1011, '角色导出', 101, 5, '', '', '', 1, 0, 'F', '0', '0', 'system:role:export', '#', 'OFFICE', 'admin', '2022-09-15 09:46:37', '', NULL, '');
INSERT INTO `sys_menu` VALUES (1012, '菜单查询', 102, 1, '', '', '', 1, 0, 'F', '0', '0', 'system:menu:query', '#', 'OFFICE', 'admin', '2022-09-15 09:46:37', '', NULL, '');
INSERT INTO `sys_menu` VALUES (1013, '菜单新增', 102, 2, '', '', '', 1, 0, 'F', '0', '0', 'system:menu:add', '#', 'OFFICE', 'admin', '2022-09-15 09:46:37', '', NULL, '');
INSERT INTO `sys_menu` VALUES (1014, '菜单修改', 102, 3, '', '', '', 1, 0, 'F', '0', '0', 'system:menu:edit', '#', 'OFFICE', 'admin', '2022-09-15 09:46:37', '', NULL, '');
INSERT INTO `sys_menu` VALUES (1015, '菜单删除', 102, 4, '', '', '', 1, 0, 'F', '0', '0', 'system:menu:remove', '#', 'OFFICE', 'admin', '2022-09-15 09:46:37', '', NULL, '');
INSERT INTO `sys_menu` VALUES (1016, '部门查询', 103, 1, '', '', '', 1, 0, 'F', '0', '0', 'system:dept:query', '#', 'OFFICE', 'admin', '2022-09-15 09:46:37', 'admin', '2023-03-15 15:20:01', '');
INSERT INTO `sys_menu` VALUES (1017, '部门新增', 103, 2, '', '', '', 1, 0, 'F', '0', '0', 'system:dept:add', '#', 'OFFICE', 'admin', '2022-09-15 09:46:37', '', NULL, '');
INSERT INTO `sys_menu` VALUES (1018, '部门修改', 103, 3, '', '', '', 1, 0, 'F', '0', '0', 'system:dept:edit', '#', 'OFFICE', 'admin', '2022-09-15 09:46:37', '', NULL, '');
INSERT INTO `sys_menu` VALUES (1019, '部门删除', 103, 4, '', '', '', 1, 0, 'F', '0', '0', 'system:dept:remove', '#', 'OFFICE', 'admin', '2022-09-15 09:46:37', '', NULL, '');
INSERT INTO `sys_menu` VALUES (1020, '岗位查询', 104, 1, '', '', '', 1, 0, 'F', '0', '0', 'system:post:query', '#', 'OFFICE', 'admin', '2022-09-15 09:46:37', '', NULL, '');
INSERT INTO `sys_menu` VALUES (1021, '岗位新增', 104, 2, '', '', '', 1, 0, 'F', '0', '0', 'system:post:add', '#', 'OFFICE', 'admin', '2022-09-15 09:46:37', '', NULL, '');
INSERT INTO `sys_menu` VALUES (1022, '岗位修改', 104, 3, '', '', '', 1, 0, 'F', '0', '0', 'system:post:edit', '#', 'OFFICE', 'admin', '2022-09-15 09:46:37', '', NULL, '');
INSERT INTO `sys_menu` VALUES (1023, '岗位删除', 104, 4, '', '', '', 1, 0, 'F', '0', '0', 'system:post:remove', '#', 'OFFICE', 'admin', '2022-09-15 09:46:37', '', NULL, '');
INSERT INTO `sys_menu` VALUES (1024, '岗位导出', 104, 5, '', '', '', 1, 0, 'F', '0', '0', 'system:post:export', '#', 'OFFICE', 'admin', '2022-09-15 09:46:37', '', NULL, '');
INSERT INTO `sys_menu` VALUES (1025, '字典查询', 105, 1, '#', '', '', 1, 0, 'F', '0', '0', 'system:dict:query', '#', 'OFFICE', 'admin', '2022-09-15 09:46:37', '', NULL, '');
INSERT INTO `sys_menu` VALUES (1026, '字典新增', 105, 2, '#', '', '', 1, 0, 'F', '0', '0', 'system:dict:add', '#', 'OFFICE', 'admin', '2022-09-15 09:46:38', '', NULL, '');
INSERT INTO `sys_menu` VALUES (1027, '字典修改', 105, 3, '#', '', '', 1, 0, 'F', '0', '0', 'system:dict:edit', '#', 'OFFICE', 'admin', '2022-09-15 09:46:38', '', NULL, '');
INSERT INTO `sys_menu` VALUES (1028, '字典删除', 105, 4, '#', '', '', 1, 0, 'F', '0', '0', 'system:dict:remove', '#', 'OFFICE', 'admin', '2022-09-15 09:46:38', '', NULL, '');
INSERT INTO `sys_menu` VALUES (1029, '字典导出', 105, 5, '#', '', '', 1, 0, 'F', '0', '0', 'system:dict:export', '#', 'OFFICE', 'admin', '2022-09-15 09:46:38', '', NULL, '');
INSERT INTO `sys_menu` VALUES (1030, '参数查询', 106, 1, '#', '', '', 1, 0, 'F', '0', '0', 'system:config:query', '#', 'OFFICE', 'admin', '2022-09-15 09:46:38', '', NULL, '');
INSERT INTO `sys_menu` VALUES (1031, '参数新增', 106, 2, '#', '', '', 1, 0, 'F', '0', '0', 'system:config:add', '#', 'OFFICE', 'admin', '2022-09-15 09:46:38', '', NULL, '');
INSERT INTO `sys_menu` VALUES (1032, '参数修改', 106, 3, '#', '', '', 1, 0, 'F', '0', '0', 'system:config:edit', '#', 'OFFICE', 'admin', '2022-09-15 09:46:38', '', NULL, '');
INSERT INTO `sys_menu` VALUES (1033, '参数删除', 106, 4, '#', '', '', 1, 0, 'F', '0', '0', 'system:config:remove', '#', 'OFFICE', 'admin', '2022-09-15 09:46:38', '', NULL, '');
INSERT INTO `sys_menu` VALUES (1034, '参数导出', 106, 5, '#', '', '', 1, 0, 'F', '0', '0', 'system:config:export', '#', 'OFFICE', 'admin', '2022-09-15 09:46:38', '', NULL, '');
INSERT INTO `sys_menu` VALUES (1035, '公告查询', 107, 1, '#', '', '', 1, 0, 'F', '0', '0', 'system:notice:query', '#', 'OFFICE', 'admin', '2022-09-15 09:46:38', '', NULL, '');
INSERT INTO `sys_menu` VALUES (1036, '公告新增', 107, 2, '#', '', '', 1, 0, 'F', '0', '0', 'system:notice:add', '#', 'OFFICE', 'admin', '2022-09-15 09:46:38', '', NULL, '');
INSERT INTO `sys_menu` VALUES (1037, '公告修改', 107, 3, '#', '', '', 1, 0, 'F', '0', '0', 'system:notice:edit', '#', 'OFFICE', 'admin', '2022-09-15 09:46:38', '', NULL, '');
INSERT INTO `sys_menu` VALUES (1038, '公告删除', 107, 4, '#', '', '', 1, 0, 'F', '0', '0', 'system:notice:remove', '#', 'OFFICE', 'admin', '2022-09-15 09:46:38', '', NULL, '');
INSERT INTO `sys_menu` VALUES (1039, '操作查询', 500, 1, '#', '', '', 1, 0, 'F', '0', '0', 'monitor:operlog:query', '#', 'OFFICE', 'admin', '2022-09-15 09:46:38', '', NULL, '');
INSERT INTO `sys_menu` VALUES (1040, '操作删除', 500, 2, '#', '', '', 1, 0, 'F', '0', '0', 'monitor:operlog:remove', '#', 'OFFICE', 'admin', '2022-09-15 09:46:38', '', NULL, '');
INSERT INTO `sys_menu` VALUES (1041, '日志导出', 500, 4, '#', '', '', 1, 0, 'F', '0', '0', 'monitor:operlog:export', '#', 'OFFICE', 'admin', '2022-09-15 09:46:38', '', NULL, '');
INSERT INTO `sys_menu` VALUES (1042, '登录查询', 501, 1, '#', '', '', 1, 0, 'F', '0', '0', 'monitor:logininfor:query', '#', 'OFFICE', 'admin', '2022-09-15 09:46:38', '', NULL, '');
INSERT INTO `sys_menu` VALUES (1043, '登录删除', 501, 2, '#', '', '', 1, 0, 'F', '0', '0', 'monitor:logininfor:remove', '#', 'OFFICE', 'admin', '2022-09-15 09:46:38', '', NULL, '');
INSERT INTO `sys_menu` VALUES (1044, '日志导出', 501, 3, '#', '', '', 1, 0, 'F', '0', '0', 'monitor:logininfor:export', '#', 'OFFICE', 'admin', '2022-09-15 09:46:38', '', NULL, '');
INSERT INTO `sys_menu` VALUES (1045, '在线查询', 109, 1, '#', '', '', 1, 0, 'F', '0', '0', 'monitor:online:query', '#', 'OFFICE', 'admin', '2022-09-15 09:46:38', '', NULL, '');
INSERT INTO `sys_menu` VALUES (1046, '批量强退', 109, 2, '#', '', '', 1, 0, 'F', '0', '0', 'monitor:online:batchLogout', '#', 'OFFICE', 'admin', '2022-09-15 09:46:38', '', NULL, '');
INSERT INTO `sys_menu` VALUES (1047, '单条强退', 109, 3, '#', '', '', 1, 0, 'F', '0', '0', 'monitor:online:forceLogout', '#', 'OFFICE', 'admin', '2022-09-15 09:46:38', '', NULL, '');
INSERT INTO `sys_menu` VALUES (1048, '任务查询', 115, 1, '#', '', '', 1, 0, 'F', '0', '0', 'monitor:job:query', '#', 'OFFICE', 'admin', '2022-09-15 10:18:04', '', NULL, '');
INSERT INTO `sys_menu` VALUES (1049, '任务新增', 115, 2, '#', '', '', 1, 0, 'F', '0', '0', 'monitor:job:add', '#', 'OFFICE', 'admin', '2022-09-15 10:18:04', '', NULL, '');
INSERT INTO `sys_menu` VALUES (1050, '任务修改', 115, 3, '#', '', '', 1, 0, 'F', '0', '0', 'monitor:job:edit', '#', 'OFFICE', 'admin', '2022-09-15 10:18:04', '', NULL, '');
INSERT INTO `sys_menu` VALUES (1051, '任务删除', 115, 4, '#', '', '', 1, 0, 'F', '0', '0', 'monitor:job:remove', '#', 'OFFICE', 'admin', '2022-09-15 10:18:04', '', NULL, '');
INSERT INTO `sys_menu` VALUES (1052, '状态修改', 115, 5, '#', '', '', 1, 0, 'F', '0', '0', 'monitor:job:changeStatus', '#', 'OFFICE', 'admin', '2022-09-15 10:18:04', '', NULL, '');
INSERT INTO `sys_menu` VALUES (1053, '任务导出', 115, 7, '#', '', '', 1, 0, 'F', '0', '0', 'monitor:job:export', '#', 'OFFICE', 'admin', '2022-09-15 10:18:04', '', NULL, '');
INSERT INTO `sys_menu` VALUES (1500, '信息公示', 1506, 4, 'information', NULL, NULL, 1, 0, 'M', '0', '0', '', 'fullscreen', 'OFFICE', 'admin', '2022-09-15 15:11:47', 'admin', '2022-11-10 14:56:55', '');
INSERT INTO `sys_menu` VALUES (1501, '物业招商公示', 1500, 0, 'invest', 'v1/estate/publicity/invest/index', NULL, 1, 0, 'C', '0', '0', '', 'fullscreen', 'OFFICE', 'admin', '2022-09-15 15:17:34', 'admin', '2022-11-09 15:05:47', '');
INSERT INTO `sys_menu` VALUES (1502, '物业通报公告', 1500, 1, 'bulletin', 'v1/estate/publicity/bulletin/index', NULL, 1, 0, 'C', '0', '0', '', 'exit-fullscreen', 'OFFICE', 'admin', '2022-09-15 15:23:41', 'admin', '2022-11-09 15:06:36', '');
INSERT INTO `sys_menu` VALUES (1506, '物业数据管理', 0, 5, 'estate', NULL, NULL, 1, 0, 'M', '0', '0', '', 'list', 'OFFICE', 'admin', '2022-09-16 14:44:21', 'admin', '2022-11-09 16:55:07', '');
INSERT INTO `sys_menu` VALUES (1507, '考核管理', 1506, 1, 'assess', NULL, NULL, 1, 0, 'M', '0', '0', '', 'list', 'OFFICE', 'admin', '2022-09-16 14:45:30', 'admin', '2022-09-17 11:15:32', '');
INSERT INTO `sys_menu` VALUES (1509, '考核方法', 1507, 2, 'assessMethod', 'v1/estate/assess/method', NULL, 1, 0, 'C', '0', '0', 'modules:assessMethod:list', 'build', 'OFFICE', 'admin', '2022-09-17 09:08:40', 'admin', '2022-11-10 09:18:34', '');
INSERT INTO `sys_menu` VALUES (1510, '新增考核方法', 1509, 1, '', NULL, NULL, 1, 0, 'F', '0', '0', 'modules:assessMethod:add', '#', 'OFFICE', 'admin', '2022-09-19 11:15:32', 'admin', '2022-09-21 09:27:46', '');
INSERT INTO `sys_menu` VALUES (1511, '修改', 1509, 2, '', NULL, NULL, 1, 0, 'F', '0', '0', 'modules:assessMethod:edit', '#', 'OFFICE', 'admin', '2022-09-19 14:31:41', 'admin', '2022-09-19 14:42:06', '');
INSERT INTO `sys_menu` VALUES (1512, '删除', 1509, 3, '', NULL, NULL, 1, 0, 'F', '0', '0', 'modules:assessMethod:remove', '#', 'OFFICE', 'admin', '2022-09-19 14:32:20', 'admin', '2022-09-19 14:41:56', '');
INSERT INTO `sys_menu` VALUES (1513, '查看详情', 1509, 4, '', NULL, NULL, 1, 0, 'F', '0', '0', 'modules:assessMethod:query', '#', 'OFFICE', 'admin', '2022-09-19 14:41:47', '', NULL, '');
INSERT INTO `sys_menu` VALUES (1514, '详情', 1509, 5, '', NULL, NULL, 1, 0, 'F', '0', '0', 'modules:assessMethod:detail', '#', 'OFFICE', 'admin', '2022-09-20 17:40:06', '', NULL, '');
INSERT INTO `sys_menu` VALUES (1515, '考核记录', 1507, 3, 'assessRecord', 'v1/estate/assess/record', NULL, 1, 0, 'C', '0', '0', 'modules:assess:list', 'build', 'OFFICE', 'admin', '2022-09-22 09:22:51', 'admin', '2022-11-14 19:34:06', '');
INSERT INTO `sys_menu` VALUES (1516, '新增考核记录', 1515, 1, '', NULL, NULL, 1, 0, 'F', '0', '0', 'modules:assess:add', '#', 'OFFICE', 'admin', '2022-09-22 09:26:37', 'admin', '2022-11-14 19:33:10', '');
INSERT INTO `sys_menu` VALUES (1517, '获取基础参数', 1515, 2, '', NULL, NULL, 1, 0, 'F', '0', '0', 'modules:assess:param', '#', 'OFFICE', 'admin', '2022-09-22 11:01:31', 'admin', '2022-11-14 19:33:18', '');
INSERT INTO `sys_menu` VALUES (1518, '修改', 1515, 3, '', NULL, NULL, 1, 0, 'F', '0', '0', 'modules:assess:edit', '#', 'OFFICE', 'admin', '2022-09-22 19:19:55', 'admin', '2022-11-14 19:33:25', '');
INSERT INTO `sys_menu` VALUES (1519, '删除', 1515, 4, '', NULL, NULL, 1, 0, 'F', '0', '0', 'modules:assess:remove', '#', 'OFFICE', 'admin', '2022-09-22 19:20:23', 'admin', '2022-11-14 19:33:32', '');
INSERT INTO `sys_menu` VALUES (1520, '查看详情', 1515, 5, '', NULL, NULL, 1, 0, 'F', '0', '0', 'modules:assess:query', '#', 'OFFICE', 'admin', '2022-09-22 19:21:29', 'admin', '2022-11-14 19:33:39', '');
INSERT INTO `sys_menu` VALUES (1521, '批量公示', 1515, 6, '', NULL, NULL, 1, 0, 'F', '0', '0', 'modules:assess:bulkPublicity', '#', 'OFFICE', 'admin', '2022-09-23 16:02:09', 'admin', '2022-11-14 19:33:50', '');
INSERT INTO `sys_menu` VALUES (1522, '业户施工', 1506, 3, 'construction', NULL, NULL, 1, 0, 'M', '0', '0', NULL, 'table', 'OFFICE', 'admin', '2022-11-09 14:48:30', '', NULL, '');
INSERT INTO `sys_menu` VALUES (1523, '数据统计报表', 0, 6, 'statistical', NULL, NULL, 1, 0, 'M', '0', '0', NULL, 'clipboard', 'OFFICE', 'admin', '2022-11-09 14:56:31', '', NULL, '');
INSERT INTO `sys_menu` VALUES (1524, '物业收益/支出', 1523, 1, 'incomeCharges', 'v1/statistical/incomeCharges/incomeCharges', NULL, 1, 0, 'C', '0', '0', 'incomeCharges:estateEarn:list', 'drag', 'OFFICE', 'admin', '2022-11-09 15:01:07', 'admin', '2022-11-26 15:17:08', '');
INSERT INTO `sys_menu` VALUES (1525, '报事报修工单统计', 1523, 2, 'maintenance', 'v1/statistical/maintenance/index.vue', NULL, 1, 0, 'C', '0', '0', 'system:maintenance:list', 'build', 'OFFICE', 'admin', '2022-11-09 15:53:33', 'admin', '2022-11-10 15:00:41', '');
INSERT INTO `sys_menu` VALUES (1526, '维修基金统计', 1523, 4, 'peport', 'v1/statistical/peport/index.vue', NULL, 1, 0, 'C', '0', '0', 'system:peport:list', 'color', 'OFFICE', 'admin', '2022-11-09 15:58:15', 'admin', '2022-11-10 15:00:35', '');
INSERT INTO `sys_menu` VALUES (1527, '费用管理', 1506, 3, 'cost', NULL, NULL, 1, 0, 'M', '0', '0', NULL, 'code', 'OFFICE', 'admin', '2022-11-09 17:25:57', '', NULL, '');
INSERT INTO `sys_menu` VALUES (1528, '合同管理', 1506, 0, 'contract', NULL, NULL, 1, 0, 'M', '0', '0', NULL, 'clipboard', 'OFFICE', 'admin', '2022-11-10 09:18:17', '', NULL, '');
INSERT INTO `sys_menu` VALUES (1529, '服务合同', 1528, 0, 'contract', 'v1/estate/contract/service', NULL, 1, 0, 'C', '0', '0', 'modules:serve:list', 'clipboard', 'OFFICE', 'admin', '2022-11-10 09:20:25', 'admin', '2022-11-16 13:07:40', '');
INSERT INTO `sys_menu` VALUES (1530, '考核标准', 1507, 1, 'standard', 'v1/estate/assess/standard', NULL, 1, 0, 'C', '0', '0', 'modules:standard:list', 'build', 'OFFICE', 'admin', '2022-11-10 09:20:35', '', NULL, '');
INSERT INTO `sys_menu` VALUES (1531, '物业费缴纳记录', 1527, 1, 'propertyLog', 'v1/estate/cost/propertyLog/index', NULL, 1, 0, 'C', '0', '0', 'estate:propertyLog:list', 'money', 'OFFICE', 'admin', '2022-11-10 09:44:36', 'admin', '2022-11-11 15:41:43', '');
INSERT INTO `sys_menu` VALUES (1532, '结构变动预警', 1522, 1, 'decorateOrder', 'v1/estate/construction/decorateOrder', NULL, 1, 0, 'C', '0', '0', 'system:decorateOrder:list', 'online', 'OFFICE', 'admin', '2022-11-10 10:26:24', 'admin', '2022-11-23 17:03:26', '');
INSERT INTO `sys_menu` VALUES (1533, '投诉与建议', 1506, 5, 'complaint', NULL, NULL, 1, 0, 'M', '0', '0', '', 'documentation', 'OFFICE', 'admin', '2022-11-10 10:44:57', 'admin', '2022-11-10 11:04:31', '');
INSERT INTO `sys_menu` VALUES (1534, '业户投诉通道', 1533, 1, 'complaint', 'v1/estate/complaint/complaint', '', 1, 0, 'C', '0', '0', 'business:complaint:list', 'color', 'OFFICE', 'admin', '2022-11-10 10:46:16', 'admin', '2022-11-11 17:03:45', '');
INSERT INTO `sys_menu` VALUES (1536, '报事报修工单', 1522, 2, 'workOrder', 'v1/estate/construction/workOrder', NULL, 1, 0, 'C', '0', '0', 'estate:construction:workOrder:list', 'tool', 'OFFICE', 'admin', '2022-11-10 13:32:33', 'admin', '2022-11-10 13:33:11', '');
INSERT INTO `sys_menu` VALUES (1537, '修改', 1530, 1, '', NULL, NULL, 1, 0, 'F', '0', '0', 'modules:standard:edit', '#', 'OFFICE', 'admin', '2022-11-10 13:44:36', '', NULL, '');
INSERT INTO `sys_menu` VALUES (1538, '特殊设备管理', 1506, 1, 'device', NULL, NULL, 1, 0, 'M', '0', '0', NULL, 'checkbox', 'OFFICE', 'admin', '2022-11-10 14:35:50', '', NULL, '');
INSERT INTO `sys_menu` VALUES (1539, '可视化对讲设备', 1538, 2, 'visual', 'v1/estate/device/visual/index', NULL, 1, 0, 'C', '0', '0', 'device:visual:list', 'date-range', 'OFFICE', 'admin', '2022-11-10 14:37:49', 'admin', '2022-11-15 11:37:50', '');
INSERT INTO `sys_menu` VALUES (1540, '基金管理', 1527, 2, 'vote', 'v1/estate/cost/vote', NULL, 1, 0, 'C', '0', '0', 'estate:vote:list', 'download', 'OFFICE', 'admin', '2022-11-10 14:47:22', 'admin', '2022-11-23 16:29:18', '');
INSERT INTO `sys_menu` VALUES (1541, '业主表扬统计', 1523, 6, 'complaint', 'v1/statistical/complaint/complaint', NULL, 1, 0, 'C', '0', '0', '', 'monitor', 'OFFICE', 'admin', '2022-11-10 15:29:44', 'admin', '2022-11-10 15:31:29', '');
INSERT INTO `sys_menu` VALUES (1542, '导入', 1541, 1, '', NULL, NULL, 1, 0, 'F', '0', '0', 'system:complaint:export', '#', 'OFFICE', 'admin', '2022-11-11 09:22:20', '', NULL, '');
INSERT INTO `sys_menu` VALUES (1543, '采购合同', 1528, 1, 'buyer', 'v1/estate/contract/buyer', NULL, 1, 0, 'C', '0', '0', 'modules:buyer:list', 'clipboard', 'OFFICE', 'admin', '2022-11-11 09:58:55', 'admin', '2022-11-14 19:24:20', '');
INSERT INTO `sys_menu` VALUES (1544, '物业收益/支出', 1527, 3, 'bill', 'v1/estate/cost/bill', NULL, 1, 0, 'C', '0', '0', 'estate:lucre:list', 'cascader', 'OFFICE', 'admin', '2022-11-11 10:17:36', 'admin', '2022-11-26 14:52:50', '');
INSERT INTO `sys_menu` VALUES (1545, '业户表扬通道', 1533, 2, 'praise', 'v1/estate/complaint/praise', NULL, 1, 0, 'C', '0', '0', 'business:complaint:list', 'education', 'OFFICE', 'admin', '2022-11-11 10:19:58', 'admin', '2022-11-11 17:03:50', '');
INSERT INTO `sys_menu` VALUES (1547, '物业招商公示列表', 1501, 1, '', NULL, NULL, 1, 0, 'F', '0', '0', 'module:invest:list', '#', 'OFFICE', 'admin', '2022-11-11 10:31:19', 'admin', '2023-02-25 15:11:51', '');
INSERT INTO `sys_menu` VALUES (1550, '物业通告列表', 1502, 1, '', NULL, NULL, 1, 0, 'F', '0', '0', 'module:bulletin:list', '#', 'OFFICE', 'admin', '2022-11-11 10:34:52', 'admin', '2023-02-25 15:11:57', '');
INSERT INTO `sys_menu` VALUES (1551, '物业通告添加', 1502, 1, '', NULL, NULL, 1, 0, 'F', '0', '0', 'module:bulletin:add', '#', 'OFFICE', 'admin', '2022-11-11 10:35:21', 'admin', '2023-02-25 15:12:02', '');
INSERT INTO `sys_menu` VALUES (1552, '物业通告删除', 1502, 1, '', NULL, NULL, 1, 0, 'F', '0', '0', 'module:bulletin:remove', '#', 'OFFICE', 'admin', '2022-11-11 10:35:43', 'admin', '2023-02-25 15:12:08', '');
INSERT INTO `sys_menu` VALUES (1553, '物业通告修改', 1502, 1, '', NULL, NULL, 1, 0, 'F', '0', '0', 'module:bulletin:edit', '#', 'OFFICE', 'admin', '2022-11-11 10:36:07', 'admin', '2023-02-25 15:12:13', '');
INSERT INTO `sys_menu` VALUES (1554, '建议箱', 1533, 3, 'suggest', 'v1/estate/complaint/suggest', NULL, 1, 0, 'C', '0', '0', 'business:illegal:list', 'clipboard', 'OFFICE', 'admin', '2022-11-11 11:39:24', 'admin', '2022-11-11 17:04:27', '');
INSERT INTO `sys_menu` VALUES (1555, '设备维保', 1538, 3, 'deviceOrder', 'v1/estate/device/deviceOrder/index', NULL, 1, 0, 'C', '0', '0', 'device:deviceOrder:list', 'color', 'OFFICE', 'admin', '2022-11-11 13:12:50', 'admin', '2022-11-15 11:38:19', '');
INSERT INTO `sys_menu` VALUES (1556, '设备巡检', 1538, 4, 'inspectDevice', 'v1/estate/device/inspectDevice/index', NULL, 1, 0, 'C', '0', '0', 'device:inspectDevice:list', 'color', 'OFFICE', 'admin', '2022-11-11 13:14:18', 'admin', '2022-11-15 11:38:49', '');
INSERT INTO `sys_menu` VALUES (1557, '租赁合同', 1528, 2, 'lease', 'v1/estate/contract/lease', NULL, 1, 0, 'C', '0', '0', 'modules:lease:list', 'clipboard', 'OFFICE', 'admin', '2022-11-11 14:39:33', 'admin', '2022-11-14 19:25:48', '');
INSERT INTO `sys_menu` VALUES (1558, '违法举报', 1533, 4, 'illegal', 'v1/estate/complaint/illegal', NULL, 1, 0, 'C', '0', '0', 'business:suggest:list', 'example', 'OFFICE', 'admin', '2022-11-11 16:04:32', 'admin', '2022-11-11 17:04:48', '');
INSERT INTO `sys_menu` VALUES (1559, '监控设备', 1538, 0, 'camera', 'v1/estate/device/camera', NULL, 1, 0, 'C', '0', '0', 'modules:camera:list', 'eye', 'OFFICE', 'admin', '2022-11-14 14:12:31', 'admin', '2022-11-14 19:19:22', '');
INSERT INTO `sys_menu` VALUES (1560, '预览', 1559, 0, '', NULL, NULL, 1, 0, 'F', '0', '0', 'modules:camera:play', '#', 'OFFICE', 'admin', '2022-11-14 19:20:11', '', NULL, '');
INSERT INTO `sys_menu` VALUES (1561, '查看', 1529, 0, '', NULL, NULL, 1, 0, 'F', '0', '0', 'modules:serve:query', '#', 'OFFICE', 'admin', '2022-11-14 19:21:37', '', NULL, '');
INSERT INTO `sys_menu` VALUES (1562, '下载', 1529, 1, '', NULL, NULL, 1, 0, 'F', '0', '0', 'modules:serve:down', '#', 'OFFICE', 'admin', '2022-11-14 19:22:53', '', NULL, '');
INSERT INTO `sys_menu` VALUES (1563, '查看', 1543, 0, '', NULL, NULL, 1, 0, 'F', '0', '0', 'modules:buyer:query', '#', 'OFFICE', 'admin', '2022-11-14 19:24:45', 'admin', '2022-11-14 19:31:04', '');
INSERT INTO `sys_menu` VALUES (1564, '查看', 1557, 0, '', NULL, NULL, 1, 0, 'F', '0', '0', 'modules:lease:query', '#', 'OFFICE', 'admin', '2022-11-14 19:26:04', 'admin', '2022-11-14 19:29:41', '');
INSERT INTO `sys_menu` VALUES (1567, '下载', 1543, 1, '', NULL, NULL, 1, 0, 'F', '0', '0', 'modules:buyer:down', '#', 'OFFICE', 'admin', '2022-11-14 19:35:13', '', NULL, '');
INSERT INTO `sys_menu` VALUES (1568, '物业下发通知', 1534, 1, '', NULL, NULL, 1, 0, 'F', '0', '0', 'business:complaint:add', '#', 'OFFICE', 'admin', '2022-11-14 19:35:17', '', NULL, '');
INSERT INTO `sys_menu` VALUES (1569, '下载', 1557, 1, '', NULL, NULL, 1, 0, 'F', '0', '0', 'modules:lease:down', '#', 'OFFICE', 'admin', '2022-11-14 19:35:28', '', NULL, '');
INSERT INTO `sys_menu` VALUES (1570, '物业下发通知', 1558, 1, '', NULL, NULL, 1, 0, 'F', '0', '0', 'business:illegal:add', '#', 'OFFICE', 'admin', '2022-11-14 19:36:28', '', NULL, '');
INSERT INTO `sys_menu` VALUES (1571, '门禁设备', 1538, 1, 'access', 'v1/estate/device/access', NULL, 1, 0, 'C', '0', '0', 'modules:access:list', 'post', 'OFFICE', 'admin', '2022-11-14 21:11:04', 'admin', '2022-11-16 13:08:09', '');
INSERT INTO `sys_menu` VALUES (1572, '查看', 1555, 1, '', NULL, NULL, 1, 0, 'F', '0', '0', 'device:deviceOrder:info', '#', 'OFFICE', 'admin', '2022-11-15 11:39:22', 'admin', '2022-11-15 11:41:20', '');
INSERT INTO `sys_menu` VALUES (1574, '查看', 1556, 1, '', NULL, NULL, 1, 0, 'F', '0', '0', 'device:inspectDevice:info', '#', 'OFFICE', 'admin', '2022-11-15 11:41:50', '', NULL, '');
INSERT INTO `sys_menu` VALUES (1575, '考核评分排名', 1523, 7, 'assessRecord', 'v1/statistical/assess/scoreRanking', NULL, 1, 0, 'C', '0', '0', 'modules:assess:query', 'component', 'OFFICE', 'admin', '2022-11-16 20:01:17', '', NULL, '');
INSERT INTO `sys_menu` VALUES (1576, '物业办招标', 0, 20, 'bidding', NULL, NULL, 1, 0, 'M', '0', '0', '', 'skill', 'TENDER', 'admin', '2022-11-18 11:31:14', 'admin', '2022-11-23 15:06:44', '');
INSERT INTO `sys_menu` VALUES (1577, '公告管理', 1576, 1, 'Notice', NULL, NULL, 1, 0, 'M', '0', '0', '', 'checkbox', 'TENDER', 'admin', '2022-11-18 11:33:43', 'admin', '2022-11-23 16:40:17', '');
INSERT INTO `sys_menu` VALUES (1578, '公告类型管理', 1577, 1, 'busnotice', 'v1/bidding/notices/busnoticetype/index.vue', NULL, 1, 0, 'C', '0', '0', 'system:noticetype:list', 'dict', 'TENDER', 'admin', '2022-11-18 11:35:02', 'admin', '2022-11-26 15:10:38', '');
INSERT INTO `sys_menu` VALUES (1579, '发布公告', 1577, 2, 'BusNoticeType', 'v1/bidding/notices/busnotice/index', NULL, 1, 0, 'C', '0', '0', 'system:notice:list', 'edit', 'TENDER', 'admin', '2022-11-18 11:37:30', 'admin', '2022-11-26 15:10:32', '');
INSERT INTO `sys_menu` VALUES (1580, '关于我们', 1576, 6, 'AboutUs', 'v1/bidding/aboutUs/index.vue', NULL, 1, 0, 'C', '0', '0', 'system:aboutUs:list', 'cascader', 'TENDER', 'admin', '2022-11-18 11:53:43', 'admin', '2022-11-23 16:47:49', '');
INSERT INTO `sys_menu` VALUES (1581, '招标项目管理 ', 1576, 2, 'InvitationalTenders', 'v1/bidding/invitationalTenders/index', NULL, 1, 0, 'C', '0', '0', 'system:tenders:list', 'tab', 'TENDER', 'admin', '2022-11-18 12:57:09', 'admin', '2022-11-23 14:22:55', '');
INSERT INTO `sys_menu` VALUES (1582, '招标项目类型管理', 1576, 3, 'tendersType', 'v1/bidding/tendersType/tendersType', '', 1, 0, 'C', '0', '0', 'system:type:list', 'button', 'TENDER', 'admin', '2022-11-18 16:48:37', 'admin', '2022-11-23 16:46:21', '');
INSERT INTO `sys_menu` VALUES (1583, '企业管理', 1576, 5, 'company', 'v1/bidding/company/index', '', 1, 0, 'C', '0', '0', '', 'color', 'TENDER', 'admin', '2022-11-19 11:53:03', 'admin', '2022-11-22 11:28:15', '');
INSERT INTO `sys_menu` VALUES (1584, '区域管理', 1576, 7, 'region', 'v1/bidding/region/region', NULL, 1, 0, 'C', '0', '0', 'business:region:list', 'swagger', 'TENDER', 'admin', '2022-11-19 13:16:57', 'admin', '2022-11-19 16:10:17', '');
INSERT INTO `sys_menu` VALUES (1585, '区域新增', 1584, 0, '', NULL, NULL, 1, 0, 'F', '0', '0', 'business:region:add', '#', 'TENDER', 'admin', '2022-11-19 16:08:57', 'admin', '2022-11-19 16:10:27', '');
INSERT INTO `sys_menu` VALUES (1586, '区域删除', 1584, 1, '', NULL, NULL, 1, 0, 'F', '0', '0', 'business:region:delete', '#', 'TENDER', 'admin', '2022-11-19 16:09:36', 'admin', '2022-11-19 16:10:36', '');
INSERT INTO `sys_menu` VALUES (1587, '区域修改', 1584, 2, '', NULL, NULL, 1, 0, 'F', '0', '0', 'business:region:update', '#', 'TENDER', 'admin', '2022-11-19 16:10:03', 'admin', '2022-11-19 16:10:46', '');
INSERT INTO `sys_menu` VALUES (1588, '招标公司', 1583, 1, 'company', 'v1/bidding/company/bidding', NULL, 1, 0, 'C', '0', '0', 'company:bidding:list', 'color', 'TENDER', 'admin', '2022-11-22 11:25:31', 'admin', '2022-11-22 11:28:21', '');
INSERT INTO `sys_menu` VALUES (1589, '投标公司', 1583, 2, 'company', 'v1/bidding/company/drop', NULL, 1, 0, 'C', '0', '0', 'company:drop:list', 'color', 'TENDER', 'admin', '2022-11-22 11:28:07', 'admin', '2022-11-22 11:28:26', '');
INSERT INTO `sys_menu` VALUES (1590, '公司设置', 1583, 3, 'company', 'v1/bidding/company/agree', NULL, 1, 0, 'C', '0', '0', 'company:initial:list', 'date-range', 'TENDER', 'admin', '2022-11-22 11:29:54', 'admin', '2022-11-22 11:37:45', '');
INSERT INTO `sys_menu` VALUES (1591, '列表', 1588, 1, '', NULL, NULL, 1, 0, 'F', '0', '0', 'company:bidding:list', '#', 'TENDER', 'admin', '2022-11-22 11:30:21', 'admin', '2022-11-22 11:39:05', '');
INSERT INTO `sys_menu` VALUES (1593, '查看', 1588, 2, '', NULL, NULL, 1, 0, 'F', '0', '0', 'company:bidding:info', '#', 'TENDER', 'admin', '2022-11-22 11:31:19', 'admin', '2022-11-22 11:38:59', '');
INSERT INTO `sys_menu` VALUES (1594, '新增', 1588, 3, '', NULL, NULL, 1, 0, 'F', '0', '0', 'company:bidding:add', '#', 'TENDER', 'admin', '2022-11-22 11:31:38', 'admin', '2022-11-22 11:39:48', '');
INSERT INTO `sys_menu` VALUES (1595, '修改', 1588, 4, '', NULL, NULL, 1, 0, 'F', '0', '0', 'company:bidding:edit', '#', 'TENDER', 'admin', '2022-11-22 11:32:07', 'admin', '2022-11-22 11:39:57', '');
INSERT INTO `sys_menu` VALUES (1596, '删除', 1588, 5, '', NULL, NULL, 1, 0, 'F', '0', '0', 'company:bidding:remove', '#', 'TENDER', 'admin', '2022-11-22 11:32:30', 'admin', '2022-11-22 11:40:03', '');
INSERT INTO `sys_menu` VALUES (1597, '修改密码', 1588, 6, '', NULL, NULL, 1, 0, 'F', '0', '0', 'company:bidding:changePassWord', '#', 'TENDER', 'admin', '2022-11-22 11:33:03', 'admin', '2022-11-22 11:40:08', '');
INSERT INTO `sys_menu` VALUES (1598, '列表', 1589, 1, '', NULL, NULL, 1, 0, 'F', '0', '0', 'company:drop:list', '#', 'TENDER', 'admin', '2022-11-22 11:33:26', 'admin', '2022-11-22 11:37:11', '');
INSERT INTO `sys_menu` VALUES (1599, '查看', 1589, 2, '', NULL, NULL, 1, 0, 'F', '0', '0', 'company:drop:info', '#', 'TENDER', 'admin', '2022-11-22 11:33:46', 'admin', '2022-11-22 11:38:24', '');
INSERT INTO `sys_menu` VALUES (1600, '新增', 1589, 3, '', NULL, NULL, 1, 0, 'F', '0', '0', 'company:drop:add', '#', 'TENDER', 'admin', '2022-11-22 11:34:11', 'admin', '2022-11-22 11:37:06', '');
INSERT INTO `sys_menu` VALUES (1601, '修改', 1589, 4, '', NULL, NULL, 1, 0, 'F', '0', '0', 'company:drop:edit', '#', 'TENDER', 'admin', '2022-11-22 11:34:50', 'admin', '2022-11-22 11:37:00', '');
INSERT INTO `sys_menu` VALUES (1602, '删除', 1589, 5, '', NULL, NULL, 1, 0, 'F', '0', '0', 'company:drop:remove', '#', 'TENDER', 'admin', '2022-11-22 11:35:12', 'admin', '2022-11-22 11:38:00', '');
INSERT INTO `sys_menu` VALUES (1603, '修改密码', 1589, 6, '', NULL, NULL, 1, 0, 'F', '0', '0', 'company:drop:changePassWord', '#', 'TENDER', 'admin', '2022-11-22 11:35:31', 'admin', '2022-11-22 11:36:54', '');
INSERT INTO `sys_menu` VALUES (1604, '列表', 1590, 1, '', NULL, NULL, 1, 0, 'F', '0', '0', 'company:initial:list', '#', 'TENDER', 'admin', '2022-11-22 11:35:51', 'admin', '2022-11-22 11:37:40', '');
INSERT INTO `sys_menu` VALUES (1605, '修改密码', 1590, 2, '', NULL, NULL, 1, 0, 'F', '0', '0', 'company:initial:edit', '#', 'TENDER', 'admin', '2022-11-22 11:36:21', 'admin', '2022-11-22 11:37:35', '');
INSERT INTO `sys_menu` VALUES (1606, '删除', 1590, 3, '', NULL, NULL, 1, 0, 'F', '0', '0', 'company:initial:remove', '#', 'TENDER', 'admin', '2022-11-22 11:36:40', 'admin', '2022-11-22 11:37:27', '');
INSERT INTO `sys_menu` VALUES (1607, '新增', 1581, 1, '', NULL, NULL, 1, 0, 'F', '0', '0', 'system:tenders:add', '#', 'TENDER', 'admin', '2022-11-23 14:08:01', 'admin', '2022-11-23 15:11:06', '');
INSERT INTO `sys_menu` VALUES (1608, '查看', 1581, 2, '', NULL, NULL, 1, 0, 'F', '0', '0', 'system:tenders:query', '#', 'TENDER', 'admin', '2022-11-23 14:08:42', 'admin', '2022-11-23 15:11:11', '');
INSERT INTO `sys_menu` VALUES (1609, '修改', 1581, 3, '', NULL, NULL, 1, 0, 'F', '0', '0', 'system:tenders:edit', '#', 'TENDER', 'admin', '2022-11-23 14:09:06', 'admin', '2022-11-23 15:11:15', '');
INSERT INTO `sys_menu` VALUES (1610, '删除', 1581, 4, '', NULL, NULL, 1, 0, 'F', '0', '0', 'system:tenders:remove', '#', 'TENDER', 'admin', '2022-11-23 14:09:27', 'admin', '2022-11-23 15:11:57', '');
INSERT INTO `sys_menu` VALUES (1611, '导出', 1581, 5, '', NULL, NULL, 1, 0, 'F', '0', '0', 'system:tenders:export', '#', 'TENDER', 'admin', '2022-11-23 14:09:51', 'admin', '2022-11-23 15:11:21', '');
INSERT INTO `sys_menu` VALUES (1612, '项目管理按钮', 1581, 6, '', NULL, NULL, 1, 0, 'F', '0', '0', 'system:tenders:listManage', '#', 'TENDER', 'admin', '2022-11-23 14:10:58', 'admin', '2022-11-23 15:11:25', '');
INSERT INTO `sys_menu` VALUES (1614, '中标按钮', 1581, 7, '', NULL, NULL, 1, 0, 'F', '0', '0', 'system:tenders:bid', '#', 'TENDER', 'admin', '2022-11-23 14:12:34', 'admin', '2022-11-23 15:11:34', '');
INSERT INTO `sys_menu` VALUES (1615, '不合格按钮', 1581, 9, '', NULL, NULL, 1, 0, 'F', '0', '0', 'system:tenders:unBid', '#', 'TENDER', 'admin', '2022-11-23 14:13:37', 'admin', '2022-11-23 15:11:29', '');
INSERT INTO `sys_menu` VALUES (1616, '新增', 1582, 0, '', NULL, NULL, 1, 0, 'F', '0', '0', 'system:type:add', '#', 'TENDER', 'admin', '2022-11-23 14:19:30', 'admin', '2022-11-23 16:46:26', '');
INSERT INTO `sys_menu` VALUES (1617, '修改', 1582, 1, '', NULL, NULL, 1, 0, 'F', '0', '0', 'system:type:edit', '#', 'TENDER', 'admin', '2022-11-23 14:23:08', 'admin', '2022-11-23 16:46:32', '');
INSERT INTO `sys_menu` VALUES (1618, '删除', 1582, 2, '', NULL, NULL, 1, 0, 'F', '0', '0', 'system:type:remove', '#', 'TENDER', 'admin', '2022-11-23 14:23:43', 'admin', '2022-11-23 16:46:41', '');
INSERT INTO `sys_menu` VALUES (1619, '轮播图管理', 1576, 4, 'banner', 'v1/bidding/banner/index', NULL, 1, 0, 'C', '0', '0', 'system:banner:list', 'star', 'TENDER', 'admin', '2022-11-23 14:37:05', 'admin', '2022-11-23 16:46:55', '');
INSERT INTO `sys_menu` VALUES (1620, '查看', 1619, 1, '', NULL, NULL, 1, 0, 'F', '0', '0', 'system:banner:query', '#', 'TENDER', 'admin', '2022-11-23 14:42:02', 'admin', '2022-11-23 16:47:02', '');
INSERT INTO `sys_menu` VALUES (1621, '新增', 1619, 2, '', NULL, NULL, 1, 0, 'F', '0', '0', 'system:banner:add', '#', 'TENDER', 'admin', '2022-11-23 14:43:23', 'admin', '2022-11-23 16:47:10', '');
INSERT INTO `sys_menu` VALUES (1622, '修改', 1619, 3, '', NULL, NULL, 1, 0, 'F', '0', '0', 'system:banner:edit', '#', 'TENDER', 'admin', '2022-11-23 14:43:53', 'admin', '2022-11-23 16:47:17', '');
INSERT INTO `sys_menu` VALUES (1623, '删除', 1619, 4, '', NULL, NULL, 1, 0, 'F', '0', '0', 'system:banner:remove', '#', 'TENDER', 'admin', '2022-11-23 14:44:29', 'admin', '2022-11-23 16:47:23', '');
INSERT INTO `sys_menu` VALUES (1624, '显示/隐藏', 1619, 5, '', NULL, NULL, 1, 0, 'F', '0', '0', 'system:banner:edit:status', '#', 'TENDER', 'admin', '2022-11-23 14:45:37', 'admin', '2022-11-23 16:47:31', '');
INSERT INTO `sys_menu` VALUES (1625, '查询', 1580, 0, '', NULL, NULL, 1, 0, 'F', '0', '0', 'business:customer:query', '#', 'TENDER', 'admin', '2022-11-23 14:46:08', 'admin', '2022-11-23 16:47:56', '');
INSERT INTO `sys_menu` VALUES (1626, '新增', 1580, 1, '', NULL, NULL, 1, 0, 'F', '0', '0', 'business:customer:add', '#', 'TENDER', 'admin', '2022-11-23 14:46:47', 'admin', '2022-11-23 16:48:02', '');
INSERT INTO `sys_menu` VALUES (1627, '修改', 1580, 2, '', NULL, NULL, 1, 0, 'F', '0', '0', 'business:customer:remove', '#', 'TENDER', 'admin', '2022-11-23 14:47:12', 'admin', '2022-11-23 16:48:08', '');
INSERT INTO `sys_menu` VALUES (1628, '查看投票', 1540, 1, '', NULL, NULL, 1, 0, 'F', '0', '0', 'estate:vote:query', '#', 'OFFICE', 'admin', '2022-11-23 16:28:02', 'admin', '2022-11-23 16:31:03', '');
INSERT INTO `sys_menu` VALUES (1629, '查看拨款', 1540, 2, '', NULL, NULL, 1, 0, 'F', '0', '0', 'estate:vote:query', '#', 'OFFICE', 'admin', '2022-11-23 16:31:46', '', NULL, '');
INSERT INTO `sys_menu` VALUES (1630, '查看', 1532, 1, '', NULL, NULL, 1, 0, 'F', '0', '0', 'system:decorateOrder:query', '#', 'OFFICE', 'admin', '2022-11-23 17:10:45', '', NULL, '');
INSERT INTO `sys_menu` VALUES (1631, '物业通告查看详情', 1502, 1, '', NULL, NULL, 1, 0, 'F', '0', '0', 'module:bulletin:query', '#', 'OFFICE', 'admin', '2022-11-26 14:37:48', 'admin', '2023-02-25 15:12:17', '');
INSERT INTO `sys_menu` VALUES (1632, '查询', 1578, 1, '', NULL, NULL, 1, 0, 'F', '0', '0', 'system:noticetype:query', '#', 'OFFICE', 'admin', '2022-11-26 14:43:04', 'admin', '2022-11-26 14:50:44', '');
INSERT INTO `sys_menu` VALUES (1633, '新增', 1578, 2, '', NULL, NULL, 1, 0, 'F', '0', '0', 'system:noticetype:add', '#', 'OFFICE', 'admin', '2022-11-26 14:43:24', 'admin', '2022-11-26 14:50:54', '');
INSERT INTO `sys_menu` VALUES (1634, '修改', 1578, 2, '', NULL, NULL, 1, 0, 'F', '0', '0', 'system:noticetype:edit', '#', 'OFFICE', 'admin', '2022-11-26 14:44:31', 'admin', '2022-11-26 14:51:04', '');
INSERT INTO `sys_menu` VALUES (1635, '删除', 1578, 5, '', NULL, NULL, 1, 0, 'F', '0', '0', 'system:noticetype:remove', '#', 'OFFICE', 'admin', '2022-11-26 14:45:19', 'admin', '2022-11-26 14:51:12', '');
INSERT INTO `sys_menu` VALUES (1636, '查询发布公告', 1579, 1, '', NULL, NULL, 1, 0, 'F', '0', '0', 'system:notice:query', '#', 'OFFICE', 'admin', '2022-11-26 14:47:26', 'admin', '2022-11-26 14:49:32', '');
INSERT INTO `sys_menu` VALUES (1637, '新增发布公告', 1579, 2, '', NULL, NULL, 1, 0, 'F', '0', '0', 'system:notice:add', '#', 'OFFICE', 'admin', '2022-11-26 14:47:42', 'admin', '2022-11-26 14:49:38', '');
INSERT INTO `sys_menu` VALUES (1638, '修改发布公告', 1579, 3, '', NULL, NULL, 1, 0, 'F', '0', '0', 'system:notice:edit', '#', 'OFFICE', 'admin', '2022-11-26 14:48:02', 'admin', '2022-11-26 14:49:45', '');
INSERT INTO `sys_menu` VALUES (1639, '删除', 1579, 4, '', NULL, NULL, 1, 0, 'F', '0', '0', 'system:notice:remove', '#', 'OFFICE', 'admin', '2022-11-26 14:48:16', 'admin', '2022-11-26 14:49:53', '');
INSERT INTO `sys_menu` VALUES (1642, '物业收益导出', 1544, 1, '', NULL, NULL, 1, 0, 'F', '0', '0', 'estate:lucre:export', '#', 'OFFICE', 'admin', '2022-11-26 14:53:23', '', NULL, '');
INSERT INTO `sys_menu` VALUES (1643, '物业支出导出', 1544, 2, '', NULL, NULL, 1, 0, 'F', '0', '0', 'estate:pay:export', '#', 'OFFICE', 'admin', '2022-11-26 14:53:55', '', NULL, '');
INSERT INTO `sys_menu` VALUES (1644, '导出', 1526, 1, '', NULL, NULL, 1, 0, 'F', '0', '0', 'system:peport:export', '#', 'OFFICE', 'admin', '2022-11-26 15:18:15', '', NULL, '');
INSERT INTO `sys_menu` VALUES (1645, '查询', 1526, 2, '', NULL, NULL, 1, 0, 'F', '0', '0', 'system:peport:query', '#', 'OFFICE', 'admin', '2022-11-26 15:18:34', '', NULL, '');
INSERT INTO `sys_menu` VALUES (1646, '社区问答', 0, 4, 'issue', NULL, NULL, 1, 0, 'M', '0', '0', '', 'log', 'PUBLICITY', 'admin', '2022-12-10 12:02:04', 'admin', '2022-12-12 15:55:25', '');
INSERT INTO `sys_menu` VALUES (1647, '问答类型管理', 1646, 1, 'category', 'v1/issue/category', NULL, 1, 0, 'C', '0', '0', 'system:category:list', 'chart', 'PUBLICITY', 'admin', '2022-12-10 12:04:05', 'admin', '2022-12-12 15:55:32', '');
INSERT INTO `sys_menu` VALUES (1648, '新建问题类型', 1647, 1, '', NULL, NULL, 1, 0, 'F', '0', '0', 'system:category:add', '#', 'PUBLICITY', 'admin', '2022-12-10 13:47:45', 'admin', '2022-12-12 15:55:41', '');
INSERT INTO `sys_menu` VALUES (1649, '修改类型', 1647, 2, '', NULL, NULL, 1, 0, 'F', '0', '0', 'system:category:edit', '#', 'PUBLICITY', 'admin', '2022-12-10 13:48:10', 'admin', '2022-12-12 15:55:49', '');
INSERT INTO `sys_menu` VALUES (1650, '删除', 1647, 3, '', NULL, NULL, 1, 0, 'F', '0', '0', 'system:category:remove', '#', 'PUBLICITY', 'admin', '2022-12-10 13:48:28', 'admin', '2022-12-12 15:55:56', '');
INSERT INTO `sys_menu` VALUES (1651, '问答管理', 1646, 2, 'issue', 'v1/issue/issue', NULL, 1, 0, 'C', '0', '0', 'system:issue:list', 'message', 'PUBLICITY', 'admin', '2022-12-10 15:55:02', 'admin', '2022-12-12 15:56:07', '');
INSERT INTO `sys_menu` VALUES (1652, '添加问题', 1651, 1, '', NULL, NULL, 1, 0, 'F', '0', '0', 'system:issue:add', '#', 'PUBLICITY', 'admin', '2022-12-10 15:56:14', 'admin', '2022-12-12 15:56:12', '');
INSERT INTO `sys_menu` VALUES (1653, '查看', 1651, 2, '', NULL, NULL, 1, 0, 'F', '0', '0', 'system:issue:query', '#', 'PUBLICITY', 'admin', '2022-12-10 15:56:32', 'admin', '2022-12-12 15:56:18', '');
INSERT INTO `sys_menu` VALUES (1654, '我要问答', 1651, 3, '', NULL, NULL, 1, 0, 'F', '0', '0', 'system:issue:answer', '#', 'PUBLICITY', 'admin', '2022-12-10 15:57:02', 'admin', '2022-12-12 15:56:24', '');
INSERT INTO `sys_menu` VALUES (1655, '删除问题', 1651, 4, '', NULL, NULL, 1, 0, 'F', '0', '0', 'system:issue:remove', '#', 'PUBLICITY', 'admin', '2022-12-10 15:57:23', 'admin', '2022-12-12 15:56:28', '');
INSERT INTO `sys_menu` VALUES (1656, '删除答案', 1651, 5, '', NULL, NULL, 1, 0, 'F', '0', '0', 'system:issue:removeAnswer', '#', 'PUBLICITY', 'admin', '2022-12-10 15:57:46', 'admin', '2022-12-12 15:56:33', '');
INSERT INTO `sys_menu` VALUES (1657, '物业费缴纳', 1523, 8, 'propertyFees', 'v1/statistical/propertyFees/propertyFees.vue', NULL, 1, 0, 'C', '0', '0', 'estate:propertyFees:list', 'money', 'OFFICE', 'admin', '2023-04-06 18:16:03', 'admin', '2023-04-08 10:07:34', '');
INSERT INTO `sys_menu` VALUES (1658, '导出', 1657, 1, '', NULL, NULL, 1, 0, 'F', '0', '0', 'estate:propertyFees:export', '#', 'OFFICE', 'admin', '2023-04-08 10:06:58', '', NULL, '');
INSERT INTO `sys_menu` VALUES (1659, '公共水电费报表', 1523, 9, 'utilities', 'v1/statistical/utilities/index', NULL, 1, 0, 'C', '0', '0', 'report:utilities:list', 'documentation', 'OFFICE', 'admin', '2023-04-08 10:15:42', 'admin', '2023-04-08 10:18:24', '');
INSERT INTO `sys_menu` VALUES (1660, '导出', 1659, 1, '', NULL, NULL, 1, 0, 'F', '0', '0', 'report:utilities:report', '#', 'OFFICE', 'admin', '2023-04-08 11:04:33', '', NULL, '');

-- ----------------------------
-- Table structure for sys_notice
-- ----------------------------
DROP TABLE IF EXISTS `sys_notice`;
CREATE TABLE `sys_notice`  (
  `notice_id` int NOT NULL AUTO_INCREMENT COMMENT '公告ID',
  `notice_title` varchar(50) CHARACTER SET utf8mb3 COLLATE utf8mb3_general_ci NOT NULL COMMENT '公告标题',
  `notice_type` char(1) CHARACTER SET utf8mb3 COLLATE utf8mb3_general_ci NOT NULL DEFAULT '1' COMMENT '公告类型（1通知 2公告）',
  `notice_content` longblob NULL COMMENT '公告内容',
  `status` char(1) CHARACTER SET utf8mb3 COLLATE utf8mb3_general_ci NULL DEFAULT '0' COMMENT '公告状态（0正常 1关闭）',
  `create_by` varchar(64) CHARACTER SET utf8mb3 COLLATE utf8mb3_general_ci NULL DEFAULT '' COMMENT '创建者',
  `create_time` datetime NULL DEFAULT NULL COMMENT '创建时间',
  `update_by` varchar(64) CHARACTER SET utf8mb3 COLLATE utf8mb3_general_ci NULL DEFAULT '' COMMENT '更新者',
  `update_time` datetime NULL DEFAULT NULL COMMENT '更新时间',
  `remark` varchar(255) CHARACTER SET utf8mb3 COLLATE utf8mb3_general_ci NULL DEFAULT NULL COMMENT '备注',
  PRIMARY KEY (`notice_id`) USING BTREE
) ENGINE = InnoDB AUTO_INCREMENT = 2 CHARACTER SET = utf8mb3 COLLATE = utf8mb3_general_ci COMMENT = '通知公告表' ROW_FORMAT = DYNAMIC;

-- ----------------------------
-- Records of sys_notice
-- ----------------------------
INSERT INTO `sys_notice` VALUES (1, '5月30日行政办通知公告', '1', 0x3C703E35E69C883330E697A5E8A18CE694BFE58A9EE58F91E5B883E9809AE79FA5E585ACE5918A3C2F703E, '0', 'system', '2023-05-30 18:05:13', '', NULL, NULL);

-- ----------------------------
-- Table structure for sys_oper_log
-- ----------------------------
DROP TABLE IF EXISTS `sys_oper_log`;
CREATE TABLE `sys_oper_log`  (
  `oper_id` bigint NOT NULL AUTO_INCREMENT COMMENT '日志主键',
  `title` varchar(50) CHARACTER SET utf8mb3 COLLATE utf8mb3_general_ci NULL DEFAULT '' COMMENT '模块标题',
  `business_type` int NULL DEFAULT 0 COMMENT '业务类型（0其它 1新增 2修改 3删除）',
  `method` varchar(100) CHARACTER SET utf8mb3 COLLATE utf8mb3_general_ci NULL DEFAULT '' COMMENT '方法名称',
  `request_method` varchar(10) CHARACTER SET utf8mb3 COLLATE utf8mb3_general_ci NULL DEFAULT '' COMMENT '请求方式',
  `operator_type` int NULL DEFAULT 0 COMMENT '操作类别（0其它 1后台用户 2手机端用户）',
  `oper_name` varchar(50) CHARACTER SET utf8mb3 COLLATE utf8mb3_general_ci NULL DEFAULT '' COMMENT '操作人员',
  `dept_name` varchar(50) CHARACTER SET utf8mb3 COLLATE utf8mb3_general_ci NULL DEFAULT '' COMMENT '部门名称',
  `oper_url` varchar(255) CHARACTER SET utf8mb3 COLLATE utf8mb3_general_ci NULL DEFAULT '' COMMENT '请求URL',
  `oper_ip` varchar(128) CHARACTER SET utf8mb3 COLLATE utf8mb3_general_ci NULL DEFAULT '' COMMENT '主机地址',
  `oper_location` varchar(255) CHARACTER SET utf8mb3 COLLATE utf8mb3_general_ci NULL DEFAULT '' COMMENT '操作地点',
  `oper_param` varchar(2000) CHARACTER SET utf8mb3 COLLATE utf8mb3_general_ci NULL DEFAULT '' COMMENT '请求参数',
  `json_result` varchar(2000) CHARACTER SET utf8mb3 COLLATE utf8mb3_general_ci NULL DEFAULT '' COMMENT '返回参数',
  `status` int NULL DEFAULT 0 COMMENT '操作状态（0正常 1异常）',
  `error_msg` varchar(2000) CHARACTER SET utf8mb3 COLLATE utf8mb3_general_ci NULL DEFAULT '' COMMENT '错误消息',
  `oper_time` datetime NULL DEFAULT NULL COMMENT '操作时间',
  PRIMARY KEY (`oper_id`) USING BTREE
) ENGINE = InnoDB AUTO_INCREMENT = 103 CHARACTER SET = utf8mb3 COLLATE = utf8mb3_general_ci COMMENT = '操作日志记录' ROW_FORMAT = DYNAMIC;

-- ----------------------------
-- Records of sys_oper_log
-- ----------------------------
INSERT INTO `sys_oper_log` VALUES (1, '用户管理', 2, 'com.wr.web.controller.system.SysUserController.resetPwd()', 'PUT', 1, 'admin', NULL, '/system/user/resetPwd', '172.16.200.234', '内网IP', '{\"admin\":false,\"params\":{},\"updateBy\":\"admin\",\"userId\":2}', '{\"msg\":\"操作成功\",\"code\":200}', 0, NULL, '2023-05-12 12:03:12');
INSERT INTO `sys_oper_log` VALUES (2, '角色管理', 2, 'com.wr.web.controller.system.SysRoleController.edit()', 'PUT', 1, 'admin', NULL, '/system/role', '172.16.200.234', '内网IP', '{\"admin\":false,\"createTime\":\"2022-09-15 09:46:36\",\"dataScope\":\"4\",\"delFlag\":\"0\",\"deptCheckStrictly\":false,\"flag\":false,\"menuCheckStrictly\":true,\"menuIds\":[1,101,100,103,1016,1017,1018,1019,1007,1008,1009,1010,1000,1001,1002,1003,1006,107,1035,1036,1037,1038,108,500,1039,1040,1041,501,1042,1043,1044,1646,1647,1648,1649,1650,1651,1652,1653,1654,1655,1656,1506,1528,1529,1561,1562,1543,1563,1567,1557,1564,1569,1538,1559,1560,1571,1539,1555,1572,1556,1574,1507,1530,1537,1509,1510,1511,1512,1513,1514,1515,1516,1517,1518,1519,1520,1521,1522,1532,1630,1536,1527,1531,1540,1628,1629,1544,1642,1643,1500,1501,1547,1502,1550,1551,1552,1553,1631,1533,1534,1568,1545,1554,1558,1570,1523,1524,1525,1526,1644,1645,1541,1542,1575,1657,1658,1659,1660,1576,1577,1578,1632,1633,1634,1635,1579,1636,1637,1638,1639,1581,1607,1608,1609,1610,1611,1612,1614,1615,1582,1616,1617,1618,1619,1620,1621,1622,1623,1624,1583,1588,1591,1593,1594,1595,1596,1597,1589,1598,1599,1600,1601,1602,1603,1590,1604,1605,1606,1580,1625,1626,1627,1584,1585,1586,1587],\"menuPlats\":[\"OFFICE\",\"PUBLICITY\",\"TENDER\"],\"params\":{},\"remark\":\"系统管理员\",\"roleId\":2,\"roleKey\":\"system\",\"roleName\":\"系统管理员\",\"roleSort\":\"2\",\"status\":\"0\",\"updateBy\":\"admin\"}', '{\"msg\":\"操作成功\",\"code\":200}', 0, NULL, '2023-05-12 12:04:00');
INSERT INTO `sys_oper_log` VALUES (3, '部门管理', 1, 'com.wr.web.controller.system.SysDeptController.add()', 'POST', 1, 'system', NULL, '/system/dept', '172.16.205.10', '内网IP', '{\"ancestors\":\"0,100\",\"children\":[],\"createBy\":\"system\",\"deptName\":\"运维部\",\"orderNum\":1,\"params\":{},\"parentId\":100,\"status\":\"0\"}', '{\"msg\":\"操作成功\",\"code\":200}', 0, NULL, '2023-05-12 15:43:13');
INSERT INTO `sys_oper_log` VALUES (4, '用户管理', 1, 'com.wr.web.controller.system.SysUserController.add()', 'POST', 1, 'system', NULL, '/system/user', '172.16.205.10', '内网IP', '{\"admin\":false,\"createBy\":\"system\",\"deptId\":100,\"nickName\":\"物业办管理员\",\"params\":{},\"phonenumber\":\"16600000000\",\"postIds\":[],\"roleIds\":[],\"sex\":\"0\",\"status\":\"0\",\"userId\":3,\"userName\":\"16600000000\"}', '{\"msg\":\"操作成功\",\"code\":200}', 0, NULL, '2023-05-12 15:45:22');
INSERT INTO `sys_oper_log` VALUES (5, '问题类型', 1, 'com.wr.web.v1.controller.issue.CategoryController.add()', 'POST', 1, 'system', NULL, '/system/category/add', '172.16.205.10', '内网IP', '{\"categoryName\":\"民生\",\"createBy\":\"system\",\"params\":{},\"updateBy\":\"system\"}', '{\"msg\":\"操作成功\",\"code\":200}', 0, NULL, '2023-05-12 15:47:39');
INSERT INTO `sys_oper_log` VALUES (6, '问题类型', 1, 'com.wr.web.v1.controller.issue.CategoryController.add()', 'POST', 1, 'system', NULL, '/system/category/add', '172.16.205.10', '内网IP', '{\"categoryName\":\"物业费用\",\"createBy\":\"system\",\"params\":{},\"updateBy\":\"system\"}', '{\"msg\":\"操作成功\",\"code\":200}', 0, NULL, '2023-05-12 15:47:49');
INSERT INTO `sys_oper_log` VALUES (7, '问题类型', 1, 'com.wr.web.v1.controller.issue.CategoryController.add()', 'POST', 1, 'system', NULL, '/system/category/add', '172.16.205.10', '内网IP', '{\"categoryName\":\"社区设施\",\"createBy\":\"system\",\"params\":{},\"updateBy\":\"system\"}', '{\"msg\":\"操作成功\",\"code\":200}', 0, NULL, '2023-05-12 15:47:59');
INSERT INTO `sys_oper_log` VALUES (8, '问题类型', 1, 'com.wr.web.v1.controller.issue.CategoryController.add()', 'POST', 1, 'system', NULL, '/system/category/add', '172.16.205.10', '内网IP', '{\"categoryName\":\"智慧社区\",\"createBy\":\"system\",\"params\":{},\"updateBy\":\"system\"}', '{\"msg\":\"操作成功\",\"code\":200}', 0, NULL, '2023-05-12 15:48:15');
INSERT INTO `sys_oper_log` VALUES (9, '角色管理', 2, 'com.wr.web.controller.system.SysRoleController.edit()', 'PUT', 1, 'admin', NULL, '/system/role', '172.16.205.10', '内网IP', '{\"admin\":false,\"createTime\":\"2022-09-15 09:46:36\",\"dataScope\":\"4\",\"delFlag\":\"0\",\"deptCheckStrictly\":false,\"flag\":false,\"menuCheckStrictly\":true,\"menuIds\":[1,104,101,100,103,1016,1017,1018,1019,1020,1021,1022,1023,1007,1008,1009,1010,1000,1001,1002,1003,1006,107,1035,1036,1037,1038,108,500,1039,1040,1041,501,1042,1043,1044,1646,1647,1648,1649,1650,1651,1652,1653,1654,1655,1656,1506,1528,1529,1561,1562,1543,1563,1567,1557,1564,1569,1538,1559,1560,1571,1539,1555,1572,1556,1574,1507,1530,1537,1509,1510,1511,1512,1513,1514,1515,1516,1517,1518,1519,1520,1521,1522,1532,1630,1536,1527,1531,1540,1628,1629,1544,1642,1643,1500,1501,1547,1502,1550,1551,1552,1553,1631,1533,1534,1568,1545,1554,1558,1570,1523,1524,1525,1526,1644,1645,1541,1542,1575,1657,1658,1659,1660,1576,1577,1578,1632,1633,1634,1635,1579,1636,1637,1638,1639,1581,1607,1608,1609,1610,1611,1612,1614,1615,1582,1616,1617,1618,1619,1620,1621,1622,1623,1624,1583,1588,1591,1593,1594,1595,1596,1597,1589,1598,1599,1600,1601,1602,1603,1590,1604,1605,1606,1580,1625,1626,1627,1584,1585,1586,1587],\"menuPlats\":[\"OFFICE\",\"PUBLICITY\",\"TENDER\"],\"params\":{},\"remark\":\"系统管理员\",\"roleId\":2,\"roleKey\":\"system\",\"roleName\":\"系统管理员\",\"roleSort\":\"2\",\"status\":\"0\",\"updateBy\":\"admin\"}', '{\"msg\":\"操作成功\",\"code\":200}', 0, NULL, '2023-05-12 15:49:03');
INSERT INTO `sys_oper_log` VALUES (10, '问答管理-添加问题', 1, 'com.wr.web.v1.controller.issue.IssueController.add()', 'POST', 1, 'system', NULL, '/system/issue/add', '172.16.205.10', '内网IP', '{\"categoryId\":[3,4],\"createBy\":\"system\",\"estateId\":3,\"issueId\":1,\"issueName\":\"房屋质保期一般是多久\",\"params\":{},\"updateBy\":\"system\"}', '{\"msg\":\"操作成功\",\"code\":200}', 0, NULL, '2023-05-12 15:50:58');
INSERT INTO `sys_oper_log` VALUES (11, '问答管理-添加问题', 1, 'com.wr.web.v1.controller.issue.IssueController.add()', 'POST', 1, 'system', NULL, '/system/issue/add', '172.16.205.10', '内网IP', '{\"categoryId\":[3,1],\"createBy\":\"system\",\"estateId\":4,\"issueId\":2,\"issueName\":\"业主对房屋的维修效果不满意，怎么办\",\"params\":{},\"updateBy\":\"system\"}', '{\"msg\":\"操作成功\",\"code\":200}', 0, NULL, '2023-05-12 15:51:23');
INSERT INTO `sys_oper_log` VALUES (12, '岗位管理', 1, 'com.wr.web.controller.system.SysPostController.add()', 'POST', 1, 'system', NULL, '/system/post', '172.16.205.10', '内网IP', '{\"createBy\":\"system\",\"flag\":false,\"params\":{},\"postCode\":\"YG001\",\"postId\":1,\"postName\":\"员工\",\"postSort\":\"0\",\"status\":\"0\"}', '{\"msg\":\"操作成功\",\"code\":200}', 0, NULL, '2023-05-12 15:52:11');
INSERT INTO `sys_oper_log` VALUES (13, '用户管理', 2, 'com.wr.web.controller.system.SysUserController.edit()', 'PUT', 1, 'system', NULL, '/system/user', '172.16.205.10', '内网IP', '{\"admin\":false,\"avatar\":\"\",\"createBy\":\"system\",\"createTime\":\"2023-05-12 15:45:22\",\"delFlag\":\"0\",\"dept\":{\"ancestors\":\"0\",\"children\":[],\"deptId\":100,\"deptName\":\"宣城城建智能科技\",\"leader\":\"admin\",\"orderNum\":1,\"params\":{},\"parentId\":0,\"status\":\"0\"},\"deptId\":100,\"email\":\"\",\"loginIp\":\"\",\"nickName\":\"物业办管理员\",\"params\":{},\"phonenumber\":\"16600000000\",\"postIds\":[1],\"roleIds\":[2],\"roles\":[],\"sex\":\"0\",\"status\":\"0\",\"updateBy\":\"system\",\"userId\":3,\"userName\":\"16600000000\"}', '{\"msg\":\"操作成功\",\"code\":200}', 0, NULL, '2023-05-12 15:52:20');
INSERT INTO `sys_oper_log` VALUES (14, '考核方法新增', 1, 'com.wr.web.v1.controller.estate.assess.AssessMethodController.add()', 'POST', 1, 'system', NULL, '/assessMethod', '172.16.205.10', '内网IP', '{\"assessItemList\":[{\"methodId\":1,\"scoreRate\":10,\"standardId\":1,\"standardTitle\":\"业主投票\"},{\"methodId\":1,\"scoreRate\":10,\"standardId\":2,\"standardTitle\":\"员工投票\"},{\"methodId\":1,\"scoreRate\":10,\"standardId\":3,\"standardTitle\":\"园区报事\"},{\"methodId\":1,\"scoreRate\":10,\"standardId\":4,\"standardTitle\":\"居家维修\"},{\"methodId\":1,\"scoreRate\":10,\"standardId\":5,\"standardTitle\":\"灾害报事\"},{\"methodId\":1,\"scoreRate\":10,\"standardId\":6,\"standardTitle\":\"巡检工单\"},{\"methodId\":1,\"scoreRate\":10,\"standardId\":9,\"standardTitle\":\"设备维护\"},{\"methodId\":1,\"scoreRate\":10,\"standardId\":8,\"standardTitle\":\"巡更工单\"},{\"methodId\":1,\"scoreRate\":10,\"standardId\":7,\"standardTitle\":\"巡查工单\"},{\"methodId\":1,\"scoreRate\":10,\"standardId\":10,\"standardTitle\":\"线下考核\"}],\"createBy\":\"system\",\"methodId\":1,\"methodName\":\"5月份全项目考核\",\"params\":{},\"remark\":\"5月份全项目考核，各占10%。\"}', '{\"msg\":\"操作成功\",\"code\":200}', 0, NULL, '2023-05-12 15:59:48');
INSERT INTO `sys_oper_log` VALUES (15, '物业通告添加', 1, 'com.wr.web.v1.controller.estate.publicity.BulletinController.insertBulletin()', 'POST', 1, 'system', NULL, '/bulletin', '172.16.205.10', '内网IP', '{\"bulletinId\":1,\"bulletinTitle\":\"智慧社区服务费降低10%\",\"content\":\"<p>智慧社区服务费降低10%</p>\",\"createBy\":\"system\",\"estateIds\":[1,2,3,4],\"status\":\"0\"}', '{\"msg\":\"操作成功\",\"code\":200,\"data\":5}', 0, NULL, '2023-05-12 16:02:21');
INSERT INTO `sys_oper_log` VALUES (16, '用户头像', 2, 'com.wr.web.controller.system.SysProfileController.avatar()', 'POST', 1, 'admin', NULL, '/system/user/profile/avatar', '172.16.205.10', '内网IP', '', '{\"msg\":\"操作成功\",\"imgUrl\":\"http://gov.szcjzhxq.com:8084/profile/avatar/2023/05/12/blob_20230512165542A001.jpeg\",\"code\":200}', 0, NULL, '2023-05-12 16:55:32');
INSERT INTO `sys_oper_log` VALUES (17, '用户头像', 2, 'com.wr.web.controller.system.SysProfileController.avatar()', 'POST', 1, 'system', NULL, '/system/user/profile/avatar', '172.16.205.10', '内网IP', '', '{\"msg\":\"操作成功\",\"imgUrl\":\"http://gov.szcjzhxq.com:8084/profile/avatar/2023/05/15/blob_20230515092325A002.jpeg\",\"code\":200}', 0, NULL, '2023-05-15 09:23:14');
INSERT INTO `sys_oper_log` VALUES (18, '轮播图管理信息新增', 1, 'com.wr.web.v1.controller.bidding.BannerController.add()', 'POST', 1, 'system', NULL, '/bidding/banner/addBanner', '172.16.205.10', '内网IP', '{\"bannerTitle\":\"轮播01\",\"bannerUrl\":\"http://gov.szcjzhxq.com:8084/profile/image/2023/05/15/426_20230515094046A003.jpg\",\"createBy\":\"system\",\"id\":1,\"params\":{},\"targetType\":\"0\",\"updateBy\":\"system\"}', '{\"msg\":\"操作成功\",\"code\":200}', 0, NULL, '2023-05-15 09:40:37');
INSERT INTO `sys_oper_log` VALUES (19, '轮播图管理信息修改', 2, 'com.wr.web.v1.controller.bidding.BannerController.edit()', 'PUT', 1, 'system', NULL, '/bidding/banner/updateBanner', '172.16.205.10', '内网IP', '{\"bannerTitle\":\"轮播01\",\"bannerUrl\":\"http://gov.szcjzhxq.com:8084/profile/image/2023/05/15/426_20230515094046A003.jpg\",\"createBy\":\"system\",\"createTime\":\"2023-05-15 09:40:37\",\"delFlag\":\"0\",\"id\":1,\"params\":{},\"show\":\"0\",\"targetType\":\"0\",\"targetUrl\":\"www.baidu.com\",\"updateBy\":\"system\",\"updateTime\":\"2023-05-15 09:40:37\"}', '{\"msg\":\"操作成功\",\"code\":200}', 0, NULL, '2023-05-15 09:40:45');
INSERT INTO `sys_oper_log` VALUES (20, '轮播图管理', 2, 'com.wr.web.v1.controller.bidding.BannerController.changeStatus()', 'PUT', 1, 'system', NULL, '/bidding/banner/changeExpenditureItemStatus', '172.16.205.10', '内网IP', '{\"id\":1,\"params\":{},\"show\":\"1\",\"updateBy\":\"system\"}', '{\"msg\":\"操作成功\",\"code\":200}', 0, NULL, '2023-05-15 09:40:53');
INSERT INTO `sys_oper_log` VALUES (21, '个人信息', 2, 'com.wr.web.controller.system.SysProfileController.updatePwd()', 'PUT', 1, 'system', NULL, '/system/user/profile/updatePwd', '172.16.205.10', '内网IP', '\"Xccj@2023\" \"Xccj@2023-jgyyzbq.\"', '{\"msg\":\"操作成功\",\"code\":200}', 0, NULL, '2023-05-15 11:51:36');
INSERT INTO `sys_oper_log` VALUES (22, '考核记录新增', 1, 'com.wr.web.v1.controller.estate.assess.AssessRecordController.add()', 'POST', 1, 'system', NULL, '/assessRecord', '172.16.205.10', '内网IP', '{\"assessId\":1,\"assessName\":\"五月社区考核\",\"createBy\":\"system\",\"endTime\":\"2023-05-31 00:00:00\",\"estateIds\":[2],\"methodId\":1,\"params\":{},\"remark\":\"全项目考核\",\"startEndTime\":[\"2023-05-17 00:00:00\",\"2023-05-31 00:00:00\"],\"startTime\":\"2023-05-17 00:00:00\"}', '{\"msg\":\"操作成功\",\"code\":200}', 0, NULL, '2023-05-17 16:03:09');
INSERT INTO `sys_oper_log` VALUES (23, '考核记录新增', 1, 'com.wr.web.v1.controller.estate.assess.AssessRecordController.add()', 'POST', 1, 'system', NULL, '/assessRecord', '172.16.205.10', '内网IP', '{\"assessId\":2,\"assessName\":\"五月社区考核02\",\"createBy\":\"system\",\"endTime\":\"2023-05-31 00:00:00\",\"estateIds\":[2],\"methodId\":1,\"params\":{},\"remark\":\"五月社区考核02\",\"startEndTime\":[\"2023-05-17 00:00:00\",\"2023-05-31 00:00:00\"],\"startTime\":\"2023-05-17 00:00:00\"}', '{\"msg\":\"操作成功\",\"code\":200}', 0, NULL, '2023-05-17 16:03:45');
INSERT INTO `sys_oper_log` VALUES (24, '业主员工投票保存', 2, 'com.wr.web.v1.controller.estate.assess.StandardController.addStandardVote()', 'POST', 1, 'system', NULL, '/standard', '172.16.205.10', '内网IP', '[{\"noScore\":0,\"standardId\":1,\"voteScore\":50,\"voteTitle\":\"物业服务态度是否满意\",\"yesScore\":50},{\"noScore\":0,\"standardId\":1,\"voteScore\":50,\"voteTitle\":\"小区环境是否满意\",\"yesScore\":50}]', '{\"msg\":\"操作成功\",\"code\":200}', 0, NULL, '2023-05-17 16:06:21');
INSERT INTO `sys_oper_log` VALUES (25, '业主员工投票保存', 2, 'com.wr.web.v1.controller.estate.assess.StandardController.addStandardVote()', 'POST', 1, 'system', NULL, '/standard', '172.16.205.10', '内网IP', '[{\"noScore\":0,\"standardId\":2,\"voteScore\":50,\"voteTitle\":\"物业薪酬能否按时发放\",\"yesScore\":50},{\"noScore\":0,\"standardId\":2,\"voteScore\":50,\"voteTitle\":\"是否存在离职的想法\",\"yesScore\":50}]', '{\"msg\":\"操作成功\",\"code\":200}', 0, NULL, '2023-05-17 16:07:32');
INSERT INTO `sys_oper_log` VALUES (26, '业主员工投票保存', 2, 'com.wr.web.v1.controller.estate.assess.StandardController.addStandardVote()', 'POST', 1, 'system', NULL, '/standard', '172.16.205.10', '内网IP', '[{\"noScore\":0,\"standardId\":2,\"voteId\":0,\"voteScore\":50,\"voteTitle\":\"物业薪酬能否按时发放\",\"yesScore\":50},{\"noScore\":0,\"standardId\":2,\"voteId\":0,\"voteScore\":50,\"voteTitle\":\"是否存在离职的计划\",\"yesScore\":50}]', '{\"msg\":\"操作成功\",\"code\":200}', 0, NULL, '2023-05-17 16:07:39');
INSERT INTO `sys_oper_log` VALUES (27, '线下考核保存', 2, 'com.wr.web.v1.controller.estate.assess.StandardController.addStandardOffline()', 'POST', 1, 'system', NULL, '/standard/offline', '172.16.205.10', '内网IP', '{\"remark\":\"综合评判\",\"standardId\":10,\"totalScore\":100}', '{\"msg\":\"操作成功\",\"code\":200}', 0, NULL, '2023-05-17 16:07:55');
INSERT INTO `sys_oper_log` VALUES (28, '工单频次保存', 2, 'com.wr.web.v1.controller.estate.assess.StandardController.addStandardOrder()', 'POST', 1, 'system', NULL, '/standard/order', '172.16.205.10', '内网IP', '{\"orderTime\":25,\"standardId\":6,\"timeScore\":4}', '{\"msg\":\"操作成功\",\"code\":200}', 0, NULL, '2023-05-17 16:08:18');
INSERT INTO `sys_oper_log` VALUES (29, '工单频次保存', 2, 'com.wr.web.v1.controller.estate.assess.StandardController.addStandardOrder()', 'POST', 1, 'system', NULL, '/standard/order', '172.16.205.10', '内网IP', '{\"orderTime\":25,\"standardId\":7,\"timeScore\":4}', '{\"msg\":\"操作成功\",\"code\":200}', 0, NULL, '2023-05-17 16:08:23');
INSERT INTO `sys_oper_log` VALUES (30, '工单频次保存', 2, 'com.wr.web.v1.controller.estate.assess.StandardController.addStandardOrder()', 'POST', 1, 'system', NULL, '/standard/order', '172.16.205.10', '内网IP', '{\"orderTime\":1,\"standardId\":8,\"timeScore\":1}', '{\"msg\":\"操作成功\",\"code\":200}', 0, NULL, '2023-05-17 16:08:28');
INSERT INTO `sys_oper_log` VALUES (31, '工单频次保存', 2, 'com.wr.web.v1.controller.estate.assess.StandardController.addStandardOrder()', 'POST', 1, 'system', NULL, '/standard/order', '172.16.205.10', '内网IP', '{\"orderId\":0,\"orderTime\":25,\"standardId\":8,\"timeScore\":4}', '{\"msg\":\"操作成功\",\"code\":200}', 0, NULL, '2023-05-17 16:08:46');
INSERT INTO `sys_oper_log` VALUES (32, '工单频次保存', 2, 'com.wr.web.v1.controller.estate.assess.StandardController.addStandardOrder()', 'POST', 1, 'system', NULL, '/standard/order', '172.16.205.10', '内网IP', '{\"orderTime\":25,\"standardId\":9,\"timeScore\":4}', '{\"msg\":\"操作成功\",\"code\":200}', 0, NULL, '2023-05-17 16:08:50');
INSERT INTO `sys_oper_log` VALUES (33, '考核记录新增', 1, 'com.wr.web.v1.controller.estate.assess.AssessRecordController.add()', 'POST', 1, 'system', NULL, '/assessRecord', '172.16.205.10', '内网IP', '{\"assessId\":3,\"assessName\":\"五月社区考核03\",\"createBy\":\"system\",\"endTime\":\"2023-05-31 00:00:00\",\"estateIds\":[2],\"methodId\":1,\"params\":{},\"remark\":\"测试考核投票功能\",\"startEndTime\":[\"2023-05-17 00:00:00\",\"2023-05-31 00:00:00\"],\"startTime\":\"2023-05-17 00:00:00\"}', '{\"msg\":\"操作成功\",\"code\":200}', 0, NULL, '2023-05-17 16:14:45');
INSERT INTO `sys_oper_log` VALUES (34, '字典类型', 1, 'com.wr.web.controller.system.SysDictTypeController.add()', 'POST', 1, 'admin', NULL, '/system/dict/type', '127.0.0.1', '内网IP', '{\"createBy\":\"admin\",\"dictName\":\"监控点类型\",\"dictType\":\"sys_camera_type\",\"params\":{},\"status\":\"0\"}', '{\"msg\":\"操作成功\",\"code\":200}', 0, NULL, '2023-05-22 11:29:28');
INSERT INTO `sys_oper_log` VALUES (35, '字典数据', 1, 'com.wr.web.controller.system.SysDictDataController.add()', 'POST', 1, 'admin', NULL, '/system/dict/data', '127.0.0.1', '内网IP', '{\"createBy\":\"admin\",\"dictLabel\":\"危险场所监控\",\"dictSort\":0,\"dictType\":\"sys_camera_type\",\"dictValue\":\"DANGER\",\"listClass\":\"default\",\"params\":{},\"status\":\"0\"}', '{\"msg\":\"操作成功\",\"code\":200}', 0, NULL, '2023-05-22 11:29:48');
INSERT INTO `sys_oper_log` VALUES (36, '字典数据', 1, 'com.wr.web.controller.system.SysDictDataController.add()', 'POST', 1, 'admin', NULL, '/system/dict/data', '127.0.0.1', '内网IP', '{\"createBy\":\"admin\",\"dictLabel\":\"重要场所监控\",\"dictSort\":0,\"dictType\":\"sys_camera_type\",\"dictValue\":\"IMPORTANT\",\"listClass\":\"default\",\"params\":{},\"status\":\"0\"}', '{\"msg\":\"操作成功\",\"code\":200}', 0, NULL, '2023-05-22 11:29:58');
INSERT INTO `sys_oper_log` VALUES (37, '字典数据', 1, 'com.wr.web.controller.system.SysDictDataController.add()', 'POST', 1, 'admin', NULL, '/system/dict/data', '127.0.0.1', '内网IP', '{\"createBy\":\"admin\",\"dictLabel\":\"停车库监控\",\"dictSort\":0,\"dictType\":\"sys_camera_type\",\"dictValue\":\"PARK\",\"listClass\":\"default\",\"params\":{},\"status\":\"0\"}', '{\"msg\":\"操作成功\",\"code\":200}', 0, NULL, '2023-05-22 11:30:05');
INSERT INTO `sys_oper_log` VALUES (38, '字典数据', 1, 'com.wr.web.controller.system.SysDictDataController.add()', 'POST', 1, 'admin', NULL, '/system/dict/data', '127.0.0.1', '内网IP', '{\"createBy\":\"admin\",\"dictLabel\":\"电梯监控\",\"dictSort\":0,\"dictType\":\"sys_camera_type\",\"dictValue\":\"LIFT\",\"listClass\":\"default\",\"params\":{},\"status\":\"0\"}', '{\"msg\":\"操作成功\",\"code\":200}', 0, NULL, '2023-05-22 11:30:12');
INSERT INTO `sys_oper_log` VALUES (39, '字典数据', 1, 'com.wr.web.controller.system.SysDictDataController.add()', 'POST', 1, 'admin', NULL, '/system/dict/data', '127.0.0.1', '内网IP', '{\"createBy\":\"admin\",\"dictLabel\":\"楼梯道监控\",\"dictSort\":0,\"dictType\":\"sys_camera_type\",\"dictValue\":\"STAIR\",\"listClass\":\"default\",\"params\":{},\"status\":\"0\"}', '{\"msg\":\"操作成功\",\"code\":200}', 0, NULL, '2023-05-22 11:30:19');
INSERT INTO `sys_oper_log` VALUES (40, '字典数据', 1, 'com.wr.web.controller.system.SysDictDataController.add()', 'POST', 1, 'admin', NULL, '/system/dict/data', '127.0.0.1', '内网IP', '{\"createBy\":\"admin\",\"dictLabel\":\"围栏监控\",\"dictSort\":0,\"dictType\":\"sys_camera_type\",\"dictValue\":\"FENCE\",\"listClass\":\"default\",\"params\":{},\"status\":\"0\"}', '{\"msg\":\"操作成功\",\"code\":200}', 0, NULL, '2023-05-22 11:30:26');
INSERT INTO `sys_oper_log` VALUES (41, '字典数据', 1, 'com.wr.web.controller.system.SysDictDataController.add()', 'POST', 1, 'admin', NULL, '/system/dict/data', '127.0.0.1', '内网IP', '{\"createBy\":\"admin\",\"dictLabel\":\"出入口监控\",\"dictSort\":0,\"dictType\":\"sys_camera_type\",\"dictValue\":\"INOUT\",\"listClass\":\"default\",\"params\":{},\"status\":\"0\"}', '{\"msg\":\"操作成功\",\"code\":200}', 0, NULL, '2023-05-22 11:30:35');
INSERT INTO `sys_oper_log` VALUES (42, '字典数据', 1, 'com.wr.web.controller.system.SysDictDataController.add()', 'POST', 1, 'admin', NULL, '/system/dict/data', '127.0.0.1', '内网IP', '{\"createBy\":\"admin\",\"dictLabel\":\"单元门监控\",\"dictSort\":0,\"dictType\":\"sys_camera_type\",\"dictValue\":\"UNIT\",\"listClass\":\"default\",\"params\":{},\"status\":\"0\"}', '{\"msg\":\"操作成功\",\"code\":200}', 0, NULL, '2023-05-22 11:30:42');
INSERT INTO `sys_oper_log` VALUES (43, '字典数据', 1, 'com.wr.web.controller.system.SysDictDataController.add()', 'POST', 1, 'admin', NULL, '/system/dict/data', '127.0.0.1', '内网IP', '{\"createBy\":\"admin\",\"dictLabel\":\"道路监控\",\"dictSort\":0,\"dictType\":\"sys_camera_type\",\"dictValue\":\"ROAD\",\"listClass\":\"default\",\"params\":{},\"status\":\"0\"}', '{\"msg\":\"操作成功\",\"code\":200}', 0, NULL, '2023-05-22 11:30:48');
INSERT INTO `sys_oper_log` VALUES (44, '字典数据', 1, 'com.wr.web.controller.system.SysDictDataController.add()', 'POST', 1, 'admin', NULL, '/system/dict/data', '127.0.0.1', '内网IP', '{\"createBy\":\"admin\",\"dictLabel\":\"高空抛物\",\"dictSort\":0,\"dictType\":\"sys_camera_type\",\"dictValue\":\"HIGH\",\"listClass\":\"default\",\"params\":{},\"status\":\"0\"}', '{\"msg\":\"操作成功\",\"code\":200}', 0, NULL, '2023-05-22 11:30:54');
INSERT INTO `sys_oper_log` VALUES (45, '字典数据', 1, 'com.wr.web.controller.system.SysDictDataController.add()', 'POST', 1, 'admin', NULL, '/system/dict/data', '127.0.0.1', '内网IP', '{\"createBy\":\"admin\",\"dictLabel\":\"其他监控\",\"dictSort\":0,\"dictType\":\"sys_camera_type\",\"dictValue\":\"OTHER\",\"listClass\":\"default\",\"params\":{},\"status\":\"0\"}', '{\"msg\":\"操作成功\",\"code\":200}', 0, NULL, '2023-05-22 11:31:00');
INSERT INTO `sys_oper_log` VALUES (46, '问答管理-添加问题', 1, 'com.wr.web.v1.controller.issue.IssueController.add()', 'POST', 1, 'system', NULL, '/system/issue/add', '172.16.205.10', '内网IP', '{\"categoryId\":[4],\"createBy\":\"system\",\"estateId\":1,\"issueId\":3,\"issueName\":\"200字体温\",\"params\":{},\"updateBy\":\"system\"}', '{\"msg\":\"操作成功\",\"code\":200}', 0, NULL, '2023-05-23 18:34:25');
INSERT INTO `sys_oper_log` VALUES (47, '问答管理-我要回答', 1, 'com.wr.web.v1.controller.issue.IssueController.answer()', 'POST', 1, 'system', NULL, '/system/issue/answer', '172.16.205.10', '内网IP', '{\"answerContent\":\"哈哈哈哈哈哈哈哈哈哈哈哈哈哈哈哈哈哈哈哈哈哈哈哈哈哈哈哈哈哈哈哈哈哈哈哈哈哈哈哈哈哈哈哈哈哈哈哈哈哈哈哈哈哈哈哈哈哈哈哈哈哈哈哈哈哈哈哈哈哈哈哈哈哈哈哈哈哈哈哈哈哈哈哈哈哈哈哈哈哈哈哈哈哈哈哈哈哈哈哈哈哈哈哈哈哈哈哈哈哈哈哈哈哈哈哈哈哈哈哈哈哈哈哈哈哈哈哈哈哈哈哈哈哈哈哈哈哈哈哈哈哈哈哈哈哈哈哈哈哈哈哈哈哈哈哈哈哈哈哈哈哈哈哈哈哈哈哈哈哈哈哈哈哈哈哈哈哈哈哈哈哈哈哈哈哈哈哈哈哈哈哈哈哈哈哈哈哈哈哈哈哈哈哈哈哈哈哈哈哈哈哈哈哈哈哈哈哈哈哈哈哈哈哈哈哈哈哈哈哈哈哈哈哈哈哈哈哈哈哈哈哈哈哈哈哈哈哈哈哈哈哈哈哈哈哈哈哈哈哈哈哈哈哈哈哈哈哈哈哈哈哈哈哈哈哈哈哈哈哈哈哈哈哈哈哈哈哈哈哈哈哈哈哈哈哈哈哈哈哈哈哈哈哈哈哈哈哈哈哈哈哈哈哈哈哈哈哈哈哈哈哈哈哈哈哈哈哈哈哈哈哈哈哈哈哈哈哈哈哈哈哈哈哈哈哈哈哈哈哈哈哈哈哈哈哈哈哈哈哈哈哈哈哈哈哈哈哈哈哈哈哈哈哈哈哈哈哈哈哈哈哈哈哈哈哈哈哈哈哈哈哈哈哈哈哈哈哈哈哈哈哈哈哈哈哈哈哈哈哈哈哈哈哈哈哈哈哈哈哈哈哈哈哈哈哈哈哈哈哈哈哈哈哈哈哈哈哈哈哈哈哈哈哈哈哈哈哈哈哈哈哈哈哈哈哈哈哈哈哈哈哈哈哈哈哈哈哈哈哈哈哈哈哈哈哈哈哈哈哈哈哈哈哈哈哈哈哈哈哈哈哈哈哈哈哈哈哈哈哈哈哈哈哈哈哈哈哈哈哈哈哈哈哈哈哈哈哈哈哈哈哈哈哈哈哈哈哈哈哈哈哈哈哈哈哈哈哈哈哈哈哈哈哈哈哈哈哈哈哈哈哈哈哈哈哈哈哈哈哈哈哈哈哈哈哈哈哈哈哈哈哈哈哈哈哈哈哈哈哈哈哈哈哈哈哈哈哈哈哈哈哈哈哈哈哈哈哈哈哈哈哈哈哈哈哈哈哈哈哈哈哈哈哈哈哈哈哈哈哈哈哈哈哈哈哈哈哈哈哈哈哈哈哈哈哈哈哈哈哈哈哈哈哈哈哈哈哈哈哈哈哈哈哈哈哈哈哈哈哈哈哈哈哈哈哈哈哈哈哈哈哈哈哈哈哈哈哈哈哈哈哈哈哈哈哈哈哈哈哈哈哈哈哈哈哈哈哈哈哈哈哈哈哈哈哈哈哈哈哈哈哈哈哈哈哈哈哈哈哈哈哈哈哈哈哈哈哈哈哈哈哈哈哈哈哈哈哈哈哈哈哈哈哈哈哈哈哈哈哈哈哈哈哈哈哈哈哈哈哈哈哈哈哈哈哈哈哈哈哈哈哈哈哈哈哈哈哈哈哈哈哈哈哈哈哈哈哈哈哈哈哈哈哈哈哈哈哈哈哈哈哈哈哈哈哈哈哈哈哈哈哈哈哈哈哈哈哈哈哈哈哈哈哈哈哈哈哈哈哈哈哈哈哈哈哈哈哈哈哈哈哈哈哈哈哈哈哈哈哈哈哈哈哈哈哈哈哈哈哈哈哈哈哈哈哈哈哈哈哈哈哈哈哈哈哈哈哈哈哈哈哈哈哈哈哈哈哈哈哈哈哈哈哈哈哈哈哈哈哈哈哈哈哈哈哈哈哈哈哈哈哈哈哈哈哈哈哈哈哈哈哈哈哈哈哈哈哈哈哈哈哈哈哈哈哈哈哈哈哈哈哈哈哈哈哈哈哈哈哈哈哈哈哈哈哈哈哈哈哈哈哈哈哈哈哈哈哈哈哈哈哈哈哈哈哈哈哈哈哈哈哈哈哈哈哈哈哈哈哈哈哈哈哈哈哈哈哈哈哈哈哈哈哈哈哈哈哈哈哈哈哈哈哈哈哈哈哈哈哈哈哈哈哈哈哈哈哈哈哈哈哈哈哈哈哈哈哈哈哈哈哈哈哈哈哈哈哈哈哈哈哈哈哈哈哈哈哈哈哈哈哈哈哈哈哈哈哈哈哈哈哈哈哈哈哈哈哈哈哈哈哈哈哈哈哈哈哈哈哈哈哈哈哈哈哈哈哈哈哈哈哈哈哈哈哈哈哈哈哈哈哈哈哈哈哈哈哈哈哈哈哈哈哈哈哈哈哈哈哈哈哈哈哈哈哈哈哈哈哈哈哈哈哈哈哈哈哈哈哈哈哈哈哈哈哈哈哈哈哈哈哈哈哈哈哈哈哈哈哈哈哈哈哈哈哈哈哈哈哈哈哈哈哈哈哈哈哈哈哈哈哈哈哈哈哈哈哈哈哈哈哈哈哈哈哈哈哈哈哈哈哈哈哈哈哈哈哈哈哈哈哈哈哈哈哈哈哈哈哈哈哈哈哈哈哈哈哈哈哈哈哈哈哈哈哈哈哈哈哈哈哈哈哈哈哈哈哈哈哈哈哈哈哈哈哈哈哈哈哈哈哈哈哈哈哈哈哈哈哈哈哈哈哈哈哈哈哈哈哈哈哈哈哈哈哈哈哈哈哈哈哈哈哈哈哈哈哈哈哈哈哈哈哈哈哈哈哈哈哈哈哈哈哈哈哈哈哈哈哈哈哈哈哈哈哈哈哈哈哈哈哈哈哈哈哈哈哈哈哈哈哈哈哈哈哈哈哈哈哈哈哈哈哈哈哈哈哈哈哈哈哈哈哈哈哈哈哈哈哈哈哈哈哈哈哈哈哈哈哈哈哈哈哈哈哈哈哈哈哈哈哈哈哈哈哈哈哈哈哈哈哈哈哈哈哈哈哈哈哈哈哈哈哈哈哈哈哈哈哈哈哈哈哈哈哈哈哈哈哈哈哈哈哈哈哈哈哈哈哈哈哈哈哈哈哈哈哈哈哈哈哈哈哈哈哈哈哈哈哈哈哈哈哈哈哈哈哈哈哈哈哈哈哈哈哈哈哈哈哈哈哈哈哈哈哈哈哈哈哈哈哈哈哈哈哈哈哈哈哈哈哈哈哈哈哈哈哈哈哈哈哈哈哈哈哈哈哈哈哈哈哈哈哈哈哈哈哈哈哈哈哈哈哈哈哈哈哈哈哈哈哈哈哈哈哈哈哈哈哈哈哈哈哈哈哈哈哈哈哈哈哈哈哈哈哈哈哈哈哈哈哈哈哈哈哈哈哈哈哈哈哈哈哈哈哈哈哈哈哈哈哈哈哈哈哈哈哈哈哈哈哈哈哈哈哈哈哈哈哈哈哈哈哈哈哈哈哈哈哈哈哈哈哈哈哈哈哈哈哈哈哈哈哈哈哈哈哈哈哈哈哈哈哈哈哈哈哈哈哈哈哈哈哈哈哈哈哈哈哈哈哈哈哈哈哈哈哈哈哈哈哈哈哈哈哈哈哈哈哈哈哈哈哈哈哈哈哈哈哈哈哈哈哈哈哈哈哈哈哈哈哈哈哈哈哈哈哈哈哈哈哈哈哈哈哈哈哈哈哈哈哈哈哈哈哈哈哈哈哈哈哈哈哈哈哈哈哈哈哈哈哈哈哈哈哈哈哈哈哈哈哈哈哈哈哈哈哈哈哈哈哈哈哈哈哈哈哈哈哈哈哈哈哈哈哈哈哈哈哈哈哈哈哈哈哈哈哈哈哈哈哈哈哈哈哈哈哈哈哈哈哈哈哈哈哈哈哈哈哈哈哈哈哈哈哈哈哈哈哈哈哈哈哈哈哈哈哈哈哈哈哈哈哈哈哈哈哈哈哈哈哈哈哈哈哈哈哈哈哈哈哈哈哈哈哈哈哈哈哈哈哈哈哈哈哈哈哈哈哈哈哈哈哈哈哈哈哈哈哈哈哈哈哈哈哈哈哈哈哈哈哈哈哈哈哈哈哈哈哈哈哈哈哈哈哈哈哈哈哈哈哈哈哈哈哈哈哈哈哈哈哈哈哈哈哈哈哈哈哈哈哈哈哈哈哈哈哈哈哈哈哈哈哈哈哈哈哈哈哈哈哈哈哈哈哈哈哈哈哈哈哈哈哈哈哈哈哈哈哈哈哈', '{\"msg\":\"操作成功\",\"code\":200}', 0, NULL, '2023-05-23 18:34:43');
INSERT INTO `sys_oper_log` VALUES (48, '问答管理-删除答案', 3, 'com.wr.web.v1.controller.issue.IssueController.removeAnswer()', 'DELETE', 1, 'system', NULL, '/system/issue/removeAnswer/1', '172.16.205.10', '内网IP', '{answerId=1}', '{\"msg\":\"操作成功\",\"code\":200}', 0, NULL, '2023-05-23 18:34:47');
INSERT INTO `sys_oper_log` VALUES (49, '问答管理-删除问题', 3, 'com.wr.web.v1.controller.issue.IssueController.remove()', 'DELETE', 1, 'system', NULL, '/system/issue/remove/3', '172.16.205.10', '内网IP', '{issueId=3}', '{\"msg\":\"操作成功\",\"code\":200}', 0, NULL, '2023-05-23 18:34:50');
INSERT INTO `sys_oper_log` VALUES (50, '公告类型', 1, 'com.wr.web.v1.controller.bidding.notice.WebNoticeTypeController.add()', 'POST', 1, 'system', NULL, '/bidding/type', '172.16.205.10', '内网IP', '{\"createBy\":\"system\",\"noticeType\":\"通知\",\"sort\":1}', '{\"msg\":\"操作成功\",\"code\":200}', 0, NULL, '2023-05-24 09:00:28');
INSERT INTO `sys_oper_log` VALUES (51, '公告', 1, 'com.wr.web.v1.controller.bidding.notice.WebNoticeController.add()', 'POST', 1, 'system', NULL, '/bidding/notice', '172.16.205.10', '内网IP', '{\"content\":\"<p>尊敬的业主：</p><p><br></p><p>为提升小区管理服务质量，我办决定进行一次小区绿化美化工作，将于明天开始进行草坪修剪和花卉更新。请各位业主相互转告，确保您的车辆和私人物品不受到影响，避免在工作区域停放。</p><p><br></p><p>给您带来的不便，我们深感抱歉，同时也感谢您的理解和支持。我们将竭尽全力，确保工作的高效完成，为小区营造更美好的生活环境。</p><p><br></p><p>特此通知。</p><p><br></p><p>物业办公室</p><p>日期：XXXX年XX月XX日</p>\",\"createBy\":\"system\",\"id\":1,\"noticeTitle\":\"小区绿化公告\",\"noticeTypeId\":1,\"sort\":1}', '{\"msg\":\"操作成功\",\"code\":200}', 0, NULL, '2023-05-24 09:01:50');
INSERT INTO `sys_oper_log` VALUES (52, '公告类型', 1, 'com.wr.web.v1.controller.bidding.notice.WebNoticeTypeController.add()', 'POST', 1, 'system', NULL, '/bidding/type', '172.16.205.10', '内网IP', '{\"createBy\":\"system\",\"noticeType\":\"公告\",\"sort\":2}', '{\"msg\":\"操作成功\",\"code\":200}', 0, NULL, '2023-05-24 09:02:16');
INSERT INTO `sys_oper_log` VALUES (53, '公告', 1, 'com.wr.web.v1.controller.bidding.notice.WebNoticeController.add()', 'POST', 1, 'system', NULL, '/bidding/notice', '172.16.205.10', '内网IP', '{\"content\":\"<p>尊敬的业主：</p><p><br></p><p>为提升小区的安全管理水平，我办决定进行一次紧急演练活动。根据计划，演练将于明天上午10点开始进行，预计持续时间约30分钟。演练内容包括紧急疏散、火灾扑救等应急情况的模拟。</p><p><br></p><p>为确保演练的顺利进行，请各位业主提前做好准备，遵守现场工作人员的指示，配合演练过程中的安排和指挥。在演练期间，请不要恐慌，保持冷静，保护好自己的安全。</p><p><br></p><p>此次演练是为了增强业主们在紧急情况下的应变能力，提高小区整体安全意识。希望各位业主能积极参与，共同营造一个安全、和谐的居住环境。</p><p><br></p><p>特此通知。</p><p><br></p><p>物业办公室</p><p>日期：XXXX年XX月XX日</p>\",\"createBy\":\"system\",\"id\":2,\"noticeTitle\":\"社区紧急演练\",\"noticeTypeId\":2,\"sort\":2}', '{\"msg\":\"操作成功\",\"code\":200}', 0, NULL, '2023-05-24 09:02:44');
INSERT INTO `sys_oper_log` VALUES (54, '公告类型', 1, 'com.wr.web.v1.controller.bidding.notice.WebNoticeTypeController.add()', 'POST', 1, 'system', NULL, '/bidding/type', '172.16.205.10', '内网IP', '{\"createBy\":\"system\",\"noticeType\":\"活动\",\"sort\":1}', '{\"msg\":\"操作成功\",\"code\":200}', 0, NULL, '2023-05-24 09:03:19');
INSERT INTO `sys_oper_log` VALUES (55, '公告', 1, 'com.wr.web.v1.controller.bidding.notice.WebNoticeController.add()', 'POST', 1, 'system', NULL, '/bidding/notice', '172.16.205.10', '内网IP', '{\"content\":\"<p>尊敬的业主：</p><p><br></p><p>为了改善小区环境，提升生活品质，我办决定开展一次大型绿化行动。计划于本周六上午9点在小区中心广场集合，共同参与植树活动。</p><p><br></p><p>此次活动旨在增加小区的绿化覆盖率，改善空气质量，并为大家打造一个美丽宜居的生活环境。为确保活动的顺利进行，我们将提供所需的工具和植树苗木，只需您带上一份热情和参与的心情即可。</p><p><br></p><p>希望各位业主能积极响应，踊跃参与，共同营造一个美丽、绿色的社区。让我们携手努力，共同创造一个更加宜居的家园。</p><p><br></p><p>特此通知。</p><p><br></p><p>物业办公室</p><p>日期：XXXX年XX月XX日</p>\",\"createBy\":\"system\",\"id\":3,\"noticeTitle\":\"2023年5月植树节植树活动\",\"noticeTypeId\":3,\"sort\":2}', '{\"msg\":\"操作成功\",\"code\":200}', 0, NULL, '2023-05-24 09:03:50');
INSERT INTO `sys_oper_log` VALUES (56, '考核记录新增', 1, 'com.wr.web.v1.controller.estate.assess.AssessRecordController.add()', 'POST', 1, 'system', NULL, '/assessRecord', '172.16.205.10', '内网IP', '{\"assessId\":4,\"assessName\":\"单日短期考核\",\"createBy\":\"system\",\"endTime\":\"2023-05-24 10:01:00\",\"estateIds\":[2],\"methodId\":1,\"params\":{},\"remark\":\"单日短期考核单日短期考核\",\"startEndTime\":[\"2023-05-24 00:00:00\",\"2023-05-24 10:01:00\"],\"startTime\":\"2023-05-24 00:00:00\"}', '{\"msg\":\"操作成功\",\"code\":200}', 0, NULL, '2023-05-24 09:59:11');
INSERT INTO `sys_oper_log` VALUES (57, '考核记录新增', 1, 'com.wr.web.v1.controller.estate.assess.AssessRecordController.add()', 'POST', 1, 'system', NULL, '/assessRecord', '172.16.205.10', '内网IP', '{\"assessId\":5,\"assessName\":\"5.24单日全项目考核\",\"createBy\":\"system\",\"endTime\":\"2023-05-24 10:16:00\",\"estateIds\":[2],\"methodId\":1,\"params\":{},\"remark\":\"5.24单日全项目考核\",\"startEndTime\":[\"2023-05-24 00:00:00\",\"2023-05-24 10:16:00\"],\"startTime\":\"2023-05-24 00:00:00\"}', '{\"msg\":\"操作成功\",\"code\":200}', 0, NULL, '2023-05-24 10:12:32');
INSERT INTO `sys_oper_log` VALUES (58, '考核记录新增', 1, 'com.wr.web.v1.controller.estate.assess.AssessRecordController.add()', 'POST', 1, 'system', NULL, '/assessRecord', '172.16.205.10', '内网IP', '{\"assessId\":6,\"assessName\":\"5.24一小时考核\",\"createBy\":\"system\",\"endTime\":\"2023-05-24 12:00:00\",\"estateIds\":[2],\"methodId\":1,\"params\":{},\"remark\":\"中午12点截止\",\"startEndTime\":[\"2023-05-24 00:00:00\",\"2023-05-24 12:00:00\"],\"startTime\":\"2023-05-24 00:00:00\"}', '{\"msg\":\"操作成功\",\"code\":200}', 0, NULL, '2023-05-24 10:14:07');
INSERT INTO `sys_oper_log` VALUES (59, '线下考核打分', 2, 'com.wr.web.v1.controller.estate.assess.AssessRecordController.marking()', 'PUT', 1, 'system', NULL, '/assessRecord/marking', '172.16.205.10', '内网IP', '{\"assessId\":6,\"assessScore\":100,\"createBy\":\"system\",\"estateId\":2,\"params\":{}}', '{\"msg\":\"操作成功\",\"code\":200}', 0, NULL, '2023-05-24 10:15:45');
INSERT INTO `sys_oper_log` VALUES (60, '考核记录新增', 1, 'com.wr.web.v1.controller.estate.assess.AssessRecordController.add()', 'POST', 1, 'system', NULL, '/assessRecord', '172.16.205.10', '内网IP', '{\"assessId\":7,\"assessName\":\"5.24-5.25\",\"createBy\":\"system\",\"endTime\":\"2023-05-25 00:00:00\",\"estateIds\":[2],\"methodId\":1,\"params\":{},\"remark\":\"5.24-5.25\",\"startEndTime\":[\"2023-05-24 00:00:00\",\"2023-05-25 00:00:00\"],\"startTime\":\"2023-05-24 00:00:00\"}', '{\"msg\":\"操作成功\",\"code\":200}', 0, NULL, '2023-05-24 10:17:45');
INSERT INTO `sys_oper_log` VALUES (61, '考核记录新增', 1, 'com.wr.web.v1.controller.estate.assess.AssessRecordController.add()', 'POST', 1, 'system', NULL, '/assessRecord', '172.16.205.10', '内网IP', '{\"assessId\":8,\"assessName\":\"当天晚上结束的考核\",\"createBy\":\"system\",\"endTime\":\"2023-05-24 23:00:00\",\"estateIds\":[2],\"methodId\":1,\"params\":{},\"remark\":\"当天晚上结束的考核\",\"startEndTime\":[\"2023-05-24 00:00:00\",\"2023-05-24 23:00:00\"],\"startTime\":\"2023-05-24 00:00:00\"}', '{\"msg\":\"操作成功\",\"code\":200}', 0, NULL, '2023-05-24 14:19:09');
INSERT INTO `sys_oper_log` VALUES (62, '考核记录新增', 1, 'com.wr.web.v1.controller.estate.assess.AssessRecordController.add()', 'POST', 1, 'system', NULL, '/assessRecord', '172.16.205.10', '内网IP', '{\"assessName\":\"当天晚上结束的考核\",\"createBy\":\"system\",\"estateIds\":[2],\"methodId\":1,\"params\":{},\"remark\":\"当天晚上结束的考核\",\"startEndTime\":[\"2023-05-24 00:00:00\",\"2023-05-24 23:00:00\"]}', NULL, 1, '考核名称已存在！', '2023-05-24 14:19:10');
INSERT INTO `sys_oper_log` VALUES (63, '业户投诉通道下发物业通知', 1, 'com.wr.web.v1.controller.estate.complaint.ComplaintPraiseController.add()', 'POST', 1, 'system', NULL, '/complaint/add', '183.162.254.37', 'XX XX', '{\"communityId\":1,\"content\":\"尽快处理\",\"estateId\":2,\"noticeTitle\":\"行政办业户投诉通知下发\"}', '{\"msg\":\"操作成功\",\"code\":200,\"data\":1}', 0, NULL, '2023-05-24 15:04:46');
INSERT INTO `sys_oper_log` VALUES (64, '问答管理-我要回答', 1, 'com.wr.web.v1.controller.issue.IssueController.answer()', 'POST', 1, 'system', NULL, '/system/issue/answer', '172.16.205.10', '内网IP', '{\"answerContent\":\"不满意可以发起投诉，我们回安排专人后续更加处理。\",\"issueId\":2,\"params\":{},\"userId\":2,\"userName\":\"system\"}', '{\"msg\":\"操作成功\",\"code\":200}', 0, NULL, '2023-05-24 15:26:22');
INSERT INTO `sys_oper_log` VALUES (65, '投标修改', 2, 'com.wr.web.v1.controller.bidding.company.InitialController.updateCompany()', 'PUT', 1, 'system', NULL, '/initial', '172.16.205.10', '内网IP', '{\"companyName\":\"小鱼儿招标公司\",\"companyType\":\"0\",\"contactName\":\"\",\"createBy\":\"小鱼儿招标公司\",\"createTime\":\"2023-05-25 10:08:44\",\"delFlag\":\"0\",\"id\":3,\"job\":\"\",\"params\":{},\"phone\":\"13666666666\",\"status\":\"1\",\"updateBy\":\"system\",\"updateTime\":\"2023-05-25 10:08:44\"}', '{\"msg\":\"操作成功\",\"code\":200,\"data\":1}', 0, NULL, '2023-05-25 10:09:10');
INSERT INTO `sys_oper_log` VALUES (66, '物业通告添加', 1, 'com.wr.web.v1.controller.estate.publicity.BulletinController.insertBulletin()', 'POST', 1, 'system', NULL, '/bulletin', '172.16.205.10', '内网IP', '{\"bulletinId\":2,\"bulletinTitle\":\"测试物业通报公告的字数限制\",\"content\":\"<p>发布于测试物业及宣城市城建物业服务公司。发布于测试物业及宣城市城建物业服务公司。发布于测试物业及宣城市城建物业服务公司。发布于测试物业及宣城市城建物业服务公司。发布于测试物业及宣城市城建物业服务公司。发布于测试物业及宣城市城建物业服务公司。发布于测试物业及宣城市城建物业服务公司。发布于测试物业及宣城市城建物业服务公司。发布于测试物业及宣城市城建物业服务公司。发布于测试物业及宣城市城建物业服务公司。发布于测试物业及宣城市城建物业服务公司。发布于测试物业及宣城市城建物业服务公司。发布于测试物业及宣城市城建物业服务公司。发布于测试物业及宣城市城建物业服务公司。发布于测试物业及宣城市城建物业服务公司。发布于测试物业及宣城市城建物业服务公司。发布于测试物业及宣城市城建物业服务公司。发布于测试物业及宣城市城建物业服务公司。发布于测试物业及宣城市城建物业服务公司。发布于测试物业及宣城市城建物业服务公司。发布于测试物业及宣城市城建物业服务公司。发布于测试物业及宣城市城建物业服务公司。发布于测试物业及宣城市城建物业服务公司。发布于测试物业及宣城市城建物业服务公司。发布于测试物业及宣城市城建物业服务公司。发布于测试物业及宣城市城建物业服务公司。发布于测试物业及宣城市城建物业服务公司。发布于测试物业及宣城市城建物业服务公司。发布于测试物业及宣城市城建物业服务公司。发布于测试物业及宣城市城建物业服务公司。发布于测试物业及宣城市城建物业服务公司。发布于测试物业及宣城市城建物业服务公司。发布于测试物业及宣城市城建物业服务公司。发布于测试物业及宣城市城建物业服务公司。发布于测试物业及宣城市城建物业服务公司。发布于测试物业及宣城市城建物业服务公司。发布于测试物业及宣城市城建物业服务公司。发布于测试物业及宣城市城建物业服务公司。发布于测试物业及宣城市城建物业服务公司。发布于测试物业及宣城市城建物业服务公司。发布于测试物业及宣城市城建物业服务公司。发布于测试物业及宣城市城建物业服务公司。发布于测试物业及宣城市城建物业服务公司。发布于测试物业及宣城市城建物业服务公司。发布于测试物业及宣城市城建物业服务公司。发布于测试物业及宣城市城建物业服务公司。发布于测试物业及宣城市城建物业服务公司。发布于测试物业及宣城市城建物业服务公司。发布于测试物业及宣城市城建物业服务公司。发布于测试物业及宣城市城建物业服务公司。发布于测试物业及宣城市城建物业服务公司。发布于测试物业及宣城市城建物业服务公司。发布于测试物业及宣城市城建物业服务公司。发布于测试物业及宣城市城建物业服务公司。发布于测试物业及宣城市城建物业服务公司。发布于测试物业及宣城市城建物业服务公司。发布于测试物业及宣城市城建物业服务公司。发布于测试物业及宣城市城建物业服务公司。发布于测试物业及宣城市城建物业服务公司。发布于测试物业及宣城市城建物业服务公司。发布于测试物业及宣城市城建物业服务公司。发布于测试物业及宣城市城建物业服务公司。发布于测试物业及宣城市城建物业服务公司。发布于测试物业及宣城市城建物业服务公司。发布于测试物业及宣城市城建物业服务公司。发布于测试物业及宣城市城建物业服务公司。发布于测试物业及宣城市城建物业服务公司。发布于测试物业及宣城市城建物业服务公司。发布于测试物业及宣城市城建物业服务公司。发布于测试物业及宣城市城建物业服务公司。发布于测试物业及宣城市城建物业服务公司。发布于测试物业及宣城市城建物业服务公司。发布于测试物业及宣城市城建物业服务公司。发布于测试物业及宣城市城建物业服务公司。发布于测试物业及宣城市城建物业服务公司。发布于测试物业及宣城市城建物业服务公司。发布于测试物业及宣城市城建物业服务公司。发布于测试物业及宣城市城建物业服务公司。发布于测试物业及宣城市城建物业服务公司。发布于测试物业及宣城市城建物业服务公司。发布于测试物业及宣城市城建物业服务公司。发布于测试物业及宣城市城建物业服务公司。发布于测试物业及宣城市城建物业服务公司。发布于测试物业及宣城市城建物业服务公司。发布于测试物业及宣城市城建物业服务公司。发布于测试物业及宣城市城建物业服务公司。发布于测试物业及宣城市城建物业服务公司。发布于测试物业及宣城市城建物业服务公司。发布于测试物业及宣城市城建物业服务公司。发布于测试物业及宣城市城建物业服务公司。发布于测试物业及宣城市城建物业服务公司。发布于测试物业及宣城市城建物业服务公司。发布于测试物业及宣城市城建物业服务公司。发布于测试物业及宣城市城建物业服务公司。发布于测试物业及宣城市城建物业服务公司。发布于测试物业及宣城市城建物业服务公司。发布于测试物业及宣城市城建物业服务公', '{\"msg\":\"操作成功\",\"code\":200,\"data\":3}', 0, NULL, '2023-05-26 14:13:02');
INSERT INTO `sys_oper_log` VALUES (67, '物业通告添加', 1, 'com.wr.web.v1.controller.estate.publicity.BulletinController.insertBulletin()', 'POST', 1, 'system', NULL, '/bulletin', '172.16.205.10', '内网IP', '{\"bulletinId\":3,\"bulletinTitle\":\"物业通报公告\",\"content\":\"<p><a href=\\\"https://baidu.com\\\" rel=\\\"noopener noreferrer\\\" target=\\\"_blank\\\">sss</a></p><p><img src=\\\"http://gov.szcjzhxq.com:8084/profile/upload/2023/05/26/%E5%85%B1%E4%BA%A7%E5%85%9A_20230526141411A001.jpg\\\"><img src=\\\"http://gov.szcjzhxq.com:8084/profile/upload/2023/05/26/%E5%85%B1%E4%BA%A7%E5%85%9A_20230526141411A001.jpg\\\"><img src=\\\"http://gov.szcjzhxq.com:8084/profile/upload/2023/05/26/%E5%85%B1%E4%BA%A7%E5%85%9A_20230526141411A001.jpg\\\"></p>\",\"createBy\":\"system\",\"estateIds\":[2],\"status\":\"0\"}', '{\"msg\":\"操作成功\",\"code\":200,\"data\":2}', 0, NULL, '2023-05-26 14:14:25');
INSERT INTO `sys_oper_log` VALUES (68, '用户管理', 2, 'com.wr.web.controller.system.SysUserController.edit()', 'PUT', 1, 'system', NULL, '/system/user', '172.16.205.10', '内网IP', '{\"admin\":false,\"avatar\":\"http://gov.szcjzhxq.com:8084/profile/avatar/2023/05/15/blob_20230515092325A002.jpeg\",\"createBy\":\"admin\",\"createTime\":\"2022-09-15 09:46:35\",\"delFlag\":\"0\",\"dept\":{\"ancestors\":\"0\",\"children\":[],\"deptId\":100,\"deptName\":\"宣城城建智能科技\",\"leader\":\"admin\",\"orderNum\":1,\"params\":{},\"parentId\":0,\"status\":\"0\"},\"email\":\"system@qq.com\",\"loginDate\":\"2023-05-26 13:44:06\",\"loginIp\":\"172.16.205.10\",\"nickName\":\"系统管理员\",\"params\":{},\"phonenumber\":\"15666666666\",\"postIds\":[],\"remark\":\"系统管理员\",\"roleIds\":[2],\"roles\":[{\"admin\":false,\"dataScope\":\"4\",\"deptCheckStrictly\":false,\"flag\":false,\"menuCheckStrictly\":false,\"params\":{},\"roleId\":2,\"roleKey\":\"system\",\"roleName\":\"系统管理员\",\"roleSort\":\"2\",\"status\":\"0\"}],\"sex\":\"1\",\"status\":\"0\",\"updateBy\":\"system\",\"userId\":2,\"userName\":\"system\"}', '{\"msg\":\"操作成功\",\"code\":200}', 0, NULL, '2023-05-26 14:20:53');
INSERT INTO `sys_oper_log` VALUES (69, '用户管理', 2, 'com.wr.web.controller.system.SysUserController.edit()', 'PUT', 1, 'system', NULL, '/system/user', '172.16.205.10', '内网IP', '{\"admin\":false,\"avatar\":\"http://gov.szcjzhxq.com:8084/profile/avatar/2023/05/15/blob_20230515092325A002.jpeg\",\"createBy\":\"admin\",\"createTime\":\"2022-09-15 09:46:35\",\"delFlag\":\"0\",\"dept\":{\"ancestors\":\"0\",\"children\":[],\"deptId\":100,\"deptName\":\"宣城城建智能科技\",\"leader\":\"admin\",\"orderNum\":1,\"params\":{},\"parentId\":0,\"status\":\"0\"},\"email\":\"system@qq.com\",\"loginDate\":\"2023-05-26 13:44:06\",\"loginIp\":\"172.16.205.10\",\"nickName\":\"系统管理员\",\"params\":{},\"phonenumber\":\"15666666666\",\"postIds\":[],\"remark\":\"系统管理员\",\"roleIds\":[2],\"roles\":[{\"admin\":false,\"dataScope\":\"4\",\"deptCheckStrictly\":false,\"flag\":false,\"menuCheckStrictly\":false,\"params\":{},\"roleId\":2,\"roleKey\":\"system\",\"roleName\":\"系统管理员\",\"roleSort\":\"2\",\"status\":\"0\"}],\"sex\":\"1\",\"status\":\"0\",\"updateBy\":\"system\",\"userId\":2,\"userName\":\"system\"}', '{\"msg\":\"操作成功\",\"code\":200}', 0, NULL, '2023-05-26 14:20:56');
INSERT INTO `sys_oper_log` VALUES (70, '用户管理', 2, 'com.wr.web.controller.system.SysUserController.edit()', 'PUT', 1, 'system', NULL, '/system/user', '172.16.205.10', '内网IP', '{\"admin\":false,\"avatar\":\"http://gov.szcjzhxq.com:8084/profile/avatar/2023/05/15/blob_20230515092325A002.jpeg\",\"createBy\":\"admin\",\"createTime\":\"2022-09-15 09:46:35\",\"delFlag\":\"0\",\"dept\":{\"ancestors\":\"0\",\"children\":[],\"deptId\":100,\"deptName\":\"宣城城建智能科技\",\"leader\":\"admin\",\"orderNum\":1,\"params\":{},\"parentId\":0,\"status\":\"0\"},\"email\":\"system1@qq.com\",\"loginDate\":\"2023-05-26 13:44:06\",\"loginIp\":\"172.16.205.10\",\"nickName\":\"系统管理员\",\"params\":{},\"phonenumber\":\"15666666666\",\"postIds\":[],\"remark\":\"系统管理员\",\"roleIds\":[2],\"roles\":[{\"admin\":false,\"dataScope\":\"4\",\"deptCheckStrictly\":false,\"flag\":false,\"menuCheckStrictly\":false,\"params\":{},\"roleId\":2,\"roleKey\":\"system\",\"roleName\":\"系统管理员\",\"roleSort\":\"2\",\"status\":\"0\"}],\"sex\":\"1\",\"status\":\"0\",\"updateBy\":\"system\",\"userId\":2,\"userName\":\"system\"}', '{\"msg\":\"操作成功\",\"code\":200}', 0, NULL, '2023-05-26 14:22:47');
INSERT INTO `sys_oper_log` VALUES (71, '用户管理', 2, 'com.wr.web.controller.system.SysUserController.edit()', 'PUT', 1, 'system', NULL, '/system/user', '172.16.205.10', '内网IP', '{\"admin\":false,\"avatar\":\"http://gov.szcjzhxq.com:8084/profile/avatar/2023/05/15/blob_20230515092325A002.jpeg\",\"createBy\":\"admin\",\"createTime\":\"2022-09-15 09:46:35\",\"delFlag\":\"0\",\"dept\":{\"ancestors\":\"0\",\"children\":[],\"deptId\":100,\"deptName\":\"宣城城建智能科技\",\"leader\":\"admin\",\"orderNum\":1,\"params\":{},\"parentId\":0,\"status\":\"0\"},\"deptId\":100,\"email\":\"system@qq.com\",\"loginDate\":\"2023-05-26 13:44:06\",\"loginIp\":\"172.16.205.10\",\"nickName\":\"系统管理员\",\"params\":{},\"phonenumber\":\"15666666666\",\"postIds\":[],\"remark\":\"系统管理员\",\"roleIds\":[2],\"roles\":[{\"admin\":false,\"dataScope\":\"4\",\"deptCheckStrictly\":false,\"flag\":false,\"menuCheckStrictly\":false,\"params\":{},\"roleId\":2,\"roleKey\":\"system\",\"roleName\":\"系统管理员\",\"roleSort\":\"2\",\"status\":\"0\"}],\"sex\":\"1\",\"status\":\"0\",\"updateBy\":\"system\",\"userId\":2,\"userName\":\"system\"}', '{\"msg\":\"操作成功\",\"code\":200}', 0, NULL, '2023-05-26 14:22:50');
INSERT INTO `sys_oper_log` VALUES (72, '用户管理', 2, 'com.wr.web.controller.system.SysUserController.edit()', 'PUT', 1, 'system', NULL, '/system/user', '172.16.205.10', '内网IP', '{\"admin\":false,\"avatar\":\"http://gov.szcjzhxq.com:8084/profile/avatar/2023/05/15/blob_20230515092325A002.jpeg\",\"createBy\":\"admin\",\"createTime\":\"2022-09-15 09:46:35\",\"delFlag\":\"0\",\"dept\":{\"ancestors\":\"0\",\"children\":[],\"deptId\":100,\"deptName\":\"宣城城建智能科技\",\"leader\":\"admin\",\"orderNum\":1,\"params\":{},\"parentId\":0,\"status\":\"0\"},\"deptId\":100,\"email\":\"system1@qq.com\",\"loginDate\":\"2023-05-26 13:44:06\",\"loginIp\":\"172.16.205.10\",\"nickName\":\"系统管理员\",\"params\":{},\"phonenumber\":\"15666666661\",\"postIds\":[1],\"remark\":\"系统管理员1\",\"roleIds\":[],\"roles\":[{\"admin\":false,\"dataScope\":\"4\",\"deptCheckStrictly\":false,\"flag\":false,\"menuCheckStrictly\":false,\"params\":{},\"roleId\":2,\"roleKey\":\"system\",\"roleName\":\"系统管理员\",\"roleSort\":\"2\",\"status\":\"0\"}],\"sex\":\"0\",\"status\":\"1\",\"updateBy\":\"system\",\"userId\":2,\"userName\":\"system\"}', '{\"msg\":\"操作成功\",\"code\":200}', 0, NULL, '2023-05-26 14:23:09');
INSERT INTO `sys_oper_log` VALUES (73, '用户管理', 2, 'com.wr.web.controller.system.SysUserController.edit()', 'PUT', 1, 'system', NULL, '/system/user', '172.16.205.10', '内网IP', '{\"admin\":false,\"avatar\":\"http://gov.szcjzhxq.com:8084/profile/avatar/2023/05/15/blob_20230515092325A002.jpeg\",\"createBy\":\"admin\",\"createTime\":\"2022-09-15 09:46:35\",\"delFlag\":\"0\",\"dept\":{\"ancestors\":\"0\",\"children\":[],\"deptId\":100,\"deptName\":\"宣城城建智能科技\",\"leader\":\"admin\",\"orderNum\":1,\"params\":{},\"parentId\":0,\"status\":\"0\"},\"deptId\":100,\"email\":\"system@qq.com\",\"loginDate\":\"2023-05-26 13:44:06\",\"loginIp\":\"172.16.205.10\",\"nickName\":\"系统管理员\",\"params\":{},\"phonenumber\":\"15666666666\",\"postIds\":[],\"remark\":\"系统管理员1\",\"roleIds\":[2],\"roles\":[],\"sex\":\"1\",\"status\":\"0\",\"updateBy\":\"system\",\"userId\":2,\"userName\":\"system\"}', '{\"msg\":\"操作成功\",\"code\":200}', 0, NULL, '2023-05-26 14:23:25');
INSERT INTO `sys_oper_log` VALUES (74, '部门管理', 2, 'com.wr.web.controller.system.SysDeptController.edit()', 'PUT', 1, 'system', NULL, '/system/dept', '172.16.205.10', '内网IP', '{\"ancestors\":\"0,100\",\"children\":[],\"deptId\":101,\"deptName\":\"运维部\",\"orderNum\":1,\"params\":{},\"parentId\":100,\"parentName\":\"宣城城建智能科技\",\"status\":\"1\",\"updateBy\":\"system\"}', '{\"msg\":\"操作成功\",\"code\":200}', 0, NULL, '2023-05-26 14:25:22');
INSERT INTO `sys_oper_log` VALUES (75, '部门管理', 2, 'com.wr.web.controller.system.SysDeptController.edit()', 'PUT', 1, 'system', NULL, '/system/dept', '172.16.205.10', '内网IP', '{\"ancestors\":\"0,100\",\"children\":[],\"deptId\":101,\"deptName\":\"运维部\",\"orderNum\":1,\"params\":{},\"parentId\":100,\"parentName\":\"宣城城建智能科技\",\"status\":\"0\",\"updateBy\":\"system\"}', '{\"msg\":\"操作成功\",\"code\":200}', 0, NULL, '2023-05-26 14:25:28');
INSERT INTO `sys_oper_log` VALUES (76, '角色管理', 2, 'com.wr.web.controller.system.SysRoleController.changeStatus()', 'PUT', 1, 'system', NULL, '/system/role/changeStatus', '172.16.205.10', '内网IP', '{\"admin\":false,\"deptCheckStrictly\":false,\"flag\":false,\"menuCheckStrictly\":false,\"params\":{},\"roleId\":2,\"status\":\"1\",\"updateBy\":\"system\"}', '{\"msg\":\"操作成功\",\"code\":200}', 0, NULL, '2023-05-26 14:37:22');
INSERT INTO `sys_oper_log` VALUES (77, '角色管理', 2, 'com.wr.web.controller.system.SysRoleController.changeStatus()', 'PUT', 1, 'system', NULL, '/system/role/changeStatus', '172.16.205.10', '内网IP', '{\"admin\":false,\"deptCheckStrictly\":false,\"flag\":false,\"menuCheckStrictly\":false,\"params\":{},\"roleId\":2,\"status\":\"0\",\"updateBy\":\"system\"}', '{\"msg\":\"操作成功\",\"code\":200}', 0, NULL, '2023-05-26 14:37:27');
INSERT INTO `sys_oper_log` VALUES (78, '用户管理', 2, 'com.wr.web.controller.system.SysUserController.edit()', 'PUT', 1, 'system', NULL, '/system/user', '172.16.205.10', '内网IP', '{\"admin\":false,\"avatar\":\"http://gov.szcjzhxq.com:8084/profile/avatar/2023/05/15/blob_20230515092325A002.jpeg\",\"createBy\":\"admin\",\"createTime\":\"2022-09-15 09:46:35\",\"delFlag\":\"0\",\"dept\":{\"ancestors\":\"0\",\"children\":[],\"deptId\":100,\"deptName\":\"宣城城建智能科技\",\"leader\":\"admin\",\"orderNum\":1,\"params\":{},\"parentId\":0,\"status\":\"0\"},\"deptId\":101,\"email\":\"system@qq.com\",\"loginDate\":\"2023-05-26 13:44:06\",\"loginIp\":\"172.16.205.10\",\"nickName\":\"系统管理员\",\"params\":{},\"phonenumber\":\"15666666666\",\"postIds\":[],\"remark\":\"系统管理员1\",\"roleIds\":[2],\"roles\":[{\"admin\":false,\"dataScope\":\"4\",\"deptCheckStrictly\":false,\"flag\":false,\"menuCheckStrictly\":false,\"params\":{},\"roleId\":2,\"roleKey\":\"system\",\"roleName\":\"系统管理员\",\"roleSort\":\"2\",\"status\":\"0\"}],\"sex\":\"1\",\"status\":\"0\",\"updateBy\":\"system\",\"userId\":2,\"userName\":\"system\"}', '{\"msg\":\"操作成功\",\"code\":200}', 0, NULL, '2023-05-26 14:39:09');
INSERT INTO `sys_oper_log` VALUES (79, '用户管理', 2, 'com.wr.web.controller.system.SysUserController.edit()', 'PUT', 1, 'system', NULL, '/system/user', '172.16.205.10', '内网IP', '{\"admin\":false,\"avatar\":\"http://gov.szcjzhxq.com:8084/profile/avatar/2023/05/15/blob_20230515092325A002.jpeg\",\"createBy\":\"admin\",\"createTime\":\"2022-09-15 09:46:35\",\"delFlag\":\"0\",\"dept\":{\"ancestors\":\"0,100\",\"children\":[],\"deptId\":101,\"deptName\":\"运维部\",\"orderNum\":1,\"params\":{},\"parentId\":100,\"status\":\"0\"},\"deptId\":100,\"email\":\"system@qq.com\",\"loginDate\":\"2023-05-26 13:44:06\",\"loginIp\":\"172.16.205.10\",\"nickName\":\"系统管理员\",\"params\":{},\"phonenumber\":\"15666666666\",\"postIds\":[],\"remark\":\"系统管理员1\",\"roleIds\":[2],\"roles\":[{\"admin\":false,\"dataScope\":\"4\",\"deptCheckStrictly\":false,\"flag\":false,\"menuCheckStrictly\":false,\"params\":{},\"roleId\":2,\"roleKey\":\"system\",\"roleName\":\"系统管理员\",\"roleSort\":\"2\",\"status\":\"0\"}],\"sex\":\"1\",\"status\":\"0\",\"updateBy\":\"system\",\"userId\":2,\"userName\":\"system\"}', '{\"msg\":\"操作成功\",\"code\":200}', 0, NULL, '2023-05-26 14:39:14');
INSERT INTO `sys_oper_log` VALUES (80, '用户管理', 2, 'com.wr.web.controller.system.SysUserController.edit()', 'PUT', 1, 'system', NULL, '/system/user', '172.16.205.10', '内网IP', '{\"admin\":false,\"avatar\":\"http://gov.szcjzhxq.com:8084/profile/avatar/2023/05/15/blob_20230515092325A002.jpeg\",\"createBy\":\"admin\",\"createTime\":\"2022-09-15 09:46:35\",\"delFlag\":\"0\",\"dept\":{\"ancestors\":\"0\",\"children\":[],\"deptId\":100,\"deptName\":\"宣城城建智能科技\",\"leader\":\"admin\",\"orderNum\":1,\"params\":{},\"parentId\":0,\"status\":\"0\"},\"email\":\"system@qq.com\",\"loginDate\":\"2023-05-26 13:44:06\",\"loginIp\":\"172.16.205.10\",\"nickName\":\"系统管理员\",\"params\":{},\"phonenumber\":\"15666666666\",\"postIds\":[],\"remark\":\"系统管理员1\",\"roleIds\":[2],\"roles\":[{\"admin\":false,\"dataScope\":\"4\",\"deptCheckStrictly\":false,\"flag\":false,\"menuCheckStrictly\":false,\"params\":{},\"roleId\":2,\"roleKey\":\"system\",\"roleName\":\"系统管理员\",\"roleSort\":\"2\",\"status\":\"0\"}],\"sex\":\"1\",\"status\":\"0\",\"updateBy\":\"system\",\"userId\":2,\"userName\":\"system\"}', '{\"msg\":\"操作成功\",\"code\":200}', 0, NULL, '2023-05-26 14:39:18');
INSERT INTO `sys_oper_log` VALUES (81, '用户管理', 2, 'com.wr.web.controller.system.SysUserController.edit()', 'PUT', 1, 'system', NULL, '/system/user', '172.16.205.10', '内网IP', '{\"admin\":false,\"avatar\":\"http://gov.szcjzhxq.com:8084/profile/avatar/2023/05/15/blob_20230515092325A002.jpeg\",\"createBy\":\"admin\",\"createTime\":\"2022-09-15 09:46:35\",\"delFlag\":\"0\",\"dept\":{\"ancestors\":\"0\",\"children\":[],\"deptId\":100,\"deptName\":\"宣城城建智能科技\",\"leader\":\"admin\",\"orderNum\":1,\"params\":{},\"parentId\":0,\"status\":\"0\"},\"email\":\"system@qq.com\",\"loginDate\":\"2023-05-26 13:44:06\",\"loginIp\":\"172.16.205.10\",\"nickName\":\"系统管理员\",\"params\":{},\"phonenumber\":\"15666666666\",\"postIds\":[],\"remark\":\"系统管理员1\",\"roleIds\":[2],\"roles\":[{\"admin\":false,\"dataScope\":\"4\",\"deptCheckStrictly\":false,\"flag\":false,\"menuCheckStrictly\":false,\"params\":{},\"roleId\":2,\"roleKey\":\"system\",\"roleName\":\"系统管理员\",\"roleSort\":\"2\",\"status\":\"0\"}],\"sex\":\"1\",\"status\":\"0\",\"updateBy\":\"system\",\"userId\":2,\"userName\":\"system\"}', '{\"msg\":\"操作成功\",\"code\":200}', 0, NULL, '2023-05-26 14:39:27');
INSERT INTO `sys_oper_log` VALUES (82, '用户管理', 2, 'com.wr.web.controller.system.SysUserController.edit()', 'PUT', 1, 'system', NULL, '/system/user', '172.16.205.10', '内网IP', '{\"admin\":false,\"avatar\":\"http://gov.szcjzhxq.com:8084/profile/avatar/2023/05/15/blob_20230515092325A002.jpeg\",\"createBy\":\"admin\",\"createTime\":\"2022-09-15 09:46:35\",\"delFlag\":\"0\",\"dept\":{\"ancestors\":\"0\",\"children\":[],\"deptId\":100,\"deptName\":\"宣城城建智能科技\",\"leader\":\"admin\",\"orderNum\":1,\"params\":{},\"parentId\":0,\"status\":\"0\"},\"email\":\"system@qq.com\",\"loginDate\":\"2023-05-26 13:44:06\",\"loginIp\":\"172.16.205.10\",\"nickName\":\"系统管理员\",\"params\":{},\"phonenumber\":\"15666666666\",\"postIds\":[],\"remark\":\"系统管理员1\",\"roleIds\":[2],\"roles\":[{\"admin\":false,\"dataScope\":\"4\",\"deptCheckStrictly\":false,\"flag\":false,\"menuCheckStrictly\":false,\"params\":{},\"roleId\":2,\"roleKey\":\"system\",\"roleName\":\"系统管理员\",\"roleSort\":\"2\",\"status\":\"0\"}],\"sex\":\"1\",\"status\":\"0\",\"updateBy\":\"system\",\"userId\":2,\"userName\":\"system\"}', '{\"msg\":\"操作成功\",\"code\":200}', 0, NULL, '2023-05-26 14:42:47');
INSERT INTO `sys_oper_log` VALUES (83, '用户管理', 2, 'com.wr.web.controller.system.SysUserController.edit()', 'PUT', 1, 'system', NULL, '/system/user', '172.16.205.10', '内网IP', '{\"admin\":false,\"avatar\":\"http://gov.szcjzhxq.com:8084/profile/avatar/2023/05/15/blob_20230515092325A002.jpeg\",\"createBy\":\"admin\",\"createTime\":\"2022-09-15 09:46:35\",\"delFlag\":\"0\",\"dept\":{\"ancestors\":\"0\",\"children\":[],\"deptId\":100,\"deptName\":\"宣城城建智能科技\",\"leader\":\"admin\",\"orderNum\":1,\"params\":{},\"parentId\":0,\"status\":\"0\"},\"email\":\"system@qq.com\",\"loginDate\":\"2023-05-26 15:54:37\",\"loginIp\":\"172.16.205.10\",\"nickName\":\"系统管理员\",\"params\":{},\"phonenumber\":\"15666666666\",\"postIds\":[],\"remark\":\"系统管理员1\",\"roleIds\":[2],\"roles\":[{\"admin\":false,\"dataScope\":\"4\",\"deptCheckStrictly\":false,\"flag\":false,\"menuCheckStrictly\":false,\"params\":{},\"roleId\":2,\"roleKey\":\"system\",\"roleName\":\"系统管理员\",\"roleSort\":\"2\",\"status\":\"0\"}],\"sex\":\"1\",\"status\":\"0\",\"updateBy\":\"system\",\"userId\":2,\"userName\":\"system\"}', '{\"msg\":\"操作成功\",\"code\":200}', 0, NULL, '2023-05-26 15:54:36');
INSERT INTO `sys_oper_log` VALUES (84, '用户管理', 2, 'com.wr.web.controller.system.SysUserController.edit()', 'PUT', 1, 'system', NULL, '/system/user', '172.16.205.10', '内网IP', '{\"admin\":false,\"avatar\":\"http://gov.szcjzhxq.com:8084/profile/avatar/2023/05/15/blob_20230515092325A002.jpeg\",\"createBy\":\"admin\",\"createTime\":\"2022-09-15 09:46:35\",\"delFlag\":\"0\",\"dept\":{\"ancestors\":\"0\",\"children\":[],\"deptId\":100,\"deptName\":\"宣城城建智能科技\",\"leader\":\"admin\",\"orderNum\":1,\"params\":{},\"parentId\":0,\"status\":\"0\"},\"email\":\"system@qq.com\",\"loginDate\":\"2023-05-26 15:54:37\",\"loginIp\":\"172.16.205.10\",\"nickName\":\"系统管理员\",\"params\":{},\"phonenumber\":\"15666666666\",\"postIds\":[],\"remark\":\"系统管理员1\",\"roleIds\":[2],\"roles\":[{\"admin\":false,\"dataScope\":\"4\",\"deptCheckStrictly\":false,\"flag\":false,\"menuCheckStrictly\":false,\"params\":{},\"roleId\":2,\"roleKey\":\"system\",\"roleName\":\"系统管理员\",\"roleSort\":\"2\",\"status\":\"0\"}],\"sex\":\"1\",\"status\":\"0\",\"updateBy\":\"system\",\"userId\":2,\"userName\":\"system\"}', '{\"msg\":\"操作成功\",\"code\":200}', 0, NULL, '2023-05-26 15:54:55');
INSERT INTO `sys_oper_log` VALUES (85, '用户管理', 2, 'com.wr.web.controller.system.SysUserController.edit()', 'PUT', 1, 'system', NULL, '/system/user', '172.16.205.10', '内网IP', '{\"admin\":false,\"avatar\":\"http://gov.szcjzhxq.com:8084/profile/avatar/2023/05/15/blob_20230515092325A002.jpeg\",\"createBy\":\"admin\",\"createTime\":\"2022-09-15 09:46:35\",\"delFlag\":\"0\",\"dept\":{\"ancestors\":\"0\",\"children\":[],\"deptId\":100,\"deptName\":\"宣城城建智能科技\",\"leader\":\"admin\",\"orderNum\":1,\"params\":{},\"parentId\":0,\"status\":\"0\"},\"deptId\":101,\"email\":\"system@qq.com\",\"loginDate\":\"2023-05-26 15:54:37\",\"loginIp\":\"172.16.205.10\",\"nickName\":\"系统管理员\",\"params\":{},\"phonenumber\":\"15666666666\",\"postIds\":[],\"remark\":\"系统管理员1\",\"roleIds\":[2],\"roles\":[{\"admin\":false,\"dataScope\":\"4\",\"deptCheckStrictly\":false,\"flag\":false,\"menuCheckStrictly\":false,\"params\":{},\"roleId\":2,\"roleKey\":\"system\",\"roleName\":\"系统管理员\",\"roleSort\":\"2\",\"status\":\"0\"}],\"sex\":\"1\",\"status\":\"0\",\"updateBy\":\"system\",\"userId\":2,\"userName\":\"system\"}', '{\"msg\":\"操作成功\",\"code\":200}', 0, NULL, '2023-05-26 15:55:28');
INSERT INTO `sys_oper_log` VALUES (86, '用户管理', 2, 'com.wr.web.controller.system.SysUserController.edit()', 'PUT', 1, 'system', NULL, '/system/user', '172.16.205.10', '内网IP', '{\"admin\":false,\"avatar\":\"http://gov.szcjzhxq.com:8084/profile/avatar/2023/05/15/blob_20230515092325A002.jpeg\",\"createBy\":\"admin\",\"createTime\":\"2022-09-15 09:46:35\",\"delFlag\":\"0\",\"dept\":{\"ancestors\":\"0,100\",\"children\":[],\"deptId\":101,\"deptName\":\"运维部\",\"orderNum\":1,\"params\":{},\"parentId\":100,\"status\":\"0\"},\"deptId\":100,\"email\":\"system@qq.com\",\"loginDate\":\"2023-05-26 15:54:37\",\"loginIp\":\"172.16.205.10\",\"nickName\":\"系统管理员\",\"params\":{},\"phonenumber\":\"15666666666\",\"postIds\":[],\"remark\":\"系统管理员1\",\"roleIds\":[2],\"roles\":[{\"admin\":false,\"dataScope\":\"4\",\"deptCheckStrictly\":false,\"flag\":false,\"menuCheckStrictly\":false,\"params\":{},\"roleId\":2,\"roleKey\":\"system\",\"roleName\":\"系统管理员\",\"roleSort\":\"2\",\"status\":\"0\"}],\"sex\":\"1\",\"status\":\"0\",\"updateBy\":\"system\",\"userId\":2,\"userName\":\"system\"}', '{\"msg\":\"操作成功\",\"code\":200}', 0, NULL, '2023-05-26 15:56:00');
INSERT INTO `sys_oper_log` VALUES (87, '用户管理', 2, 'com.wr.web.controller.system.SysUserController.edit()', 'PUT', 1, 'system', NULL, '/system/user', '172.16.205.10', '内网IP', '{\"admin\":false,\"avatar\":\"http://gov.szcjzhxq.com:8084/profile/avatar/2023/05/15/blob_20230515092325A002.jpeg\",\"createBy\":\"admin\",\"createTime\":\"2022-09-15 09:46:35\",\"delFlag\":\"0\",\"dept\":{\"ancestors\":\"0\",\"children\":[],\"deptId\":100,\"deptName\":\"宣城城建智能科技\",\"leader\":\"admin\",\"orderNum\":1,\"params\":{},\"parentId\":0,\"status\":\"0\"},\"email\":\"system@qq.com\",\"loginDate\":\"2023-05-26 15:54:37\",\"loginIp\":\"172.16.205.10\",\"nickName\":\"系统管理员\",\"params\":{},\"phonenumber\":\"15666666666\",\"postIds\":[],\"remark\":\"系统管理员1\",\"roleIds\":[2],\"roles\":[{\"admin\":false,\"dataScope\":\"4\",\"deptCheckStrictly\":false,\"flag\":false,\"menuCheckStrictly\":false,\"params\":{},\"roleId\":2,\"roleKey\":\"system\",\"roleName\":\"系统管理员\",\"roleSort\":\"2\",\"status\":\"0\"}],\"sex\":\"1\",\"status\":\"0\",\"updateBy\":\"system\",\"userId\":2,\"userName\":\"system\"}', '{\"msg\":\"操作成功\",\"code\":200}', 0, NULL, '2023-05-26 15:56:06');
INSERT INTO `sys_oper_log` VALUES (88, '物业支出导出', 5, 'com.wr.web.v1.controller.estate.cost.EstateBillController.payExport()', 'POST', 1, 'system', NULL, '/bill/pay/export', '172.16.205.10', '内网IP', '{\"pageNum\":\"1\",\"pageSize\":\"10\"}', NULL, 0, NULL, '2023-05-26 15:58:38');
INSERT INTO `sys_oper_log` VALUES (89, '投标修改', 2, 'com.wr.web.v1.controller.bidding.company.InitialController.updateCompany()', 'PUT', 1, 'system', NULL, '/initial', '172.16.205.10', '内网IP', '{\"companyName\":\"投标公司\",\"companyType\":\"1\",\"contactName\":\"\",\"createBy\":\"投标公司\",\"createTime\":\"2023-05-15 09:55:10\",\"delFlag\":\"0\",\"id\":1,\"job\":\"\",\"params\":{},\"phone\":\"13400000000\",\"status\":\"1\",\"updateBy\":\"system\",\"updateTime\":\"2023-05-15 09:55:10\"}', '{\"msg\":\"操作成功\",\"code\":200,\"data\":1}', 0, NULL, '2023-05-30 17:57:36');
INSERT INTO `sys_oper_log` VALUES (90, '通知公告', 1, 'com.wr.web.controller.system.SysNoticeController.add()', 'POST', 1, 'system', NULL, '/system/notice', '172.16.205.10', '内网IP', '{\"createBy\":\"system\",\"noticeContent\":\"<p>5月30日行政办发布通知公告</p>\",\"noticeTitle\":\"5月30日行政办通知公告\",\"noticeType\":\"1\",\"params\":{},\"status\":\"0\"}', '{\"msg\":\"操作成功\",\"code\":200}', 0, NULL, '2023-05-30 18:05:13');
INSERT INTO `sys_oper_log` VALUES (91, '招标项目管理', 1, 'com.wr.web.v1.controller.bidding.InvitationalTendersController.add()', 'POST', 1, 'system', NULL, '/system/tenders', '172.16.205.10', '内网IP', '{\"companyId\":1,\"content\":\"<p><strong>项目名称:</strong>经济开发区城镇老旧小区改造三期-延陵东路片区东片整治提升工程(更新2)</p><p><br></p><p><strong>建设内容</strong>:VIP以上级别会员可查看开工时间:2023-08-01</p><p><br></p><p>竣工时间:2024-05-01</p><p><br></p><p>项目性质:改建所在地区:江苏省资金到位:逐步落实项目预算:5500</p><p><br></p><p>行业领域:服务领域资金来源:自筹资金</p><p><br></p><p>项目描述:VIP以上级别会员可查看</p><p><br></p><p>相关工程参考:&nbsp;管网工程 路面工程 外立面整治工程 架空杆线工程 道路工程 供电工程 排水工程 供水工程相关设备参考:&nbsp;电子监控设备 路灯相关服务参考:&nbsp;工程保险 物业管理相关材料参考:&nbsp;油漆涂料 管材管件 苗木</p>\",\"createBy\":\"system\",\"endTime\":\"2023-06-30 00:00:00\",\"params\":{},\"projectName\":\"2023年6月基建项目招标\",\"projectTypeId\":1,\"startTime\":\"2023-05-30 00:00:00\",\"status\":\"1\",\"updateBy\":\"system\",\"wordArray\":[]}', '{\"msg\":\"操作成功\",\"code\":200}', 0, NULL, '2023-05-30 18:11:27');
INSERT INTO `sys_oper_log` VALUES (92, '考核记录新增', 1, 'com.wr.web.v1.controller.estate.assess.AssessRecordController.add()', 'POST', 1, 'system', NULL, '/assessRecord', '172.16.205.10', '内网IP', '{\"assessId\":9,\"assessName\":\"六月长期考核\",\"createBy\":\"system\",\"endTime\":\"2024-07-01 00:00:00\",\"estateIds\":[1,2,3,4,5,6],\"methodId\":1,\"params\":{},\"remark\":\"考核说明\",\"startEndTime\":[\"2023-06-12 00:00:00\",\"2024-07-01 00:00:00\"],\"startTime\":\"2023-06-12 00:00:00\"}', '{\"msg\":\"操作成功\",\"code\":200}', 0, NULL, '2023-06-12 14:24:59');
INSERT INTO `sys_oper_log` VALUES (93, '线下考核打分', 2, 'com.wr.web.v1.controller.estate.assess.AssessRecordController.marking()', 'PUT', 1, 'system', NULL, '/assessRecord/marking', '172.16.205.10', '内网IP', '{\"assessId\":9,\"assessScore\":100,\"createBy\":\"system\",\"estateId\":2,\"params\":{}}', '{\"msg\":\"操作成功\",\"code\":200}', 0, NULL, '2023-06-12 14:32:29');
INSERT INTO `sys_oper_log` VALUES (94, '物业通告修改', 2, 'com.wr.web.v1.controller.estate.publicity.BulletinController.updateBulletin()', 'PUT', 1, 'system', NULL, '/bulletin', '172.16.205.10', '内网IP', '{\"bulletinId\":3,\"bulletinTitle\":\"物业通报公告\",\"content\":\"<p>及时完成<a href=\\\"https://www.baidu.com\\\" rel=\\\"noopener noreferrer\\\" target=\\\"_blank\\\">相关任务</a></p><p><strong>OvO</strong></p>\",\"createBy\":\"system\",\"createTime\":\"2023-05-26 14:14:25\",\"delFlag\":\"0\",\"estateIds\":[3,1,2,4,5,6],\"estateList\":[{\"actualCapital\":0,\"ancestors\":\"0\",\"approveDate\":\"2023-05-02 00:00:00\",\"areaName\":\"安徽宣城宣州\",\"brief\":\"宣城测试集团\",\"businessCode\":\"12345678901\",\"businessScope\":\"经营范围包含不限于XXXX经营范围包含不限于XXXX经营范围包含不限于XXXX经营范围包含不限于XXXX经营范围包含不限于XXXX经营范围包含不限于XXXX经营范围包含不限于XXXX经营范围包含不限于XXXX经营范围包含不限于XXXX经营范围包含不限于XXXX经营范围包含不限于XXXX经营范围包含不限于XXXX经营范围包含不限于XXXX经营范围包含不限于XXXX经营范围包含不限于XXXX经营范围包含不限于XXXX经营范围包含不限于XXXX经营范围包含不限于XXXX经营范围包含不限于XXXX经营范围包含不限于XXXX经营范围包含不限于XXXX经营范围包含不限于XXXX经营范围包含不限于XXXX经营范围包含不限于XXXX经营范围包含不限于XXXX经营范围包含不限于XXXX经营范围包含不限于XXXX经营范围包含不限于XXXX经营范围包含不限于XXXX经营范围包含不限于XXXX经营范围包含不限于XXXX经营范围包含不限于XXXX经营范围包含不限于XXXX经营范围包含不限于XXXX经营范围包含不限于XXXX经营范围包含不限于XXXX经营范围包含不限于XXXX经营范围包含不限于XXXX经营范围包与\",\"creditCode\":\"123456789012345678\",\"delFlag\":\"0\",\"deptId\":105,\"estateCode\":\"12345678901234567\",\"estateId\":3,\"estateName\":\"测试集团总部\",\"firmType\":\"0\",\"formerName\":\"集团曾用名\",\"foundDate\":\"2023-05-01 00:00:00\",\"historyServer\":\"历史服务详情\",\"hotline\":\"13111111111\",\"insuredNum\":10,\"legal\":\"集团法人\",\"parentId\":0,\"periodBegin\":\"2023-05-01 00:00:00\",\"periodEnd\":\"2024-05-01 00:00:00\",\"registerAddress\":\"宣城政务\",\"registerCapital\":10,\"registerOffice\":\"宣城市监局\",\"registerStatus\":\"0\",\"staffSize\":\"20\",\"taxpayerCode\":\"123456789012\",\"taxpayerQualify\":\"A级\"}],\"releaseTime\":\"2023-05-26 14:14:25\",\"remark\":\"\",\"status\":\"0\",\"updateBy\":\"system\",\"updateTime\":\"2023-05-26 14:14:25\"}', '{\"msg\":\"操作成功\",\"code\":200,\"data\":8}', 0, NULL, '2023-06-12 14:40:58');
INSERT INTO `sys_oper_log` VALUES (95, '物业通告修改', 2, 'com.wr.web.v1.controller.estate.publicity.BulletinController.updateBulletin()', 'PUT', 1, 'system', NULL, '/bulletin', '172.16.205.10', '内网IP', '{\"bulletinId\":3,\"bulletinTitle\":\"物业通报公告\",\"content\":\"<p>及时完成<a href=\\\"https://www.baidu.com\\\" rel=\\\"noopener noreferrer\\\" target=\\\"_blank\\\">相关任务</a></p><p><strong>OvO</strong></p><p><strong><span class=\\\"ql-cursor\\\">﻿</span></strong><img src=\\\"http://gov.szcjzhxq.com/profile/upload/2023/06/12/共产党_20230612144330A001.jpg\\\"></p>\",\"createBy\":\"system\",\"createTime\":\"2023-05-26 14:14:25\",\"delFlag\":\"0\",\"estateIds\":[3,1,2,4,5,6],\"estateList\":[{\"actualCapital\":0,\"ancestors\":\"0\",\"approveDate\":\"2023-05-02 00:00:00\",\"areaName\":\"安徽宣城宣州\",\"brief\":\"宣城测试集团\",\"businessCode\":\"12345678901\",\"businessScope\":\"经营范围包含不限于XXXX经营范围包含不限于XXXX经营范围包含不限于XXXX经营范围包含不限于XXXX经营范围包含不限于XXXX经营范围包含不限于XXXX经营范围包含不限于XXXX经营范围包含不限于XXXX经营范围包含不限于XXXX经营范围包含不限于XXXX经营范围包含不限于XXXX经营范围包含不限于XXXX经营范围包含不限于XXXX经营范围包含不限于XXXX经营范围包含不限于XXXX经营范围包含不限于XXXX经营范围包含不限于XXXX经营范围包含不限于XXXX经营范围包含不限于XXXX经营范围包含不限于XXXX经营范围包含不限于XXXX经营范围包含不限于XXXX经营范围包含不限于XXXX经营范围包含不限于XXXX经营范围包含不限于XXXX经营范围包含不限于XXXX经营范围包含不限于XXXX经营范围包含不限于XXXX经营范围包含不限于XXXX经营范围包含不限于XXXX经营范围包含不限于XXXX经营范围包含不限于XXXX经营范围包含不限于XXXX经营范围包含不限于XXXX经营范围包含不限于XXXX经营范围包含不限于XXXX经营范围包含不限于XXXX经营范围包含不限于XXXX经营范围包与\",\"creditCode\":\"123456789012345678\",\"delFlag\":\"0\",\"deptId\":105,\"estateCode\":\"12345678901234567\",\"estateId\":3,\"estateName\":\"测试集团总部\",\"firmType\":\"0\",\"formerName\":\"集团曾用名\",\"foundDate\":\"2023-05-01 00:00:00\",\"historyServer\":\"历史服务详情\",\"hotline\":\"13111111111\",\"insuredNum\":10,\"legal\":\"集团法人\",\"parentId\":0,\"periodBegin\":\"2023-05-01 00:00:00\",\"periodEnd\":\"2024-05-01 00:00:00\",\"registerAddress\":\"宣城政务\",\"registerCapital\":10,\"registerOffice\":\"宣城市监局\",\"registerStatus\":\"0\",\"staffSize\":\"20\",\"taxpayerCode\":\"123456789012\",\"taxpayerQualify\":\"A级\"},{\"actualCapital\":0,\"ancestors\":\"0\",\"approveDate\":\"2022-09-23 00:00:00\",\"areaName\":\"宣城市宣州区\",\"brief\":\"宣城城建智能科技有限公司成立于2019-12-13，法定代表人为徐亚，注册资本为2000万元人民币，统一社会信用代码为91341800MA2UDF4990，企业地址位于安徽省宣城经济技术开发区文景路999号宛陵科创城1号楼7层，所属行业为软件和信息技术服务业，经营范围包含：智能化系统领域内技术开发、技术咨询、技术服务；电子与智能化工程设计与施工；安全防范系统设计与施工；计算机软、硬件开发、销售、维护与技术咨询；计算机信息系统集成及服务；通信工程设计与施工；通信设备施工与维护；劳务分包；电脑及耗材、数码产品、通信器材产品销售，城市及道路照明设计与施工，水景喷泉', '{\"msg\":\"操作成功\",\"code\":200,\"data\":13}', 0, NULL, '2023-06-12 14:43:08');
INSERT INTO `sys_oper_log` VALUES (96, '业户投诉通道下发物业通知', 1, 'com.wr.web.v1.controller.estate.complaint.ComplaintPraiseController.add()', 'POST', 1, 'system', NULL, '/complaint/add', '172.16.205.10', '内网IP', '{\"communityId\":7,\"content\":\"请处理\",\"estateId\":6,\"noticeTitle\":\"行政办业户投诉通知下发\"}', '{\"msg\":\"操作成功\",\"code\":200,\"data\":1}', 0, NULL, '2023-08-13 16:08:49');
INSERT INTO `sys_oper_log` VALUES (97, '考核方法新增', 1, 'com.wr.web.v1.controller.estate.assess.AssessMethodController.add()', 'POST', 1, 'system', NULL, '/assessMethod', '172.16.205.10', '内网IP', '{\"assessItemList\":[{\"methodId\":2,\"scoreRate\":100,\"standardId\":7,\"standardTitle\":\"巡查工单\"}],\"createBy\":\"system\",\"methodId\":2,\"methodName\":\"333\",\"params\":{},\"remark\":\"11\"}', '{\"msg\":\"操作成功\",\"code\":200}', 0, NULL, '2023-10-27 16:23:03');
INSERT INTO `sys_oper_log` VALUES (98, '公告类型', 1, 'com.wr.web.v1.controller.bidding.notice.WebNoticeTypeController.add()', 'POST', 1, 'system', NULL, '/bidding/type', '172.16.205.10', '内网IP', '{\"createBy\":\"system\",\"noticeType\":\"3\",\"sort\":1}', '{\"msg\":\"操作成功\",\"code\":200}', 0, NULL, '2023-10-27 16:29:37');
INSERT INTO `sys_oper_log` VALUES (99, '公告类型', 3, 'com.wr.web.v1.controller.bidding.notice.WebNoticeTypeController.remove()', 'DELETE', 1, 'system', NULL, '/bidding/type/4', '172.16.205.10', '内网IP', '{ids=4}', '{\"msg\":\"操作成功\",\"code\":200}', 0, NULL, '2023-10-27 16:29:47');
INSERT INTO `sys_oper_log` VALUES (100, '考核方法修改', 2, 'com.wr.web.v1.controller.estate.assess.AssessMethodController.edit()', 'PUT', 1, 'system', NULL, '/assessMethod', '172.16.205.10', '内网IP', '{\"assessItemList\":[{\"methodId\":1,\"scoreRate\":10,\"standardId\":1,\"standardTitle\":\"业主投票\"},{\"methodId\":1,\"scoreRate\":10,\"standardId\":2,\"standardTitle\":\"员工投票\"},{\"methodId\":1,\"scoreRate\":10,\"standardId\":3,\"standardTitle\":\"园区报事\"},{\"methodId\":1,\"scoreRate\":10,\"standardId\":4,\"standardTitle\":\"居家维修\"},{\"methodId\":1,\"scoreRate\":10,\"standardId\":5,\"standardTitle\":\"灾害报事\"},{\"methodId\":1,\"scoreRate\":10,\"standardId\":6,\"standardTitle\":\"巡检工单\"},{\"methodId\":1,\"scoreRate\":10,\"standardId\":9,\"standardTitle\":\"设备维护\"},{\"methodId\":1,\"scoreRate\":10,\"standardId\":8,\"standardTitle\":\"巡更工单\"},{\"methodId\":1,\"scoreRate\":10,\"standardId\":7,\"standardTitle\":\"巡查工单\"},{\"methodId\":1,\"scoreRate\":10,\"standardId\":10,\"standardTitle\":\"线下考核\"}],\"createBy\":\"超级管理员\",\"createTime\":\"2023-05-12 15:59:48\",\"methodId\":1,\"methodName\":\"5月份全项目考核\",\"params\":{},\"remark\":\"5月份全项目考核，各占10%。\",\"updateBy\":\"system\"}', '{\"msg\":\"操作成功\",\"code\":200}', 0, NULL, '2023-10-29 21:09:31');
INSERT INTO `sys_oper_log` VALUES (101, '问答管理-我要回答', 1, 'com.wr.web.v1.controller.issue.IssueController.answer()', 'POST', 1, 'system', NULL, '/system/issue/answer', '172.16.205.10', '内网IP', '{\"answerContent\":\"1111\",\"issueId\":1,\"params\":{},\"userId\":2,\"userName\":\"system\"}', '{\"msg\":\"操作成功\",\"code\":200}', 0, NULL, '2023-10-30 19:30:01');
INSERT INTO `sys_oper_log` VALUES (102, '问答管理-删除答案', 3, 'com.wr.web.v1.controller.issue.IssueController.removeAnswer()', 'DELETE', 1, 'system', NULL, '/system/issue/removeAnswer/2', '172.16.205.10', '内网IP', '{answerId=2}', '{\"msg\":\"操作成功\",\"code\":200}', 0, NULL, '2023-10-30 19:30:25');

-- ----------------------------
-- Table structure for sys_post
-- ----------------------------
DROP TABLE IF EXISTS `sys_post`;
CREATE TABLE `sys_post`  (
  `post_id` bigint NOT NULL AUTO_INCREMENT COMMENT '岗位ID',
  `post_code` varchar(64) CHARACTER SET utf8mb3 COLLATE utf8mb3_general_ci NOT NULL COMMENT '岗位编码',
  `post_name` varchar(50) CHARACTER SET utf8mb3 COLLATE utf8mb3_general_ci NOT NULL COMMENT '岗位名称',
  `post_sort` int NOT NULL COMMENT '显示顺序',
  `status` char(1) CHARACTER SET utf8mb3 COLLATE utf8mb3_general_ci NOT NULL COMMENT '状态（0正常 1停用）',
  `create_by` varchar(64) CHARACTER SET utf8mb3 COLLATE utf8mb3_general_ci NULL DEFAULT '' COMMENT '创建者',
  `create_time` datetime NULL DEFAULT NULL COMMENT '创建时间',
  `update_by` varchar(64) CHARACTER SET utf8mb3 COLLATE utf8mb3_general_ci NULL DEFAULT '' COMMENT '更新者',
  `update_time` datetime NULL DEFAULT NULL COMMENT '更新时间',
  `remark` varchar(500) CHARACTER SET utf8mb3 COLLATE utf8mb3_general_ci NULL DEFAULT NULL COMMENT '备注',
  PRIMARY KEY (`post_id`) USING BTREE
) ENGINE = InnoDB AUTO_INCREMENT = 2 CHARACTER SET = utf8mb3 COLLATE = utf8mb3_general_ci COMMENT = '岗位信息表' ROW_FORMAT = DYNAMIC;

-- ----------------------------
-- Records of sys_post
-- ----------------------------
INSERT INTO `sys_post` VALUES (1, 'YG001', '员工', 0, '0', 'system', '2023-05-12 15:52:11', '', NULL, NULL);

-- ----------------------------
-- Table structure for sys_role
-- ----------------------------
DROP TABLE IF EXISTS `sys_role`;
CREATE TABLE `sys_role`  (
  `role_id` bigint NOT NULL AUTO_INCREMENT COMMENT '角色ID',
  `role_name` varchar(30) CHARACTER SET utf8mb3 COLLATE utf8mb3_general_ci NOT NULL COMMENT '角色名称',
  `role_key` varchar(100) CHARACTER SET utf8mb3 COLLATE utf8mb3_general_ci NOT NULL COMMENT '角色权限字符串',
  `role_sort` int NOT NULL COMMENT '显示顺序',
  `data_scope` char(1) CHARACTER SET utf8mb3 COLLATE utf8mb3_general_ci NULL DEFAULT '4' COMMENT '数据范围（1：全部数据权限 2：自定数据权限 3：本部门数据权限 4：本部门及以下数据权限）',
  `menu_check_strictly` tinyint(1) NULL DEFAULT 1 COMMENT '菜单树选择项是否关联显示',
  `dept_check_strictly` tinyint(1) NULL DEFAULT 1 COMMENT '部门树选择项是否关联显示',
  `status` char(1) CHARACTER SET utf8mb3 COLLATE utf8mb3_general_ci NOT NULL COMMENT '角色状态（0正常 1停用）',
  `del_flag` char(1) CHARACTER SET utf8mb3 COLLATE utf8mb3_general_ci NULL DEFAULT '0' COMMENT '删除标志（0代表存在 2代表删除）',
  `create_by` varchar(64) CHARACTER SET utf8mb3 COLLATE utf8mb3_general_ci NULL DEFAULT '' COMMENT '创建者',
  `create_time` datetime NULL DEFAULT NULL COMMENT '创建时间',
  `update_by` varchar(64) CHARACTER SET utf8mb3 COLLATE utf8mb3_general_ci NULL DEFAULT '' COMMENT '更新者',
  `update_time` datetime NULL DEFAULT NULL COMMENT '更新时间',
  `remark` varchar(500) CHARACTER SET utf8mb3 COLLATE utf8mb3_general_ci NULL DEFAULT NULL COMMENT '备注',
  PRIMARY KEY (`role_id`) USING BTREE
) ENGINE = InnoDB AUTO_INCREMENT = 3 CHARACTER SET = utf8mb3 COLLATE = utf8mb3_general_ci COMMENT = '角色信息表' ROW_FORMAT = DYNAMIC;

-- ----------------------------
-- Records of sys_role
-- ----------------------------
INSERT INTO `sys_role` VALUES (1, '超级管理员', 'admin', 1, '1', 1, 1, '0', '0', 'admin', '2022-09-15 09:46:36', '', NULL, '超级管理员');
INSERT INTO `sys_role` VALUES (2, '系统管理员', 'system', 2, '4', 0, 0, '0', '0', 'admin', '2022-09-15 09:46:36', 'system', '2023-05-26 14:37:27', '系统管理员');

-- ----------------------------
-- Table structure for sys_role_dept
-- ----------------------------
DROP TABLE IF EXISTS `sys_role_dept`;
CREATE TABLE `sys_role_dept`  (
  `role_id` bigint NOT NULL COMMENT '角色ID',
  `dept_id` bigint NOT NULL COMMENT '部门ID',
  PRIMARY KEY (`role_id`, `dept_id`) USING BTREE
) ENGINE = InnoDB CHARACTER SET = utf8mb3 COLLATE = utf8mb3_general_ci COMMENT = '角色和部门关联表' ROW_FORMAT = DYNAMIC;

-- ----------------------------
-- Records of sys_role_dept
-- ----------------------------
INSERT INTO `sys_role_dept` VALUES (2, 100);

-- ----------------------------
-- Table structure for sys_role_menu
-- ----------------------------
DROP TABLE IF EXISTS `sys_role_menu`;
CREATE TABLE `sys_role_menu`  (
  `role_id` bigint NOT NULL COMMENT '角色ID',
  `menu_id` bigint NOT NULL COMMENT '菜单ID',
  PRIMARY KEY (`role_id`, `menu_id`) USING BTREE
) ENGINE = InnoDB CHARACTER SET = utf8mb3 COLLATE = utf8mb3_general_ci COMMENT = '角色和菜单关联表' ROW_FORMAT = DYNAMIC;

-- ----------------------------
-- Records of sys_role_menu
-- ----------------------------
INSERT INTO `sys_role_menu` VALUES (2, 1);
INSERT INTO `sys_role_menu` VALUES (2, 100);
INSERT INTO `sys_role_menu` VALUES (2, 101);
INSERT INTO `sys_role_menu` VALUES (2, 103);
INSERT INTO `sys_role_menu` VALUES (2, 104);
INSERT INTO `sys_role_menu` VALUES (2, 107);
INSERT INTO `sys_role_menu` VALUES (2, 108);
INSERT INTO `sys_role_menu` VALUES (2, 500);
INSERT INTO `sys_role_menu` VALUES (2, 501);
INSERT INTO `sys_role_menu` VALUES (2, 1000);
INSERT INTO `sys_role_menu` VALUES (2, 1001);
INSERT INTO `sys_role_menu` VALUES (2, 1002);
INSERT INTO `sys_role_menu` VALUES (2, 1003);
INSERT INTO `sys_role_menu` VALUES (2, 1006);
INSERT INTO `sys_role_menu` VALUES (2, 1007);
INSERT INTO `sys_role_menu` VALUES (2, 1008);
INSERT INTO `sys_role_menu` VALUES (2, 1009);
INSERT INTO `sys_role_menu` VALUES (2, 1010);
INSERT INTO `sys_role_menu` VALUES (2, 1016);
INSERT INTO `sys_role_menu` VALUES (2, 1017);
INSERT INTO `sys_role_menu` VALUES (2, 1018);
INSERT INTO `sys_role_menu` VALUES (2, 1019);
INSERT INTO `sys_role_menu` VALUES (2, 1020);
INSERT INTO `sys_role_menu` VALUES (2, 1021);
INSERT INTO `sys_role_menu` VALUES (2, 1022);
INSERT INTO `sys_role_menu` VALUES (2, 1023);
INSERT INTO `sys_role_menu` VALUES (2, 1035);
INSERT INTO `sys_role_menu` VALUES (2, 1036);
INSERT INTO `sys_role_menu` VALUES (2, 1037);
INSERT INTO `sys_role_menu` VALUES (2, 1038);
INSERT INTO `sys_role_menu` VALUES (2, 1039);
INSERT INTO `sys_role_menu` VALUES (2, 1040);
INSERT INTO `sys_role_menu` VALUES (2, 1041);
INSERT INTO `sys_role_menu` VALUES (2, 1042);
INSERT INTO `sys_role_menu` VALUES (2, 1043);
INSERT INTO `sys_role_menu` VALUES (2, 1044);
INSERT INTO `sys_role_menu` VALUES (2, 1500);
INSERT INTO `sys_role_menu` VALUES (2, 1501);
INSERT INTO `sys_role_menu` VALUES (2, 1502);
INSERT INTO `sys_role_menu` VALUES (2, 1506);
INSERT INTO `sys_role_menu` VALUES (2, 1507);
INSERT INTO `sys_role_menu` VALUES (2, 1509);
INSERT INTO `sys_role_menu` VALUES (2, 1510);
INSERT INTO `sys_role_menu` VALUES (2, 1511);
INSERT INTO `sys_role_menu` VALUES (2, 1512);
INSERT INTO `sys_role_menu` VALUES (2, 1513);
INSERT INTO `sys_role_menu` VALUES (2, 1514);
INSERT INTO `sys_role_menu` VALUES (2, 1515);
INSERT INTO `sys_role_menu` VALUES (2, 1516);
INSERT INTO `sys_role_menu` VALUES (2, 1517);
INSERT INTO `sys_role_menu` VALUES (2, 1518);
INSERT INTO `sys_role_menu` VALUES (2, 1519);
INSERT INTO `sys_role_menu` VALUES (2, 1520);
INSERT INTO `sys_role_menu` VALUES (2, 1521);
INSERT INTO `sys_role_menu` VALUES (2, 1522);
INSERT INTO `sys_role_menu` VALUES (2, 1523);
INSERT INTO `sys_role_menu` VALUES (2, 1524);
INSERT INTO `sys_role_menu` VALUES (2, 1525);
INSERT INTO `sys_role_menu` VALUES (2, 1526);
INSERT INTO `sys_role_menu` VALUES (2, 1527);
INSERT INTO `sys_role_menu` VALUES (2, 1528);
INSERT INTO `sys_role_menu` VALUES (2, 1529);
INSERT INTO `sys_role_menu` VALUES (2, 1530);
INSERT INTO `sys_role_menu` VALUES (2, 1531);
INSERT INTO `sys_role_menu` VALUES (2, 1532);
INSERT INTO `sys_role_menu` VALUES (2, 1533);
INSERT INTO `sys_role_menu` VALUES (2, 1534);
INSERT INTO `sys_role_menu` VALUES (2, 1536);
INSERT INTO `sys_role_menu` VALUES (2, 1537);
INSERT INTO `sys_role_menu` VALUES (2, 1538);
INSERT INTO `sys_role_menu` VALUES (2, 1539);
INSERT INTO `sys_role_menu` VALUES (2, 1540);
INSERT INTO `sys_role_menu` VALUES (2, 1541);
INSERT INTO `sys_role_menu` VALUES (2, 1542);
INSERT INTO `sys_role_menu` VALUES (2, 1543);
INSERT INTO `sys_role_menu` VALUES (2, 1544);
INSERT INTO `sys_role_menu` VALUES (2, 1545);
INSERT INTO `sys_role_menu` VALUES (2, 1547);
INSERT INTO `sys_role_menu` VALUES (2, 1550);
INSERT INTO `sys_role_menu` VALUES (2, 1551);
INSERT INTO `sys_role_menu` VALUES (2, 1552);
INSERT INTO `sys_role_menu` VALUES (2, 1553);
INSERT INTO `sys_role_menu` VALUES (2, 1554);
INSERT INTO `sys_role_menu` VALUES (2, 1555);
INSERT INTO `sys_role_menu` VALUES (2, 1556);
INSERT INTO `sys_role_menu` VALUES (2, 1557);
INSERT INTO `sys_role_menu` VALUES (2, 1558);
INSERT INTO `sys_role_menu` VALUES (2, 1559);
INSERT INTO `sys_role_menu` VALUES (2, 1560);
INSERT INTO `sys_role_menu` VALUES (2, 1561);
INSERT INTO `sys_role_menu` VALUES (2, 1562);
INSERT INTO `sys_role_menu` VALUES (2, 1563);
INSERT INTO `sys_role_menu` VALUES (2, 1564);
INSERT INTO `sys_role_menu` VALUES (2, 1567);
INSERT INTO `sys_role_menu` VALUES (2, 1568);
INSERT INTO `sys_role_menu` VALUES (2, 1569);
INSERT INTO `sys_role_menu` VALUES (2, 1570);
INSERT INTO `sys_role_menu` VALUES (2, 1571);
INSERT INTO `sys_role_menu` VALUES (2, 1572);
INSERT INTO `sys_role_menu` VALUES (2, 1574);
INSERT INTO `sys_role_menu` VALUES (2, 1575);
INSERT INTO `sys_role_menu` VALUES (2, 1576);
INSERT INTO `sys_role_menu` VALUES (2, 1577);
INSERT INTO `sys_role_menu` VALUES (2, 1578);
INSERT INTO `sys_role_menu` VALUES (2, 1579);
INSERT INTO `sys_role_menu` VALUES (2, 1580);
INSERT INTO `sys_role_menu` VALUES (2, 1581);
INSERT INTO `sys_role_menu` VALUES (2, 1582);
INSERT INTO `sys_role_menu` VALUES (2, 1583);
INSERT INTO `sys_role_menu` VALUES (2, 1584);
INSERT INTO `sys_role_menu` VALUES (2, 1585);
INSERT INTO `sys_role_menu` VALUES (2, 1586);
INSERT INTO `sys_role_menu` VALUES (2, 1587);
INSERT INTO `sys_role_menu` VALUES (2, 1588);
INSERT INTO `sys_role_menu` VALUES (2, 1589);
INSERT INTO `sys_role_menu` VALUES (2, 1590);
INSERT INTO `sys_role_menu` VALUES (2, 1591);
INSERT INTO `sys_role_menu` VALUES (2, 1593);
INSERT INTO `sys_role_menu` VALUES (2, 1594);
INSERT INTO `sys_role_menu` VALUES (2, 1595);
INSERT INTO `sys_role_menu` VALUES (2, 1596);
INSERT INTO `sys_role_menu` VALUES (2, 1597);
INSERT INTO `sys_role_menu` VALUES (2, 1598);
INSERT INTO `sys_role_menu` VALUES (2, 1599);
INSERT INTO `sys_role_menu` VALUES (2, 1600);
INSERT INTO `sys_role_menu` VALUES (2, 1601);
INSERT INTO `sys_role_menu` VALUES (2, 1602);
INSERT INTO `sys_role_menu` VALUES (2, 1603);
INSERT INTO `sys_role_menu` VALUES (2, 1604);
INSERT INTO `sys_role_menu` VALUES (2, 1605);
INSERT INTO `sys_role_menu` VALUES (2, 1606);
INSERT INTO `sys_role_menu` VALUES (2, 1607);
INSERT INTO `sys_role_menu` VALUES (2, 1608);
INSERT INTO `sys_role_menu` VALUES (2, 1609);
INSERT INTO `sys_role_menu` VALUES (2, 1610);
INSERT INTO `sys_role_menu` VALUES (2, 1611);
INSERT INTO `sys_role_menu` VALUES (2, 1612);
INSERT INTO `sys_role_menu` VALUES (2, 1614);
INSERT INTO `sys_role_menu` VALUES (2, 1615);
INSERT INTO `sys_role_menu` VALUES (2, 1616);
INSERT INTO `sys_role_menu` VALUES (2, 1617);
INSERT INTO `sys_role_menu` VALUES (2, 1618);
INSERT INTO `sys_role_menu` VALUES (2, 1619);
INSERT INTO `sys_role_menu` VALUES (2, 1620);
INSERT INTO `sys_role_menu` VALUES (2, 1621);
INSERT INTO `sys_role_menu` VALUES (2, 1622);
INSERT INTO `sys_role_menu` VALUES (2, 1623);
INSERT INTO `sys_role_menu` VALUES (2, 1624);
INSERT INTO `sys_role_menu` VALUES (2, 1625);
INSERT INTO `sys_role_menu` VALUES (2, 1626);
INSERT INTO `sys_role_menu` VALUES (2, 1627);
INSERT INTO `sys_role_menu` VALUES (2, 1628);
INSERT INTO `sys_role_menu` VALUES (2, 1629);
INSERT INTO `sys_role_menu` VALUES (2, 1630);
INSERT INTO `sys_role_menu` VALUES (2, 1631);
INSERT INTO `sys_role_menu` VALUES (2, 1632);
INSERT INTO `sys_role_menu` VALUES (2, 1633);
INSERT INTO `sys_role_menu` VALUES (2, 1634);
INSERT INTO `sys_role_menu` VALUES (2, 1635);
INSERT INTO `sys_role_menu` VALUES (2, 1636);
INSERT INTO `sys_role_menu` VALUES (2, 1637);
INSERT INTO `sys_role_menu` VALUES (2, 1638);
INSERT INTO `sys_role_menu` VALUES (2, 1639);
INSERT INTO `sys_role_menu` VALUES (2, 1642);
INSERT INTO `sys_role_menu` VALUES (2, 1643);
INSERT INTO `sys_role_menu` VALUES (2, 1644);
INSERT INTO `sys_role_menu` VALUES (2, 1645);
INSERT INTO `sys_role_menu` VALUES (2, 1646);
INSERT INTO `sys_role_menu` VALUES (2, 1647);
INSERT INTO `sys_role_menu` VALUES (2, 1648);
INSERT INTO `sys_role_menu` VALUES (2, 1649);
INSERT INTO `sys_role_menu` VALUES (2, 1650);
INSERT INTO `sys_role_menu` VALUES (2, 1651);
INSERT INTO `sys_role_menu` VALUES (2, 1652);
INSERT INTO `sys_role_menu` VALUES (2, 1653);
INSERT INTO `sys_role_menu` VALUES (2, 1654);
INSERT INTO `sys_role_menu` VALUES (2, 1655);
INSERT INTO `sys_role_menu` VALUES (2, 1656);
INSERT INTO `sys_role_menu` VALUES (2, 1657);
INSERT INTO `sys_role_menu` VALUES (2, 1658);
INSERT INTO `sys_role_menu` VALUES (2, 1659);
INSERT INTO `sys_role_menu` VALUES (2, 1660);

-- ----------------------------
-- Table structure for sys_role_plat
-- ----------------------------
DROP TABLE IF EXISTS `sys_role_plat`;
CREATE TABLE `sys_role_plat`  (
  `role_id` bigint NOT NULL DEFAULT 0 COMMENT '角色id，表sys_role',
  `menu_plat` varchar(100) CHARACTER SET utf8mb3 COLLATE utf8mb3_general_ci NOT NULL DEFAULT 'OFFICE' COMMENT '角色平台，见字典sys_menu_plat'
) ENGINE = InnoDB CHARACTER SET = utf8mb3 COLLATE = utf8mb3_general_ci COMMENT = '角色-平台关联表' ROW_FORMAT = DYNAMIC;

-- ----------------------------
-- Records of sys_role_plat
-- ----------------------------
INSERT INTO `sys_role_plat` VALUES (1, 'OFFICE');
INSERT INTO `sys_role_plat` VALUES (1, 'PUBLICITY');
INSERT INTO `sys_role_plat` VALUES (1, 'TENDER');
INSERT INTO `sys_role_plat` VALUES (2, 'OFFICE');
INSERT INTO `sys_role_plat` VALUES (2, 'PUBLICITY');
INSERT INTO `sys_role_plat` VALUES (2, 'TENDER');

-- ----------------------------
-- Table structure for sys_user
-- ----------------------------
DROP TABLE IF EXISTS `sys_user`;
CREATE TABLE `sys_user`  (
  `user_id` bigint NOT NULL AUTO_INCREMENT COMMENT '用户ID',
  `dept_id` bigint NULL DEFAULT NULL COMMENT '部门ID',
  `user_name` varchar(30) CHARACTER SET utf8mb3 COLLATE utf8mb3_general_ci NOT NULL COMMENT '用户账号',
  `nick_name` varchar(30) CHARACTER SET utf8mb3 COLLATE utf8mb3_general_ci NOT NULL COMMENT '用户昵称',
  `user_type` varchar(2) CHARACTER SET utf8mb3 COLLATE utf8mb3_general_ci NULL DEFAULT '00' COMMENT '用户类型（00系统用户）',
  `email` varchar(50) CHARACTER SET utf8mb3 COLLATE utf8mb3_general_ci NULL DEFAULT '' COMMENT '用户邮箱',
  `phonenumber` varchar(11) CHARACTER SET utf8mb3 COLLATE utf8mb3_general_ci NULL DEFAULT '' COMMENT '手机号码',
  `sex` char(1) CHARACTER SET utf8mb3 COLLATE utf8mb3_general_ci NULL DEFAULT '0' COMMENT '用户性别（0男 1女 2未知）',
  `avatar` varchar(100) CHARACTER SET utf8mb3 COLLATE utf8mb3_general_ci NULL DEFAULT '' COMMENT '头像地址',
  `password` varchar(100) CHARACTER SET utf8mb3 COLLATE utf8mb3_general_ci NULL DEFAULT '' COMMENT '密码',
  `status` char(1) CHARACTER SET utf8mb3 COLLATE utf8mb3_general_ci NULL DEFAULT '0' COMMENT '帐号状态（0正常 1停用）',
  `del_flag` char(1) CHARACTER SET utf8mb3 COLLATE utf8mb3_general_ci NULL DEFAULT '0' COMMENT '删除标志（0代表存在 2代表删除）',
  `login_ip` varchar(128) CHARACTER SET utf8mb3 COLLATE utf8mb3_general_ci NULL DEFAULT '' COMMENT '最后登录IP',
  `login_date` datetime NULL DEFAULT NULL COMMENT '最后登录时间',
  `create_by` varchar(64) CHARACTER SET utf8mb3 COLLATE utf8mb3_general_ci NULL DEFAULT '' COMMENT '创建者',
  `create_time` datetime NULL DEFAULT NULL COMMENT '创建时间',
  `update_by` varchar(64) CHARACTER SET utf8mb3 COLLATE utf8mb3_general_ci NULL DEFAULT '' COMMENT '更新者',
  `update_time` datetime NULL DEFAULT NULL COMMENT '更新时间',
  `remark` varchar(500) CHARACTER SET utf8mb3 COLLATE utf8mb3_general_ci NULL DEFAULT NULL COMMENT '备注',
  PRIMARY KEY (`user_id`) USING BTREE
) ENGINE = InnoDB AUTO_INCREMENT = 4 CHARACTER SET = utf8mb3 COLLATE = utf8mb3_general_ci COMMENT = '用户信息表' ROW_FORMAT = DYNAMIC;

-- ----------------------------
-- Records of sys_user
-- ----------------------------
INSERT INTO `sys_user` VALUES (1, 1, 'admin', '超级管理员', '00', 'admin@163.com', '15888888888', '1', 'http://gov.szcjzhxq.com:8084/profile/avatar/2023/05/12/blob_20230512165542A001.jpeg', '$2a$10$zxgPqI4codM7nbS66Dtzwul2GqK9ebVAaRfhe0xbs3t37OSNLaY3e', '0', '0', '127.0.0.1', '2023-05-22 13:40:28', 'admin', '2022-09-15 09:46:35', '', '2023-05-22 13:40:14', '超级管理员');
INSERT INTO `sys_user` VALUES (2, 100, 'system', '系统管理员', '00', 'system@qq.com', '15666666666', '1', 'http://gov.szcjzhxq.com:8084/profile/avatar/2023/05/15/blob_20230515092325A002.jpeg', '$2a$10$QmicQPFXph21Lv3n7e4fced5yRbWJxcjU6WMAIuhlA6Csx5l5VgJu', '0', '0', '172.16.205.10', '2023-11-09 10:01:40', 'admin', '2022-09-15 09:46:35', 'system', '2023-11-09 10:00:00', '系统管理员1');
INSERT INTO `sys_user` VALUES (3, 100, '16600000000', '物业办管理员', '00', '', '16600000000', '0', '', '$2a$10$Kp5PDSvcttmsop65cXco3uviU.p1DvqqY35KDTi.MGaZXDcGPGdGO', '0', '0', '', NULL, 'system', '2023-05-12 15:45:22', 'system', '2023-05-12 15:52:20', NULL);

-- ----------------------------
-- Table structure for sys_user_post
-- ----------------------------
DROP TABLE IF EXISTS `sys_user_post`;
CREATE TABLE `sys_user_post`  (
  `user_id` bigint NOT NULL COMMENT '用户ID',
  `post_id` bigint NOT NULL COMMENT '岗位ID',
  PRIMARY KEY (`user_id`, `post_id`) USING BTREE
) ENGINE = InnoDB CHARACTER SET = utf8mb3 COLLATE = utf8mb3_general_ci COMMENT = '用户与岗位关联表' ROW_FORMAT = DYNAMIC;

-- ----------------------------
-- Records of sys_user_post
-- ----------------------------
INSERT INTO `sys_user_post` VALUES (3, 1);

-- ----------------------------
-- Table structure for sys_user_role
-- ----------------------------
DROP TABLE IF EXISTS `sys_user_role`;
CREATE TABLE `sys_user_role`  (
  `user_id` bigint NOT NULL COMMENT '用户ID',
  `role_id` bigint NOT NULL COMMENT '角色ID',
  PRIMARY KEY (`user_id`, `role_id`) USING BTREE
) ENGINE = InnoDB CHARACTER SET = utf8mb3 COLLATE = utf8mb3_general_ci COMMENT = '用户和角色关联表' ROW_FORMAT = DYNAMIC;

-- ----------------------------
-- Records of sys_user_role
-- ----------------------------
INSERT INTO `sys_user_role` VALUES (1, 1);
INSERT INTO `sys_user_role` VALUES (2, 2);
INSERT INTO `sys_user_role` VALUES (3, 2);

SET FOREIGN_KEY_CHECKS = 1;
